fuente_financiamiento,funcion,anho,monto
30-RECURSOS INSTITUCIONALES,412-PETROLEO Y GAS,2012,4350131645887
20-RECURSOS DEL CREDITO PUBLICO,481-INTERMEDIACION FINANCIERA,2012,4097070515419
30-RECURSOS INSTITUCIONALES,412-PETROLEO Y GAS,2011,4052792160831
30-RECURSOS INSTITUCIONALES,413-ELECTRICIDAD,2015,4049126342629
30-RECURSOS INSTITUCIONALES,334-SERVICIOS DE JUBILACIONES Y PENSIONES,2015,4027973502127
20-RECURSOS DEL CREDITO PUBLICO,132-ADMINISTRACIÓN GENERAL,2012,3948460159843
30-RECURSOS INSTITUCIONALES,412-PETROLEO Y GAS,2013,3734813768889
30-RECURSOS INSTITUCIONALES,413-ELECTRICIDAD,2014,3516280754065
30-RECURSOS INSTITUCIONALES,334-SERVICIOS DE JUBILACIONES Y PENSIONES,2014,3502182599401
30-RECURSOS INSTITUCIONALES,413-ELECTRICIDAD,2013,3444642380781
30-RECURSOS INSTITUCIONALES,412-PETROLEO Y GAS,2014,3314562743032
30-RECURSOS INSTITUCIONALES,334-SERVICIOS DE JUBILACIONES Y PENSIONES,2013,3259101518687
30-RECURSOS INSTITUCIONALES,413-ELECTRICIDAD,2012,3180028561890
30-RECURSOS INSTITUCIONALES,413-ELECTRICIDAD,2011,3068873132602
10-RECURSOS DEL TESORO,341-EDUCACION ELEMENTAL,2015,2716966135180
30-RECURSOS INSTITUCIONALES,481-INTERMEDIACION FINANCIERA,2013,2680532815291
30-RECURSOS INSTITUCIONALES,481-INTERMEDIACION FINANCIERA,2014,2655731524466
30-RECURSOS INSTITUCIONALES,334-SERVICIOS DE JUBILACIONES Y PENSIONES,2012,2645026601944
30-RECURSOS INSTITUCIONALES,481-INTERMEDIACION FINANCIERA,2015,2594995342979
10-RECURSOS DEL TESORO,343-EDUCACION SUPERIOR Y UNIVERSITARIA,2014,2518901488832
10-RECURSOS DEL TESORO,341-EDUCACION ELEMENTAL,2014,2508596620757
10-RECURSOS DEL TESORO,341-EDUCACION ELEMENTAL,2013,2441694689575
30-RECURSOS INSTITUCIONALES,412-PETROLEO Y GAS,2015,2421159995616
20-RECURSOS DEL CREDITO PUBLICO,491-SERVICIOS DE OBRAS PÚBLICAS,2015,2328924854667
30-RECURSOS INSTITUCIONALES,311-ATENCION MEDICA,2015,2306326486371
10-RECURSOS DEL TESORO,341-EDUCACION ELEMENTAL,2012,2304584716448
10-RECURSOS DEL TESORO,343-EDUCACION SUPERIOR Y UNIVERSITARIA,2013,2302741015049
30-RECURSOS INSTITUCIONALES,311-ATENCION MEDICA,2014,2299841839068
10-RECURSOS DEL TESORO,121-JUDICIAL,2015,2153306111585
10-RECURSOS DEL TESORO,311-ATENCION MEDICA,2014,2152117149763
30-RECURSOS INSTITUCIONALES,334-SERVICIOS DE JUBILACIONES Y PENSIONES,2011,2140236674357
10-RECURSOS DEL TESORO,221-ORDEN PÚBLICO Y SEGURIDAD INTERIOR,2015,2136272569743
10-RECURSOS DEL TESORO,311-ATENCION MEDICA,2013,2099352983204
30-RECURSOS INSTITUCIONALES,481-INTERMEDIACION FINANCIERA,2012,2085766304240
10-RECURSOS DEL TESORO,343-EDUCACION SUPERIOR Y UNIVERSITARIA,2012,2047871712583
10-RECURSOS DEL TESORO,311-ATENCION MEDICA,2012,2006968781211
20-RECURSOS DEL CREDITO PUBLICO,491-SERVICIOS DE OBRAS PÚBLICAS,2014,1985642723277
10-RECURSOS DEL TESORO,121-JUDICIAL,2014,1949715178808
10-RECURSOS DEL TESORO,349-EDUCACION Y CULTURA SIN DISCRIMINAR,2015,1931424041106
10-RECURSOS DEL TESORO,341-EDUCACION ELEMENTAL,2011,1875292798219
10-RECURSOS DEL TESORO,311-ATENCION MEDICA,2015,1872712255556
10-RECURSOS DEL TESORO,221-ORDEN PÚBLICO Y SEGURIDAD INTERIOR,2014,1857582126322
10-RECURSOS DEL TESORO,121-JUDICIAL,2013,1837168410846
30-RECURSOS INSTITUCIONALES,311-ATENCION MEDICA,2013,1810404698949
30-RECURSOS INSTITUCIONALES,311-ATENCION MEDICA,2012,1777495376928
10-RECURSOS DEL TESORO,221-ORDEN PÚBLICO Y SEGURIDAD INTERIOR,2013,1762745401391
10-RECURSOS DEL TESORO,334-SERVICIOS DE JUBILACIONES Y PENSIONES,2015,1747906711201
30-RECURSOS INSTITUCIONALES,325-SERVICIOS SOCIALES DE LOS GOB. DEPARTAMENTALES,2015,1714024832147
10-RECURSOS DEL TESORO,121-JUDICIAL,2012,1713461129289
30-RECURSOS INSTITUCIONALES,481-INTERMEDIACION FINANCIERA,2011,1642285673233
30-RECURSOS INSTITUCIONALES,325-SERVICIOS SOCIALES DE LOS GOB. DEPARTAMENTALES,2013,1609583698301
10-RECURSOS DEL TESORO,343-EDUCACION SUPERIOR Y UNIVERSITARIA,2011,1599067848219
10-RECURSOS DEL TESORO,511-SERVICIOS DE LA DEUDA PÚBLICA,2011,1509361870678
10-RECURSOS DEL TESORO,221-ORDEN PÚBLICO Y SEGURIDAD INTERIOR,2012,1495844166883
30-RECURSOS INSTITUCIONALES,325-SERVICIOS SOCIALES DE LOS GOB. DEPARTAMENTALES,2014,1485914155853
10-RECURSOS DEL TESORO,311-ATENCION MEDICA,2011,1444754651173
10-RECURSOS DEL TESORO,334-SERVICIOS DE JUBILACIONES Y PENSIONES,2014,1444009145771
10-RECURSOS DEL TESORO,121-JUDICIAL,2011,1410505855343
20-RECURSOS DEL CREDITO PUBLICO,511-SERVICIOS DE LA DEUDA PÚBLICA,2015,1398430781042
30-RECURSOS INSTITUCIONALES,311-ATENCION MEDICA,2011,1395297130673
10-RECURSOS DEL TESORO,211-SERVICIOS DE SEGURIDAD NACIONAL,2015,1389358053340
10-RECURSOS DEL TESORO,334-SERVICIOS DE JUBILACIONES Y PENSIONES,2013,1315345684779
20-RECURSOS DEL CREDITO PUBLICO,492-INVERSIÓN SERVICIOS ECONÓMICOS,2014,1309045544742
10-RECURSOS DEL TESORO,343-EDUCACION SUPERIOR Y UNIVERSITARIA,2015,1304118786545
10-RECURSOS DEL TESORO,211-SERVICIOS DE SEGURIDAD NACIONAL,2014,1234674760045
10-RECURSOS DEL TESORO,221-ORDEN PÚBLICO Y SEGURIDAD INTERIOR,2011,1216257749814
10-RECURSOS DEL TESORO,319-SALUD SIN DISCRIMINAR,2015,1187595547945
20-RECURSOS DEL CREDITO PUBLICO,511-SERVICIOS DE LA DEUDA PÚBLICA,2014,1185748041565
10-RECURSOS DEL TESORO,211-SEGURIDAD NACIONAL,2013,1160929953556
20-RECURSOS DEL CREDITO PUBLICO,491-SERVICIOS DE OBRAS PÚBLICAS,2013,1092721002061
10-RECURSOS DEL TESORO,325-SERVICIOS SOCIALES DE LOS GOB. DEPARTAMENTALES,2015,1083963500531
10-RECURSOS DEL TESORO,325-SERVICIOS SOCIALES DE LOS GOB. DEPARTAMENTALES,2014,1082396410105
30-RECURSOS INSTITUCIONALES,134-ADMINISTRACIÓN MUNICIPAL,2012,1076893120606
10-RECURSOS DEL TESORO,211-DEFENSA MILITAR,2012,1065557534650
20-RECURSOS DEL CREDITO PUBLICO,492-INVERSIÓN SERVICIOS ECONÓMICOS,2015,1030247589164
10-RECURSOS DEL TESORO,334-SERVICIOS DE JUBILACIONES Y PENSIONES,2012,1021493340800
10-RECURSOS DEL TESORO,491-SERVICIOS DE OBRAS PÚBLICAS,2012,989630015345
10-RECURSOS DEL TESORO,342-EDUCACION MEDIA Y TECNICA,2015,968118570401
10-RECURSOS DEL TESORO,211-DEFENSA MILITAR,2011,904690005183
10-RECURSOS DEL TESORO,511-SERVICIOS DE LA DEUDA PÚBLICA,2015,904162796354
10-RECURSOS DEL TESORO,342-EDUCACION MEDIA Y TECNICA,2014,903587751228
10-RECURSOS DEL TESORO,323-SERVICIOS DE ACCIÓN SOCIAL,2015,900693241279
10-RECURSOS DEL TESORO,342-EDUCACION MEDIA Y TECNICA,2012,893452716735
10-RECURSOS DEL TESORO,342-EDUCACION MEDIA Y TECNICA,2013,888564113517
20-RECURSOS DEL CREDITO PUBLICO,511-SERVICIOS DE LA DEUDA PÚBLICA,2012,868207354799
10-RECURSOS DEL TESORO,491-SERVICIOS DE OBRAS PÚBLICAS,2013,858467950139
10-RECURSOS DEL TESORO,319-SALUD SIN DISCRIMINAR,2014,816933088608
20-RECURSOS DEL CREDITO PUBLICO,511-SERVICIOS DE LA DEUDA PÚBLICA,2013,801589039061
10-RECURSOS DEL TESORO,342-EDUCACION MEDIA Y TECNICA,2011,795108588505
10-RECURSOS DEL TESORO,325-SERVICIOS SOCIALES DE LOS GOB. DEPARTAMENTALES,2012,773488627648
20-RECURSOS DEL CREDITO PUBLICO,413-ELECTRICIDAD,2015,764721984674
30-RECURSOS INSTITUCIONALES,331-ADMINISTRACION DE LOS SERVICIOS DE SEGURIDAD SOCIAL,2015,758579298808
30-RECURSOS INSTITUCIONALES,325-SERVICIOS SOCIALES DE LOS GOB. DEPARTAMENTALES,2012,689336664847
10-RECURSOS DEL TESORO,325-SERVICIOS SOCIALES DE LOS GOB. DEPARTAMENTALES,2013,686590064895
10-RECURSOS DEL TESORO,349-EDUCACION Y CULTURA SIN DISCRIMINAR,2014,685073730222
20-RECURSOS DEL CREDITO PUBLICO,481-INTERMEDIACION FINANCIERA,2015,657935811333
20-RECURSOS DEL CREDITO PUBLICO,413-ELECTRICIDAD,2014,645317436050
10-RECURSOS DEL TESORO,323-SERVICIOS DE ACCIÓN SOCIAL,2014,637882513111
10-RECURSOS DEL TESORO,511-SERVICIOS DE LA DEUDA PÚBLICA,2012,634573939041
10-RECURSOS DEL TESORO,325-SERVICIOS SOCIALES DE LOS GOB. DEPARTAMENTALES,2011,622018741088
10-RECURSOS DEL TESORO,334-SERVICIOS DE JUBILACIONES Y PENSIONES,2011,618482249795
10-RECURSOS DEL TESORO,511-SERVICIOS DE LA DEUDA PÚBLICA,2013,600701896852
10-RECURSOS DEL TESORO,511-SERVICIOS DE LA DEUDA PÚBLICA,2014,597771126113
10-RECURSOS DEL TESORO,323-SERVICIOS DE ACCIÓN SOCIAL,2011,586081168973
10-RECURSOS DEL TESORO,319-SALUD SIN DISCRIMINAR,2011,577881154540
30-RECURSOS INSTITUCIONALES,331-ADMINISTRACION Y PROMOCION,2011,557570786805
10-RECURSOS DEL TESORO,491-SERVICIOS DE OBRAS PÚBLICAS,2011,556511934236
10-RECURSOS DEL TESORO,323-SERVICIOS DE ACCIÓN SOCIAL,2013,533771573122
30-RECURSOS INSTITUCIONALES,334-SERVICIOS DE JUBILACIONES Y PENSIONES,2016,521781547468
30-RECURSOS INSTITUCIONALES,461-PRODUCCION INDUSTRIAL,2015,512358065222
10-RECURSOS DEL TESORO,319-SALUD SIN DISCRIMINAR,2012,510560615090
10-RECURSOS DEL TESORO,326-SERVICIOS SOCIALES PARA LA REFORMA AGRARIA Y COLONIZACION,2012,497890930271
10-RECURSOS DEL TESORO,371-VIVIENDA Y URBANISMO,2013,497306599859
30-RECURSOS INSTITUCIONALES,331-ADMINISTRACION DE LOS SERVICIOS DE SEGURIDAD SOCIAL,2014,491875951839
10-RECURSOS DEL TESORO,349-EDUCACION Y CULTURA SIN DISCRIMINAR,2013,491124997418
30-RECURSOS INSTITUCIONALES,461-PRODUCCION INDUSTRIAL,2014,488293097254
30-RECURSOS INSTITUCIONALES,331-ADMINISTRACION Y PROMOCION,2013,484653253561
30-RECURSOS INSTITUCIONALES,319-SALUD SIN DISCRIMINAR,2015,482262270225
20-RECURSOS DEL CREDITO PUBLICO,491-SERVICIOS DE OBRAS PÚBLICAS,2012,476523938535
30-RECURSOS INSTITUCIONALES,461-PRODUCCION INDUSTRIAL,2012,471652276037
20-RECURSOS DEL CREDITO PUBLICO,491-SERVICIOS DE OBRAS PÚBLICAS,2011,459311209733
10-RECURSOS DEL TESORO,371-VIVIENDA Y URBANISMO,2012,451482556785
30-RECURSOS INSTITUCIONALES,511-SERVICIOS DE LA DEUDA PÚBLICA,2015,447169229742
10-RECURSOS DEL TESORO,323-SERVICIOS DE ACCIÓN SOCIAL,2012,441818268458
10-RECURSOS DEL TESORO,143-ADMINISTRACION FINANCIERA Y CONTROL GUBERNAMENTAL,2011,430938783663
10-RECURSOS DEL TESORO,111-LEGISLATIVA,2015,426645764599
10-RECURSOS DEL TESORO,111-LEGISLATIVA,2014,419169704671
30-RECURSOS INSTITUCIONALES,"333-VEJEZ, INCAPACIDAD Y SUPERVIVENCIA",2014,418928233915
30-RECURSOS INSTITUCIONALES,511-SERVICIOS DE LA DEUDA PÚBLICA,2014,417869606142
30-RECURSOS INSTITUCIONALES,132-ADMINISTRACIÓN GENERAL,2013,412983801287
20-RECURSOS DEL CREDITO PUBLICO,481-INTERMEDIACION FINANCIERA,2014,409095860846
10-RECURSOS DEL TESORO,111-LEGISLATIVA,2013,408443935239
30-RECURSOS INSTITUCIONALES,611-REGULACIÓN Y CONTROL DE SERVICIOS DE TELECOMUNICACIÓN,2015,398143344990
30-RECURSOS INSTITUCIONALES,134-ADMINISTRACIÓN MUNICIPAL,2011,393899060853
30-RECURSOS INSTITUCIONALES,325-SERVICIOS SOCIALES DE LOS GOB. DEPARTAMENTALES,2011,390124694353
10-RECURSOS DEL TESORO,319-SALUD SIN DISCRIMINAR,2013,389443449567
10-RECURSOS DEL TESORO,349-EDUCACION Y CULTURA SIN DISCRIMINAR,2012,388630782112
30-RECURSOS INSTITUCIONALES,"333-VEJEZ, INCAPACIDAD Y SUPERVIVENCIA",2012,388478295133
30-RECURSOS INSTITUCIONALES,323-SERVICIOS DE ACCIÓN SOCIAL,2011,380490799788
30-RECURSOS INSTITUCIONALES,331-ADMINISTRACION Y PROMOCION,2012,380352886673
10-RECURSOS DEL TESORO,"459-AGRICULTURA , GANADERIA, CAZA Y PESCA SIN DISCRIMINAR",2015,380066323577
10-RECURSOS DEL TESORO,111-LEGISLATIVA,2012,378164431825
30-RECURSOS INSTITUCIONALES,142-CONTROL FISCAL,2014,369077641530
10-RECURSOS DEL TESORO,326-SERVICIOS SOCIALES PARA LA REFORMA AGRARIA Y COLONIZACION,2011,358175225066
30-RECURSOS INSTITUCIONALES,323-SERVICIOS DE ACCIÓN SOCIAL,2015,343842763788
10-RECURSOS DEL TESORO,371-VIVIENDA Y URBANISMO,2014,339256262862
10-RECURSOS DEL TESORO,111-LEGISLATIVA,2011,336242289717
10-RECURSOS DEL TESORO,511-SERVICIOS DE LA DEUDA PÚBLICA,2016,335842500370
30-RECURSOS INSTITUCIONALES,461-PRODUCCION INDUSTRIAL,2011,332533050044
30-RECURSOS INSTITUCIONALES,326-SERVICIOS SOCIALES PARA LA REFORMA AGRARIA Y COLONIZACION,2012,327800342539
30-RECURSOS INSTITUCIONALES,"333-VEJEZ, INCAPACIDAD Y SUPERVIVENCIA",2015,327331794253
20-RECURSOS DEL CREDITO PUBLICO,511-SERVICIOS DE LA DEUDA PÚBLICA,2016,325969628961
10-RECURSOS DEL TESORO,349-EDUCACION Y CULTURA SIN DISCRIMINAR,2011,324970433202
30-RECURSOS INSTITUCIONALES,132-ADMINISTRACIÓN GENERAL,2012,322175274967
30-RECURSOS INSTITUCIONALES,319-SALUD SIN DISCRIMINAR,2014,320632806333
30-RECURSOS INSTITUCIONALES,142-CONTROL FISCAL,2015,319850611954
30-RECURSOS INSTITUCIONALES,491-SERVICIOS DE OBRAS PÚBLICAS,2015,318753999776
30-RECURSOS INSTITUCIONALES,"329-PROMOCION,ASISTENCIA Y ACCION SOCIAL SIN DISCRIMINAR",2015,317952943344
30-RECURSOS INSTITUCIONALES,"333-VEJEZ, INCAPACIDAD Y SUPERVIVENCIA",2013,315072935373
10-RECURSOS DEL TESORO,371-VIVIENDA Y URBANISMO,2011,313406680714
10-RECURSOS DEL TESORO,326-SERVICIOS SOCIALES PARA LA REFORMA AGRARIA Y COLONIZACION,2013,311282732036
30-RECURSOS INSTITUCIONALES,511-SERVICIOS DE LA DEUDA PÚBLICA,2013,308453399992
30-RECURSOS INSTITUCIONALES,511-SERVICIOS DE LA DEUDA PÚBLICA,2011,306319981551
10-RECURSOS DEL TESORO,326-SERVICIOS SOCIALES PARA LA REFORMA AGRARIA Y COLONIZACION,2014,292539593928
30-RECURSOS INSTITUCIONALES,121-JUDICIAL,2015,291563259240
30-RECURSOS INSTITUCIONALES,491-SERVICIOS DE OBRAS PÚBLICAS,2014,291453006069
30-RECURSOS INSTITUCIONALES,511-SERVICIOS DE LA DEUDA PÚBLICA,2012,287639788530
30-RECURSOS INSTITUCIONALES,"329-PROMOCION,ASISTENCIA Y ACCION SOCIAL SIN DISCRIMINAR",2013,282260379971
30-RECURSOS INSTITUCIONALES,611-REGULACIÓN Y CONTROL DE SERVICIOS DE TELECOMUNICACIÓN,2014,278984761842
30-RECURSOS INSTITUCIONALES,461-PRODUCCION INDUSTRIAL,2013,278374967862
10-RECURSOS DEL TESORO,"459-AGRICULTURA , GANADERIA, CAZA Y PESCA SIN DISCRIMINAR",2014,275959598398
30-RECURSOS INSTITUCIONALES,"329-PROMOCION,ASISTENCIA Y ACCION SOCIAL SIN DISCRIMINAR",2014,266637426551
20-RECURSOS DEL CREDITO PUBLICO,132-ADMINISTRACIÓN GENERAL,2014,265878432000
20-RECURSOS DEL CREDITO PUBLICO,349-EDUCACION Y CULTURA SIN DISCRIMINAR,2015,261088732643
10-RECURSOS DEL TESORO,371-VIVIENDA Y URBANISMO,2015,260984890225
10-RECURSOS DEL TESORO,"459-AGRICULTURA , GANADERIA, CAZA Y PESCA SIN DISCRIMINAR",2013,256469495995
10-RECURSOS DEL TESORO,133-SERVICIO EXTERIOR,2015,256076131695
30-RECURSOS INSTITUCIONALES,454-CREDITO AGRICOLA Y PECUARIO,2013,253590555577
10-RECURSOS DEL TESORO,459-AGRICULTURA Y OTROS SIN DISCRIMINAR,2012,253581169559
30-RECURSOS INSTITUCIONALES,"333-VEJEZ, INCAPACIDAD Y SUPERVIVENCIA",2011,252103209990
30-RECURSOS INSTITUCIONALES,454-CREDITO AGRICOLA Y PECUARIO,2014,249703902955
30-RECURSOS INSTITUCIONALES,491-SERVICIOS DE OBRAS PÚBLICAS,2012,249538354075
30-RECURSOS INSTITUCIONALES,432-TRANSPORTE AEREO,2015,249348321973
30-RECURSOS INSTITUCIONALES,"329-PROMOCION,ASISTENCIA Y ACCION SOCIAL SIN DISCRIMINAR",2012,241746856835
20-RECURSOS DEL CREDITO PUBLICO,"459-AGRICULTURA , GANADERIA, CAZA Y PESCA SIN DISCRIMINAR",2015,241618691105
30-RECURSOS INSTITUCIONALES,132-ADMINISTRACIÓN GENERAL,2014,241463651485
30-RECURSOS INSTITUCIONALES,323-SERVICIOS DE ACCIÓN SOCIAL,2012,236908573099
30-RECURSOS INSTITUCIONALES,454-CREDITO AGRICOLA Y PECUARIO,2015,231288387709
30-RECURSOS INSTITUCIONALES,432-TRANSPORTE AEREO,2014,229548301270
30-RECURSOS INSTITUCIONALES,491-SERVICIOS DE OBRAS PÚBLICAS,2011,222247957933
30-RECURSOS INSTITUCIONALES,454-CREDITO AGRICOLA Y PECUARIO,2012,218654501036
10-RECURSOS DEL TESORO,491-SERVICIOS DE OBRAS PÚBLICAS,2015,218289252873
30-RECURSOS INSTITUCIONALES,132-ADMINISTRACIÓN GENERAL,2011,217509417227
30-RECURSOS INSTITUCIONALES,611-REGULACIÓN Y CONTROL DE SERVICIOS DE TELECOMUNICACIÓN,2012,216165114295
10-RECURSOS DEL TESORO,341-EDUCACION ELEMENTAL,2016,210636627512
10-RECURSOS DEL TESORO,459-AGRICULTURA Y OTROS SIN DISCRIMINAR,2011,204906524980
30-RECURSOS INSTITUCIONALES,432-TRANSPORTE AEREO,2013,204086263346
30-RECURSOS INSTITUCIONALES,371-VIVIENDA Y URBANISMO,2014,203057635834
30-RECURSOS INSTITUCIONALES,432-TRANSPORTE AEREO,2012,202102644740
30-RECURSOS INSTITUCIONALES,121-JUDICIAL,2014,201264451087
30-RECURSOS INSTITUCIONALES,326-SERVICIOS SOCIALES PARA LA REFORMA AGRARIA Y COLONIZACION,2011,197934330976
10-RECURSOS DEL TESORO,143-ADMINISTRACION FINANCIERA Y CONTROL GUBERNAMENTAL,2015,196376654168
30-RECURSOS INSTITUCIONALES,432-TRANSPORTE AEREO,2011,193441658732
10-RECURSOS DEL TESORO,143-ADMINISTRACION FINANCIERA Y CONTROL GUBERNAMENTAL,2012,192843022034
10-RECURSOS DEL TESORO,132-ADMINISTRACIÓN GENERAL,2012,191833829172
10-RECURSOS DEL TESORO,491-SERVICIOS DE OBRAS PÚBLICAS,2014,191306042376
30-RECURSOS INSTITUCIONALES,311-ATENCION MEDICA,2016,181673973732
30-RECURSOS INSTITUCIONALES,491-SERVICIOS DE OBRAS PÚBLICAS,2013,181447843111
10-RECURSOS DEL TESORO,121-JUDICIAL,2016,179494590895
10-RECURSOS DEL TESORO,133-SERVICIO EXTERIOR,2014,176668499809
20-RECURSOS DEL CREDITO PUBLICO,326-SERVICIOS SOCIALES PARA LA REFORMA AGRARIA Y COLONIZACION,2014,176104485719
10-RECURSOS DEL TESORO,142-CONTROL FISCAL,2013,175407566861
10-RECURSOS DEL TESORO,143-ADMINISTRACION FINANCIERA Y CONTROL GUBERNAMENTAL,2014,174356502497
30-RECURSOS INSTITUCIONALES,454-CREDITO AGRICOLA Y PECUARIO,2011,174058215393
10-RECURSOS DEL TESORO,143-ADMINISTRACION FINANCIERA Y CONTROL GUBERNAMENTAL,2013,173779951405
30-RECURSOS INSTITUCIONALES,343-EDUCACION SUPERIOR Y UNIVERSITARIA,2014,171959266421
30-RECURSOS INSTITUCIONALES,133-SERVICIO EXTERIOR,2015,171372223346
30-RECURSOS INSTITUCIONALES,343-EDUCACION SUPERIOR Y UNIVERSITARIA,2015,169166378662
30-RECURSOS INSTITUCIONALES,"329-PROMOCION,ASISTENCIA Y ACCION SOCIAL SIN DISCRIMINAR",2011,168739458236
30-RECURSOS INSTITUCIONALES,121-JUDICIAL,2013,168410923238
30-RECURSOS INSTITUCIONALES,343-EDUCACION SUPERIOR Y UNIVERSITARIA,2013,165393991890
20-RECURSOS DEL CREDITO PUBLICO,492-INVERSIÓN SERVICIOS ECONÓMICOS,2013,164492325426
10-RECURSOS DEL TESORO,133-SERVICIO EXTERIOR,2013,160235690987
10-RECURSOS DEL TESORO,334-SERVICIOS DE JUBILACIONES Y PENSIONES,2016,160223844675
10-RECURSOS DEL TESORO,133-SERVICIO EXTERIOR,2012,159431037829
10-RECURSOS DEL TESORO,131-CONDUCCIÓN POLITICA,2014,158786504129
10-RECURSOS DEL TESORO,132-ADMINISTRACIÓN GENERAL,2013,158396205690
30-RECURSOS INSTITUCIONALES,481-INTERMEDIACION FINANCIERA,2016,157155433680
30-RECURSOS INSTITUCIONALES,611-REGULACIÓN Y CONTROL DE SERVICIOS DE TELECOMUNICACIÓN,2013,156273177141
10-RECURSOS DEL TESORO,221-ORDEN PÚBLICO Y SEGURIDAD INTERIOR,2016,154193737858
10-RECURSOS DEL TESORO,326-SERVICIOS SOCIALES PARA LA REFORMA AGRARIA Y COLONIZACION,2015,152914620798
30-RECURSOS INSTITUCIONALES,323-SERVICIOS DE ACCIÓN SOCIAL,2013,152093453237
30-RECURSOS INSTITUCIONALES,343-EDUCACION SUPERIOR Y UNIVERSITARIA,2012,151258521861
10-RECURSOS DEL TESORO,142-CONTROL FISCAL,2011,150715035540
30-RECURSOS INSTITUCIONALES,371-VIVIENDA Y URBANISMO,2015,150172569330
10-RECURSOS DEL TESORO,142-CONTROL FISCAL,2012,144455459965
10-RECURSOS DEL TESORO,131-CONDUCCIÓN POLITICA,2013,144174785156
10-RECURSOS DEL TESORO,231-RECLUSIÓN PENAL,2015,144100798212
20-RECURSOS DEL CREDITO PUBLICO,143-ADMINISTRACION FINANCIERA Y CONTROL GUBERNAMENTAL,2012,142952733041
20-RECURSOS DEL CREDITO PUBLICO,461-PRODUCCION INDUSTRIAL,2014,142549617000
10-RECURSOS DEL TESORO,"329-PROMOCION,ASISTENCIA Y ACCION SOCIAL SIN DISCRIMINAR",2012,142115849553
10-RECURSOS DEL TESORO,211-SERVICIOS DE SEGURIDAD NACIONAL,2016,140515045041
10-RECURSOS DEL TESORO,133-SERVICIO EXTERIOR,2011,140433319407
30-RECURSOS INSTITUCIONALES,611-REGULACIÓN Y CONTROL DE SERVICIOS DE TELECOMUNICACIÓN,2011,140409317031
10-RECURSOS DEL TESORO,131-CONDUCCIÓN POLITICA,2012,139833907211
10-RECURSOS DEL TESORO,142-CONTROL FISCAL,2014,139720922330
30-RECURSOS INSTITUCIONALES,142-CONTROL FISCAL,2013,139494857005
10-RECURSOS DEL TESORO,131-CONDUCCIÓN POLITICA,2011,139219721932
10-RECURSOS DEL TESORO,349-EDUCACION Y CULTURA SIN DISCRIMINAR,2016,135889986154
10-RECURSOS DEL TESORO,142-CONTROL FISCAL,2015,135761238501
20-RECURSOS DEL CREDITO PUBLICO,"459-AGRICULTURA , GANADERIA, CAZA Y PESCA SIN DISCRIMINAR",2014,134377317540
20-RECURSOS DEL CREDITO PUBLICO,326-SERVICIOS SOCIALES PARA LA REFORMA AGRARIA Y COLONIZACION,2015,132757842679
10-RECURSOS DEL TESORO,"329-PROMOCION,ASISTENCIA Y ACCION SOCIAL SIN DISCRIMINAR",2013,130468536620
30-RECURSOS INSTITUCIONALES,323-SERVICIOS DE ACCIÓN SOCIAL,2014,130399577225
30-RECURSOS INSTITUCIONALES,121-JUDICIAL,2012,130167738643
10-RECURSOS DEL TESORO,141-CONT. Y AUD. GUBERNAMENTAL,2015,130071871913
10-RECURSOS DEL TESORO,141-CONT. Y AUD. GUBERNAMENTAL,2014,129985429325
30-RECURSOS INSTITUCIONALES,342-EDUCACION MEDIA Y TECNICA,2012,129591269328
30-RECURSOS INSTITUCIONALES,326-SERVICIOS SOCIALES PARA LA REFORMA AGRARIA Y COLONIZACION,2013,127935880053
30-RECURSOS INSTITUCIONALES,343-EDUCACION SUPERIOR Y UNIVERSITARIA,2011,126346866435
30-RECURSOS INSTITUCIONALES,361-RELACIONES LABORALES,2015,126266972587
10-RECURSOS DEL TESORO,132-ADMINISTRACIÓN GENERAL,2014,125758865860
30-RECURSOS INSTITUCIONALES,452-SERVICIOS PECUARIOS,2015,122446011235
20-RECURSOS DEL CREDITO PUBLICO,461-PRODUCCION INDUSTRIAL,2015,122420555722
20-RECURSOS DEL CREDITO PUBLICO,323-SERVICIOS DE ACCIÓN SOCIAL,2015,122102217004
20-RECURSOS DEL CREDITO PUBLICO,371-VIVIENDA Y URBANISMO,2015,121506124830
10-RECURSOS DEL TESORO,132-ADMINISTRACIÓN GENERAL,2011,119945257862
20-RECURSOS DEL CREDITO PUBLICO,413-ELECTRICIDAD,2013,118572606028
20-RECURSOS DEL CREDITO PUBLICO,481-INTERMEDIACION FINANCIERA,2013,118469031162
10-RECURSOS DEL TESORO,312-SANEAMIENTO AMBIENTAL,2015,117021843746
30-RECURSOS INSTITUCIONALES,433-TRANSPORTE FLUVIAL,2014,116528674257
20-RECURSOS DEL CREDITO PUBLICO,454-CREDITO AGRICOLA Y PECUARIO,2015,115480000000
30-RECURSOS INSTITUCIONALES,371-VIVIENDA Y URBANISMO,2012,114464828936
20-RECURSOS DEL CREDITO PUBLICO,371-VIVIENDA Y URBANISMO,2013,114078556394
20-RECURSOS DEL CREDITO PUBLICO,511-SERVICIOS DE LA DEUDA PÚBLICA,2011,113393402148
30-RECURSOS INSTITUCIONALES,319-SALUD SIN DISCRIMINAR,2013,111322411661
20-RECURSOS DEL CREDITO PUBLICO,481-INTERMEDIACION FINANCIERA,2011,111156068187
10-RECURSOS DEL TESORO,343-EDUCACION SUPERIOR Y UNIVERSITARIA,2016,110675830587
30-RECURSOS INSTITUCIONALES,371-VIVIENDA Y URBANISMO,2011,109584339376
30-RECURSOS INSTITUCIONALES,319-SALUD SIN DISCRIMINAR,2012,108888671525
10-RECURSOS DEL TESORO,141-CONT. Y AUD. GUBERNAMENTAL,2013,106530653950
30-RECURSOS INSTITUCIONALES,371-VIVIENDA Y URBANISMO,2013,104295773614
30-RECURSOS INSTITUCIONALES,342-EDUCACION MEDIA Y TECNICA,2011,102682281507
30-RECURSOS INSTITUCIONALES,452-SERVICIOS PECUARIOS,2014,102431646849
30-RECURSOS INSTITUCIONALES,452-SERVICIOS PECUARIOS,2013,100911573012
30-RECURSOS INSTITUCIONALES,433-TRANSPORTE FLUVIAL,2011,98965784701
30-RECURSOS INSTITUCIONALES,241-INVERSIÓN SEGURIDAD,2014,98603672158
30-RECURSOS INSTITUCIONALES,451-SERVICIOS AGRICOLAS,2015,97982969157
30-RECURSOS INSTITUCIONALES,433-TRANSPORTE FLUVIAL,2012,96861983874
20-RECURSOS DEL CREDITO PUBLICO,326-SERVICIOS SOCIALES PARA LA REFORMA AGRARIA Y COLONIZACION,2013,96470876880
30-RECURSOS INSTITUCIONALES,433-TRANSPORTE FLUVIAL,2013,96436286053
30-RECURSOS INSTITUCIONALES,142-CONTROL FISCAL,2011,95872955111
30-RECURSOS INSTITUCIONALES,142-CONTROL FISCAL,2012,95574143101
30-RECURSOS INSTITUCIONALES,121-JUDICIAL,2011,93894348859
20-RECURSOS DEL CREDITO PUBLICO,326-SERVICIOS SOCIALES PARA LA REFORMA AGRARIA Y COLONIZACION,2011,93788836772
30-RECURSOS INSTITUCIONALES,451-SERVICIOS AGRICOLAS,2014,93452587153
30-RECURSOS INSTITUCIONALES,342-EDUCACION MEDIA Y TECNICA,2013,93199380380
30-RECURSOS INSTITUCIONALES,349-EDUCACION Y CULTURA SIN DISCRIMINAR,2011,92977599179
20-RECURSOS DEL CREDITO PUBLICO,459-AGRICULTURA Y OTROS SIN DISCRIMINAR,2011,91802872511
10-RECURSOS DEL TESORO,231-RECLUSIÓN PENAL,2014,91711770195
30-RECURSOS INSTITUCIONALES,319-SALUD SIN DISCRIMINAR,2011,91120366660
10-RECURSOS DEL TESORO,344-CULTURA,2015,90660537378
30-RECURSOS INSTITUCIONALES,412-PETROLEO Y GAS,2016,89203212094
10-RECURSOS DEL TESORO,"329-PROMOCION,ASISTENCIA Y ACCION SOCIAL SIN DISCRIMINAR",2014,88785040753
10-RECURSOS DEL TESORO,342-EDUCACION MEDIA Y TECNICA,2016,88640937933
20-RECURSOS DEL CREDITO PUBLICO,481-INTERMEDIACION FINANCIERA,2016,87951615030
10-RECURSOS DEL TESORO,344-CULTURA,2011,85556150117
30-RECURSOS INSTITUCIONALES,349-EDUCACION Y CULTURA SIN DISCRIMINAR,2012,83983917228
30-RECURSOS INSTITUCIONALES,433-TRANSPORTE FLUVIAL,2015,83678632136
10-RECURSOS DEL TESORO,231-RECLUSIÓN PENAL,2013,83035786700
30-RECURSOS INSTITUCIONALES,143-ADMINISTRACION FINANCIERA Y CONTROL GUBERNAMENTAL,2012,81909349412
10-RECURSOS DEL TESORO,325-SERVICIOS SOCIALES DE LOS GOB. DEPARTAMENTALES Y MUNICIPALES,2016,81337012653
20-RECURSOS DEL CREDITO PUBLICO,312-SANEAMIENTO AMBIENTAL,2013,80093852489
10-RECURSOS DEL TESORO,471-COMERCIALIZACIÓN Y PROMOCIÓN DE PRODUCTOS,2015,80034437271
10-RECURSOS DEL TESORO,471-COMERCIALIZACIÓN Y PROMOCIÓN DE PRODUCTOS,2014,79220599265
30-RECURSOS INSTITUCIONALES,325-SERVICIOS SOCIALES DE LOS GOB. DEPARTAMENTALES Y MUNICIPALES,2016,78828777839
20-RECURSOS DEL CREDITO PUBLICO,459-AGRICULTURA Y OTROS SIN DISCRIMINAR,2012,77548882905
30-RECURSOS INSTITUCIONALES,133-SERVICIO EXTERIOR,2012,73610309256
10-RECURSOS DEL TESORO,131-CONDUCCIÓN POLITICA,2015,73188367193
10-RECURSOS DEL TESORO,231-RECLUSIÓN PENAL,2012,72698801706
10-RECURSOS DEL TESORO,132-ADMINISTRACIÓN GENERAL,2015,72674774038
10-RECURSOS DEL TESORO,141-CONT. Y AUD. GUBERNAMENTAL,2011,72417647430
20-RECURSOS DEL CREDITO PUBLICO,349-EDUCACION Y CULTURA SIN DISCRIMINAR,2011,71961010179
30-RECURSOS INSTITUCIONALES,451-SERVICIOS AGRICOLAS,2013,71120179730
30-RECURSOS INSTITUCIONALES,133-SERVICIO EXTERIOR,2014,70568815153
30-RECURSOS INSTITUCIONALES,452-SERVICIOS PECUARIOS,2011,68661272352
30-RECURSOS INSTITUCIONALES,353-DIFUSION DEL CONOCIMIENTO CIENTIFICO Y TECNOLOGICO,2015,67497708601
20-RECURSOS DEL CREDITO PUBLICO,312-SANEAMIENTO AMBIENTAL,2012,67461992996
30-RECURSOS INSTITUCIONALES,452-SERVICIOS PECUARIOS,2012,67420134087
30-RECURSOS INSTITUCIONALES,353-DIFUSION DEL CONOCIMIENTO CIENTIFICO Y TECNOLOGICO,2014,65389949634
10-RECURSOS DEL TESORO,231-RECLUSIÓN PENAL,2011,64757603408
10-RECURSOS DEL TESORO,"329-PROMOCION,ASISTENCIA Y ACCION SOCIAL SIN DISCRIMINAR",2015,63739505251
20-RECURSOS DEL CREDITO PUBLICO,"459-AGRICULTURA , GANADERIA, CAZA Y PESCA SIN DISCRIMINAR",2013,63733883778
30-RECURSOS INSTITUCIONALES,491-SERVICIOS DE OBRAS PÚBLICAS,2016,63435307658
10-RECURSOS DEL TESORO,344-CULTURA,2013,63222989629
30-RECURSOS INSTITUCIONALES,451-SERVICIOS AGRICOLAS,2012,63146532119
10-RECURSOS DEL TESORO,344-CULTURA,2014,62827129008
30-RECURSOS INSTITUCIONALES,133-SERVICIO EXTERIOR,2013,60900070279
30-RECURSOS INSTITUCIONALES,131-CONDUCCIÓN POLITICA,2014,59626177145
30-RECURSOS INSTITUCIONALES,133-SERVICIO EXTERIOR,2011,59497922794
20-RECURSOS DEL CREDITO PUBLICO,349-EDUCACION Y CULTURA SIN DISCRIMINAR,2012,59331120751
10-RECURSOS DEL TESORO,321-ASISTENCIA  A PERSONAS CON NECESIDADES ESPECIALES,2014,58742226687
10-RECURSOS DEL TESORO,344-CULTURA,2012,58195362528
30-RECURSOS INSTITUCIONALES,211-SERVICIOS DE SEGURIDAD NACIONAL,2015,57909437723
10-RECURSOS DEL TESORO,321-ASISTENCIA  A PERSONAS CON NECESIDADES ESPECIALES,2013,57451618979
30-RECURSOS INSTITUCIONALES,451-SERVICIOS AGRICOLAS,2011,56535988004
30-RECURSOS INSTITUCIONALES,211-SERVICIOS DE SEGURIDAD NACIONAL,2014,55225260602
10-RECURSOS DEL TESORO,321-ASISTENCIA  A PERSONAS CON NECESIDADES ESPECIALES,2015,54883102442
30-RECURSOS INSTITUCIONALES,483-CREDITO PECUARIO,2011,54524822729
30-RECURSOS INSTITUCIONALES,131-CONDUCCIÓN POLITICA,2013,54425703891
10-RECURSOS DEL TESORO,345-DEPORTE Y RECREACION,2013,53102642686
20-RECURSOS DEL CREDITO PUBLICO,491-SERVICIOS DE OBRAS PÚBLICAS,2016,52275435667
30-RECURSOS INSTITUCIONALES,312-SANEAMIENTO AMBIENTAL,2012,51547655039
10-RECURSOS DEL TESORO,471-COMERCIALIZACIÓN Y PROMOCIÓN DE PRODUCTOS,2012,50614646750
20-RECURSOS DEL CREDITO PUBLICO,"661-REGULACIÓN  Y CONTROL DEL SISTEMA MONETARIO, CRED. Y CAMBIAR",2011,50000000000
20-RECURSOS DEL CREDITO PUBLICO,132-ADMINISTRACIÓN GENERAL,2011,50000000000
20-RECURSOS DEL CREDITO PUBLICO,325-SERVICIOS SOCIALES DE LOS GOB. DEPARTAMENTALES,2015,50000000000
30-RECURSOS INSTITUCIONALES,211-SEGURIDAD NACIONAL,2013,49966083654
10-RECURSOS DEL TESORO,471-COMERCIALIZACIÓN Y PROMOCIÓN DE PRODUCTOS,2013,48834216942
30-RECURSOS INSTITUCIONALES,231-RECLUSIÓN PENAL,2015,48681563965
30-RECURSOS INSTITUCIONALES,211-DEFENSA MILITAR,2012,47310938116
10-RECURSOS DEL TESORO,"329-PROMOCION,ASISTENCIA Y ACCION SOCIAL SIN DISCRIMINAR",2011,47306049751
20-RECURSOS DEL CREDITO PUBLICO,211-SERVICIOS DE SEGURIDAD NACIONAL,2014,46572838812
10-RECURSOS DEL TESORO,371-VIVIENDA Y URBANISMO,2016,46537974702
30-RECURSOS INSTITUCIONALES,483-CREDITO PECUARIO,2014,46230900799
30-RECURSOS INSTITUCIONALES,"671-REG. Y CONTROL DEL SIST. NAC, CONTRATC PUB",2014,45290747383
10-RECURSOS DEL TESORO,324-TARIFA SOCIAL DE ENERGIA ELECTRICA,2014,45112523415
10-RECURSOS DEL TESORO,324-TARIFA SOCIAL DE ENERGIA ELECTRICA,2013,45112523415
30-RECURSOS INSTITUCIONALES,349-EDUCACION Y CULTURA SIN DISCRIMINAR,2015,44529609252
10-RECURSOS DEL TESORO,324-TARIFA SOCIAL DE ENERGIA ELECTRICA,2011,44507109721
10-RECURSOS DEL TESORO,321-ASISTENCIA  A PERSONAS CON NECESIDADES ESPECIALES,2011,44036676012
30-RECURSOS INSTITUCIONALES,"671-REG. Y CONTROL DEL SIST. NAC, CONTRATC PUB",2015,44022036029
20-RECURSOS DEL CREDITO PUBLICO,325-SERVICIOS SOCIALES DE LOS GOB. DEPARTAMENTALES,2014,43999046944
20-RECURSOS DEL CREDITO PUBLICO,355-SERVICIOS ESTADISTICOS,2012,43661120019
10-RECURSOS DEL TESORO,421-SERVICIOS POSTALES,2015,43145880012
10-RECURSOS DEL TESORO,421-SERVICIOS POSTALES,2014,42833726063
10-RECURSOS DEL TESORO,321-ASISTENCIA  A PERSONAS CON NECESIDADES ESPECIALES,2012,42659742355
10-RECURSOS DEL TESORO,471-COMERCIALIZACIÓN Y PROMOCIÓN DE PRODUCTOS,2011,42564991002
30-RECURSOS INSTITUCIONALES,326-SERVICIOS SOCIALES PARA LA REFORMA AGRARIA Y COLONIZACION,2014,42492568757
10-RECURSOS DEL TESORO,141-CONT. Y AUD. GUBERNAMENTAL,2012,41792350018
10-RECURSOS DEL TESORO,324-TARIFA SOCIAL DE ENERGIA ELECTRICA,2012,41314200041
30-RECURSOS INSTITUCIONALES,312-SANEAMIENTO AMBIENTAL,2015,40948615785
20-RECURSOS DEL CREDITO PUBLICO,371-VIVIENDA Y URBANISMO,2014,40906655344
10-RECURSOS DEL TESORO,421-SERVICIOS POSTALES,2013,40841965322
20-RECURSOS DEL CREDITO PUBLICO,"329-PROMOCION,ASISTENCIA Y ACCION SOCIAL SIN DISCRIMINAR",2013,40004611818
20-RECURSOS DEL CREDITO PUBLICO,221-ORDEN PÚBLICO Y SEGURIDAD INTERIOR,2014,39874597885
30-RECURSOS INSTITUCIONALES,483-CREDITO PECUARIO,2015,39776986049
30-RECURSOS INSTITUCIONALES,241-INVERSIÓN SEGURIDAD,2015,39110248354
10-RECURSOS DEL TESORO,421-SERVICIOS POSTALES,2012,38564827643
30-RECURSOS INSTITUCIONALES,"671-SERVICIO DE REG. Y CONTROL DEL SIST. NAC, CONTRATC PUB",2013,37975314405
30-RECURSOS INSTITUCIONALES,231-RECLUSIÓN PENAL,2014,37041320412
30-RECURSOS INSTITUCIONALES,483-CREDITO PECUARIO,2013,36321392043
10-RECURSOS DEL TESORO,111-LEGISLATIVA,2016,36286203947
30-RECURSOS INSTITUCIONALES,345-DEPORTE Y RECREACION,2014,36203890629
30-RECURSOS INSTITUCIONALES,326-SERVICIOS SOCIALES PARA LA REFORMA AGRARIA Y COLONIZACION,2015,35876053015
30-RECURSOS INSTITUCIONALES,345-DEPORTE Y RECREACION,2012,35538405306
30-RECURSOS INSTITUCIONALES,131-CONDUCCIÓN POLITICA,2011,35321317044
20-RECURSOS DEL CREDITO PUBLICO,221-ORDEN PÚBLICO Y SEGURIDAD INTERIOR,2012,35134038331
10-RECURSOS DEL TESORO,291-SEGURIDAD SIN DISCRIMINAR,2014,34938111422
30-RECURSOS INSTITUCIONALES,211-DEFENSA MILITAR,2011,34677070768
30-RECURSOS INSTITUCIONALES,621-REGULACIÓN Y CONTROL DE SERVICIOS DE TRANSPORTE,2015,34487432884
10-RECURSOS DEL TESORO,491-SERVICIOS DE OBRAS PÚBLICAS,2016,34421050218
30-RECURSOS INSTITUCIONALES,621-REGULACIÓN Y CONTROL DE SERVICIOS DE TRANSPORTE,2012,34037742476
30-RECURSOS INSTITUCIONALES,131-CONDUCCIÓN POLITICA,2012,33988524729
30-RECURSOS INSTITUCIONALES,483-CREDITO PECUARIO,2012,33739135698
30-RECURSOS INSTITUCIONALES,"671-SERVICIO DE REG. Y CONTROL DEL SIST. NAC, CONTRATC PUB",2012,32995637750
30-RECURSOS INSTITUCIONALES,312-SANEAMIENTO AMBIENTAL,2013,32602687389
30-RECURSOS INSTITUCIONALES,621-REGULACIÓN Y CONTROL DE SERVICIOS DE TRANSPORTE,2013,32519677734
30-RECURSOS INSTITUCIONALES,"329-PROMOCION,ASISTENCIA Y ACCION SOCIAL SIN DISCRIMINAR",2016,32361974415
10-RECURSOS DEL TESORO,312-SANEAMIENTO AMBIENTAL,2011,31631174832
20-RECURSOS DEL CREDITO PUBLICO,311-ATENCION MEDICA,2012,31336947049
20-RECURSOS DEL CREDITO PUBLICO,413-ELECTRICIDAD,2011,31238505906
30-RECURSOS INSTITUCIONALES,241-INVERSIÓN SEGURIDAD NACIONAL,2012,31127887503
30-RECURSOS INSTITUCIONALES,472-TURISMO,2015,30936105519
30-RECURSOS INSTITUCIONALES,231-RECLUSIÓN PENAL,2013,30786121634
20-RECURSOS DEL CREDITO PUBLICO,349-EDUCACION Y CULTURA SIN DISCRIMINAR,2014,30531415311
30-RECURSOS INSTITUCIONALES,133-SERVICIO EXTERIOR,2016,30468347452
10-RECURSOS DEL TESORO,452-SERVICIOS PECUARIOS,2012,30415216293
10-RECURSOS DEL TESORO,345-DEPORTE Y RECREACION,2015,29896107654
30-RECURSOS INSTITUCIONALES,131-CONDUCCIÓN POLITICA,2015,29746825864
30-RECURSOS INSTITUCIONALES,341-EDUCACION ELEMENTAL,2015,29459932334
10-RECURSOS DEL TESORO,361-RELACIONES LABORALES,2015,29242145011
10-RECURSOS DEL TESORO,452-SERVICIOS PECUARIOS,2013,28917345047
30-RECURSOS INSTITUCIONALES,"459-AGRICULTURA , GANADERIA, CAZA Y PESCA SIN DISCRIMINAR",2014,28899907371
30-RECURSOS INSTITUCIONALES,"459-AGRICULTURA , GANADERIA, CAZA Y PESCA SIN DISCRIMINAR",2015,28827220732
30-RECURSOS INSTITUCIONALES,241-INVERSIÓN SEGURIDAD NACIONAL,2011,28483826890
10-RECURSOS DEL TESORO,345-DEPORTE Y RECREACION,2012,28422594861
30-RECURSOS INSTITUCIONALES,"333-VEJEZ, INCAPACIDAD Y SUPERVIVENCIA",2016,28243241517
10-RECURSOS DEL TESORO,345-DEPORTE Y RECREACION,2014,28019425835
30-RECURSOS INSTITUCIONALES,459-AGRICULTURA Y OTROS SIN DISCRIMINAR,2012,27763901670
30-RECURSOS INSTITUCIONALES,"671-SERVICIO DE REG. Y CONTROL DEL SIST. NAC, CONTRATC PUB",2011,27760038106
10-RECURSOS DEL TESORO,355-SERVICIOS ESTADISTICOS,2012,27454217288
30-RECURSOS INSTITUCIONALES,621-REGULACIÓN Y CONTROL DE SERVICIOS DE TRANSPORTE,2014,27447233364
30-RECURSOS INSTITUCIONALES,345-DEPORTE Y RECREACION,2015,27292428960
10-RECURSOS DEL TESORO,452-SERVICIOS PECUARIOS,2011,27083540553
20-RECURSOS DEL CREDITO PUBLICO,312-SANEAMIENTO AMBIENTAL,2014,26913954797
30-RECURSOS INSTITUCIONALES,349-EDUCACION Y CULTURA SIN DISCRIMINAR,2013,26869677567
30-RECURSOS INSTITUCIONALES,459-AGRICULTURA Y OTROS SIN DISCRIMINAR,2011,26845537117
10-RECURSOS DEL TESORO,133-SERVICIO EXTERIOR,2016,26750764375
30-RECURSOS INSTITUCIONALES,611-REGULACIÓN Y CONTROL DE SERVICIOS DE TELECOMUNICACIONES,2016,26452195101
10-RECURSOS DEL TESORO,621-REGULACIÓN Y CONTROL DE SERVICIOS DE TRANSPORTE,2011,26433841320
10-RECURSOS DEL TESORO,452-SERVICIOS PECUARIOS,2014,26393430652
10-RECURSOS DEL TESORO,355-SERVICIOS ESTADISTICOS,2011,26271943564
10-RECURSOS DEL TESORO,313-PROMOCIÓN Y ASISTENCIA,2014,26216599806
10-RECURSOS DEL TESORO,312-SANEAMIENTO AMBIENTAL,2014,25760503246
30-RECURSOS INSTITUCIONALES,225-IDENTIFICACIONES,2012,25677415764
30-RECURSOS INSTITUCIONALES,345-DEPORTE Y RECREACION,2013,25421457134
20-RECURSOS DEL CREDITO PUBLICO,454-CREDITO AGRICOLA Y PECUARIO,2014,25000000000
10-RECURSOS DEL TESORO,421-SERVICIOS POSTALES,2011,24982947810
30-RECURSOS INSTITUCIONALES,"459-AGRICULTURA , GANADERIA, CAZA Y PESCA SIN DISCRIMINAR",2013,24969012456
30-RECURSOS INSTITUCIONALES,352-INVESTIGACION Y DESARROLLO EXPERIMENTAL,2014,24963358594
30-RECURSOS INSTITUCIONALES,354-SERVICIOS CIENTIFICOS Y TECNOLOGICOS,2015,24921046515
10-RECURSOS DEL TESORO,313-PROMOCIÓN Y ASISTENCIA,2013,24682341480
10-RECURSOS DEL TESORO,461-PRODUCCION INDUSTRIAL,2015,24482205890
30-RECURSOS INSTITUCIONALES,471-COMERCIALIZACIÓN Y PROMOCIÓN DE PRODUCTOS,2014,24478755552
30-RECURSOS INSTITUCIONALES,621-REGULACIÓN Y CONTROL DE SERVICIOS DE TRANSPORTE,2011,23990308184
30-RECURSOS INSTITUCIONALES,231-RECLUSIÓN PENAL,2012,23902066433
10-RECURSOS DEL TESORO,353-DIFUSION DEL CONOCIMIENTO CIENTIFICO Y TECNOLOGICO,2015,23593832599
10-RECURSOS DEL TESORO,291-SEGURIDAD SIN DISCRIMINAR,2011,23380325001
10-RECURSOS DEL TESORO,454-CREDITO AGRICOLA Y PECUARIO,2015,23169302357
10-RECURSOS DEL TESORO,355-SERVICIOS ESTADISTICOS,2015,22869583587
10-RECURSOS DEL TESORO,355-SERVICIOS ESTADISTICOS,2013,22659767864
30-RECURSOS INSTITUCIONALES,349-EDUCACION Y CULTURA SIN DISCRIMINAR,2014,22582452706
30-RECURSOS INSTITUCIONALES,225-IDENTIFICACIONES,2011,22209977911
30-RECURSOS INSTITUCIONALES,472-TURISMO,2014,21889157259
10-RECURSOS DEL TESORO,355-SERVICIOS ESTADISTICOS,2014,21820822074
30-RECURSOS INSTITUCIONALES,225-IDENTIFICACIONES,2014,21818005342
10-RECURSOS DEL TESORO,313-PROMOCIÓN Y ASISTENCIA,2012,21757972595
10-RECURSOS DEL TESORO,452-SERVICIOS PECUARIOS,2015,21511375593
30-RECURSOS INSTITUCIONALES,472-TURISMO,2012,21454269876
30-RECURSOS INSTITUCIONALES,472-TURISMO,2013,21361025890
30-RECURSOS INSTITUCIONALES,225-IDENTIFICACIONES,2015,21316974806
20-RECURSOS DEL CREDITO PUBLICO,"661-REGULACIÓN  Y CONTROL DEL SISTEMA MONETARIO, CRED. Y CAMBIAR",2012,21000000000
30-RECURSOS INSTITUCIONALES,143-ADMINISTRACION FINANCIERA Y CONTROL GUBERNAMENTAL,2011,20722295162
10-RECURSOS DEL TESORO,352-INVESTIGACION Y DESARROLLO EXPERIMENTAL,2014,20387754558
10-RECURSOS DEL TESORO,461-PRODUCCION INDUSTRIAL,2011,20335122699
30-RECURSOS INSTITUCIONALES,222-MIGRACIONES,2015,20295321165
20-RECURSOS DEL CREDITO PUBLICO,349-EDUCACION Y CULTURA SIN DISCRIMINAR,2013,20212351211
10-RECURSOS DEL TESORO,181-INVERSIÓN EN ADMINISTRACIÓN GUBERNAMENTAL,2011,19926875282
10-RECURSOS DEL TESORO,345-DEPORTE Y RECREACION,2011,19888323350
30-RECURSOS INSTITUCIONALES,421-SERVICIOS POSTALES,2012,19883578328
10-RECURSOS DEL TESORO,313-PROMOCIÓN Y ASISTENCIA,2011,19728796057
10-RECURSOS DEL TESORO,449-ECOLOGIA Y MEDIO AMBIENTE SIN DISCRIMINAR,2014,19641434899
10-RECURSOS DEL TESORO,442-SERVICIOS DEL MEDIO AMBIENTE,2015,19615437764
30-RECURSOS INSTITUCIONALES,142-CONTROL FISCAL,2016,19588428437
30-RECURSOS INSTITUCIONALES,472-TURISMO,2011,19502058594
30-RECURSOS INSTITUCIONALES,143-ADMINISTRACION FINANCIERA Y CONTROL GUBERNAMENTAL,2013,19323183655
20-RECURSOS DEL CREDITO PUBLICO,221-ORDEN PÚBLICO Y SEGURIDAD INTERIOR,2013,19274830000
20-RECURSOS DEL CREDITO PUBLICO,181-INVERSIÓN EN ADMINISTRACIÓN GUBERNAMENTAL,2011,19246643031
10-RECURSOS DEL TESORO,449-ECOLOGIA Y MEDIO AMBIENTE SIN DISCRIMINAR,2015,19126429187
20-RECURSOS DEL CREDITO PUBLICO,343-EDUCACION SUPERIOR Y UNIVERSITARIA,2012,19006410734
30-RECURSOS INSTITUCIONALES,231-RECLUSIÓN PENAL,2011,18843201716
30-RECURSOS INSTITUCIONALES,222-MIGRACIONES,2014,18678450493
30-RECURSOS INSTITUCIONALES,225-IDENTIFICACIONES,2013,18644505170
10-RECURSOS DEL TESORO,472-TURISMO,2015,18477310796
30-RECURSOS INSTITUCIONALES,421-SERVICIOS POSTALES,2014,18459110155
30-RECURSOS INSTITUCIONALES,354-SERVICIOS CIENTIFICOS Y TECNOLOGICOS,2012,18404833335
30-RECURSOS INSTITUCIONALES,143-ADMINISTRACION FINANCIERA Y CONTROL GUBERNAMENTAL,2014,18387640426
30-RECURSOS INSTITUCIONALES,354-SERVICIOS CIENTIFICOS Y TECNOLOGICOS,2011,18074955858
10-RECURSOS DEL TESORO,134-ADMINISTRACIÓN MUNICIPAL,2012,17894000000
30-RECURSOS INSTITUCIONALES,431-TRANSPORTE TERRESTRE,2013,17891572590
30-RECURSOS INSTITUCIONALES,431-TRANSPORTE TERRESTRE,2014,17554322343
10-RECURSOS DEL TESORO,241-INVERSIÓN SEGURIDAD,2014,17518708184
10-RECURSOS DEL TESORO,442-SERVICIOS DEL MEDIO AMBIENTE,2014,17489643299
10-RECURSOS DEL TESORO,442-SERVICIOS DEL MEDIO AMBIENTE,2013,17335081605
10-RECURSOS DEL TESORO,442-SERVICIOS DEL MEDIO AMBIENTE,2012,17266920953
10-RECURSOS DEL TESORO,"459-AGRICULTURA , GANADERIA, CAZA Y PESCA SIN DISCRIMINAR",2016,17229653898
30-RECURSOS INSTITUCIONALES,431-TRANSPORTE TERRESTRE,2011,17039688499
10-RECURSOS DEL TESORO,124-MINISTERIO PÚBLICO,2012,16651476737
30-RECURSOS INSTITUCIONALES,312-SANEAMIENTO AMBIENTAL,2011,16530284191
30-RECURSOS INSTITUCIONALES,421-SERVICIOS POSTALES,2011,16371079622
10-RECURSOS DEL TESORO,651-REGULACIÓN Y CONTROL DE LAS COOPERATIVAS,2014,16218119137
30-RECURSOS INSTITUCIONALES,226-SERVICIO DEL REGISTRO CIVIL,2012,16135117673
20-RECURSOS DEL CREDITO PUBLICO,454-CREDITO AGRICOLA Y PECUARIO,2011,16019050000
30-RECURSOS INSTITUCIONALES,421-SERVICIOS POSTALES,2015,15857058206
20-RECURSOS DEL CREDITO PUBLICO,413-ELECTRICIDAD,2012,15821424840
20-RECURSOS DEL CREDITO PUBLICO,312-SANEAMIENTO AMBIENTAL,2011,15806276801
20-RECURSOS DEL CREDITO PUBLICO,221-ORDEN PÚBLICO Y SEGURIDAD INTERIOR,2015,15799998000
30-RECURSOS INSTITUCIONALES,"350-CIENCIA, TECNOLOGÍA Y DIFUSIÓN",2013,15763195314
30-RECURSOS INSTITUCIONALES,312-SANEAMIENTO AMBIENTAL,2014,15709970603
30-RECURSOS INSTITUCIONALES,421-SERVICIOS POSTALES,2013,15669519712
30-RECURSOS INSTITUCIONALES,511-SERVICIOS DE LA DEUDA PÚBLICA,2016,15598954950
10-RECURSOS DEL TESORO,353-DIFUSION DEL CONOCIMIENTO CIENTIFICO Y TECNOLOGICO,2013,15595206488
30-RECURSOS INSTITUCIONALES,222-MIGRACIONES,2013,15519055622
30-RECURSOS INSTITUCIONALES,431-TRANSPORTE TERRESTRE,2012,15480273128
10-RECURSOS DEL TESORO,354-SERVICIOS CIENTIFICOS Y TECNOLOGICOS,2015,15441577915
10-RECURSOS DEL TESORO,312-SANEAMIENTO AMBIENTAL,2012,15256702379
10-RECURSOS DEL TESORO,226-REGISTRO CIVIL DE LAS PERSONAS,2015,15134608370
10-RECURSOS DEL TESORO,454-CREDITO AGRICOLA Y PECUARIO,2014,15000000000
30-RECURSOS INSTITUCIONALES,432-TRANSPORTE AEREO,2016,14743320312
20-RECURSOS DEL CREDITO PUBLICO,471-COMERCIALIZACIÓN Y PROMOCIÓN DE PRODUCTOS,2015,14671144917
10-RECURSOS DEL TESORO,323-SERVICIOS DE ACCIÓN SOCIAL,2016,14491992816
10-RECURSOS DEL TESORO,226-REGISTRO CIVIL DE LAS PERSONAS,2014,14464143444
10-RECURSOS DEL TESORO,226-SERVICIO DEL REGISTRO CIVIL,2013,14378634359
30-RECURSOS INSTITUCIONALES,449-ECOLOGIA Y MEDIO AMBIENTE SIN DISCRIMINAR,2014,14183004173
20-RECURSOS DEL CREDITO PUBLICO,312-SANEAMIENTO AMBIENTAL,2015,14171066683
20-RECURSOS DEL CREDITO PUBLICO,355-SERVICIOS ESTADISTICOS,2011,14167485720
30-RECURSOS INSTITUCIONALES,442-SERVICIOS DEL MEDIO AMBIENTE,2014,14127570230
30-RECURSOS INSTITUCIONALES,442-SERVICIOS DEL MEDIO AMBIENTE,2011,13971683020
30-RECURSOS INSTITUCIONALES,442-SERVICIOS DEL MEDIO AMBIENTE,2015,13845526744
30-RECURSOS INSTITUCIONALES,471-COMERCIALIZACIÓN Y PROMOCIÓN DE PRODUCTOS,2012,13800046712
10-RECURSOS DEL TESORO,226-SERVICIO DEL REGISTRO CIVIL,2012,13704097964
10-RECURSOS DEL TESORO,181-INVERSIÓN EN ADMINISTRACIÓN GUBERNAMENTAL,2012,13270845573
30-RECURSOS INSTITUCIONALES,241-INVERSIÓN SEGURIDAD NACIONAL,2013,13077345310
20-RECURSOS DEL CREDITO PUBLICO,132-ADMINISTRACIÓN GENERAL,2013,13000000000
20-RECURSOS DEL CREDITO PUBLICO,181-INVERSIÓN EN ADMINISTRACIÓN GUBERNAMENTAL,2012,12834344198
30-RECURSOS INSTITUCIONALES,342-EDUCACION MEDIA Y TECNICA,2014,12434646047
30-RECURSOS INSTITUCIONALES,449-ECOLOGIA Y MEDIO AMBIENTE SIN DISCRIMINAR,2015,12178354116
10-RECURSOS DEL TESORO,461-PRODUCCION INDUSTRIAL,2014,12147952403
10-RECURSOS DEL TESORO,353-DIFUSION DEL CONOCIMIENTO CIENTIFICO Y TECNOLOGICO,2014,12118994269
10-RECURSOS DEL TESORO,353-DISEMINACION DEL CONOCIMIENTO CIENTIFICO Y TECNOLOGICO,2011,12067393909
10-RECURSOS DEL TESORO,472-TURISMO,2012,12056585668
30-RECURSOS INSTITUCIONALES,226-SERVICIO DEL REGISTRO CIVIL,2013,11966042955
20-RECURSOS DEL CREDITO PUBLICO,342-EDUCACION MEDIA Y TECNICA,2014,11583719914
30-RECURSOS INSTITUCIONALES,121-JUDICIAL,2016,11563438186
10-RECURSOS DEL TESORO,222-MIGRACIONES,2015,11331174513
30-RECURSOS INSTITUCIONALES,651-REGULACIÓN Y CONTROL DE LAS COOPERATIVAS,2014,11228572979
30-RECURSOS INSTITUCIONALES,361-RELACIONES LABORALES,2013,11202566394
30-RECURSOS INSTITUCIONALES,442-SERVICIOS DEL MEDIO AMBIENTE,2012,11159875644
10-RECURSOS DEL TESORO,352-INVESTIGACION Y DESARROLLO EXPERIMENTAL,2015,11152047550
30-RECURSOS INSTITUCIONALES,226-REGISTRO CIVIL DE LAS PERSONAS,2015,11077624925
20-RECURSOS DEL CREDITO PUBLICO,319-SALUD SIN DISCRIMINAR,2012,11061249806
10-RECURSOS DEL TESORO,226-SERVICIO DEL REGISTRO CIVIL,2011,11058984745
30-RECURSOS INSTITUCIONALES,143-ADMINISTRACION FINANCIERA Y CONTROL GUBERNAMENTAL,2015,11016185403
30-RECURSOS INSTITUCIONALES,452-SERVICIOS PECUARIOS,2016,10965435805
10-RECURSOS DEL TESORO,353-DISEMINACION DEL CONOCIMIENTO CIENTIFICO Y TECNOLOGICO,2012,10964442093
30-RECURSOS INSTITUCIONALES,226-SERVICIO DEL REGISTRO CIVIL,2011,10962635364
10-RECURSOS DEL TESORO,124-MINISTERIO PÚBLICO,2011,10947479144
20-RECURSOS DEL CREDITO PUBLICO,371-VIVIENDA Y URBANISMO,2016,10901240940
10-RECURSOS DEL TESORO,472-TURISMO,2013,10767298087
10-RECURSOS DEL TESORO,135-ADMINISTRACIÓN GUBERNAMENTAL S/DISCRIMINAR,2012,10548631930
10-RECURSOS DEL TESORO,451-SERVICIOS AGRICOLAS,2014,10380550457
30-RECURSOS INSTITUCIONALES,471-COMERCIALIZACIÓN Y PROMOCIÓN DE PRODUCTOS,2015,10328958494
20-RECURSOS DEL CREDITO PUBLICO,471-COMERCIALIZACIÓN Y PROMOCIÓN DE PRODUCTOS,2014,10273660592
10-RECURSOS DEL TESORO,361-RELACIONES LABORALES,2012,10237201425
30-RECURSOS INSTITUCIONALES,361-RELACIONES LABORALES,2012,10179612956
30-RECURSOS INSTITUCIONALES,222-MIGRACIONES,2012,10142496006
30-RECURSOS INSTITUCIONALES,651-REGULACIÓN Y CONTROL DE LAS COOPERATIVAS,2015,10109885326
10-RECURSOS DEL TESORO,461-PRODUCCION INDUSTRIAL,2012,10089595307
30-RECURSOS INSTITUCIONALES,471-COMERCIALIZACIÓN Y PROMOCIÓN DE PRODUCTOS,2013,9997293190
10-RECURSOS DEL TESORO,472-TURISMO,2014,9919512908
10-RECURSOS DEL TESORO,442-SERVICIOS DEL MEDIO AMBIENTE,2011,9874284716
10-RECURSOS DEL TESORO,651-REGULACIÓN Y CONTROL DE LAS COOPERATIVAS,2015,9752061924
30-RECURSOS INSTITUCIONALES,341-EDUCACION ELEMENTAL,2012,9734210394
20-RECURSOS DEL CREDITO PUBLICO,483-CREDITO PECUARIO,2015,9645000000
30-RECURSOS INSTITUCIONALES,442-SERVICIOS DEL MEDIO AMBIENTE,2013,9614772661
10-RECURSOS DEL TESORO,354-SERVICIOS CIENTIFICOS Y TECNOLOGICOS,2013,9608729369
30-RECURSOS INSTITUCIONALES,341-EDUCACION ELEMENTAL,2011,9529728591
30-RECURSOS INSTITUCIONALES,651-REGULACIÓN Y CONTROL DE LAS COOPERATIVAS,2013,9506545082
10-RECURSOS DEL TESORO,125-JUSTICIA ELECTORAL,2012,9447716880
10-RECURSOS DEL TESORO,461-PRODUCCION INDUSTRIAL,2013,9411266174
30-RECURSOS INSTITUCIONALES,132-ADMINISTRACIÓN GENERAL,2015,9400893393
10-RECURSOS DEL TESORO,361-RELACIONES LABORALES,2013,9378801352
30-RECURSOS INSTITUCIONALES,651-REGULACIÓN Y CONTROL DE LAS COOPERATIVAS,2012,9375028054
10-RECURSOS DEL TESORO,651-REGULACIÓN Y CONTROL DE LAS COOPERATIVAS,2013,9348128769
10-RECURSOS DEL TESORO,225-IDENTIFICACIONES,2011,9211493497
30-RECURSOS INSTITUCIONALES,342-EDUCACION MEDIA Y TECNICA,2015,9034577575
10-RECURSOS DEL TESORO,451-SERVICIOS AGRICOLAS,2012,9023984220
10-RECURSOS DEL TESORO,122-DEFENSORIA DEL PUEBLO,2012,8844212677
10-RECURSOS DEL TESORO,354-SERVICIOS CIENTIFICOS Y TECNOLOGICOS,2012,8793716968
10-RECURSOS DEL TESORO,451-SERVICIOS AGRICOLAS,2013,8707353734
30-RECURSOS INSTITUCIONALES,222-MIGRACIONES,2011,8702362384
20-RECURSOS DEL CREDITO PUBLICO,"329-PROMOCION,ASISTENCIA Y ACCION SOCIAL SIN DISCRIMINAR",2012,8684702268
10-RECURSOS DEL TESORO,231-RECLUSIÓN PENAL,2016,8637347479
30-RECURSOS INSTITUCIONALES,345-DEPORTE Y RECREACION,2011,8517826875
30-RECURSOS INSTITUCIONALES,181-INVERSIÓN EN ADMINISTRACIÓN GUBERNAMENTAL,2015,8352348417
10-RECURSOS DEL TESORO,143-ADMINISTRACION FINANCIERA Y CONTROL GUBERNAMENTAL,2016,8261314467
10-RECURSOS DEL TESORO,354-SERVICIOS CIENTIFICOS Y TECNOLOGICOS,2011,8256700906
10-RECURSOS DEL TESORO,181-INVERSIÓN EN ADMINISTRACIÓN GUBERNAMENTAL,2014,8099387145
30-RECURSOS INSTITUCIONALES,361-RELACIONES LABORALES,2011,8044490183
10-RECURSOS DEL TESORO,141-CONT. Y AUD. GUBERNAMENTAL,2016,8036011479
30-RECURSOS INSTITUCIONALES,631-REGULACIÓN Y CONTROL DE SERVICIOS DE AGUA POTABLE Y ALCANTAR,2015,7819584006
30-RECURSOS INSTITUCIONALES,451-SERVICIOS AGRICOLAS,2016,7746885947
30-RECURSOS INSTITUCIONALES,321-ASISTENCIA  A PERSONAS CON NECESIDADES ESPECIALES,2011,7732205333
30-RECURSOS INSTITUCIONALES,651-REGULACIÓN Y CONTROL DE LAS COOPERATIVAS,2011,7639265686
30-RECURSOS INSTITUCIONALES,672-REG. Y CONTROL DE LOS SERV. DE REG.DE PROP. INTELECTUAL,2015,7635489947
10-RECURSOS DEL TESORO,361-RELACIONES LABORALES,2011,7566829332
30-RECURSOS INSTITUCIONALES,313-PROMOCIÓN Y ASISTENCIA,2012,7468449183
10-RECURSOS DEL TESORO,122-DEFENSORIA DEL PUEBLO,2011,7236979494
20-RECURSOS DEL CREDITO PUBLICO,355-SERVICIOS ESTADISTICOS,2013,7034115392
30-RECURSOS INSTITUCIONALES,353-DIFUSION DEL CONOCIMIENTO CIENTIFICO Y TECNOLOGICO,2016,7016949859
20-RECURSOS DEL CREDITO PUBLICO,"661-REGULACIÓN  Y CONTROL DEL SISTEMA MONETARIO, CRED. Y CAMBIAR",2013,7000000000
10-RECURSOS DEL TESORO,181-INVERSIÓN EN ADMINISTRACIÓN GUBERNAMENTAL,2013,6850628362
10-RECURSOS DEL TESORO,312-SANEAMIENTO AMBIENTAL,2013,6761075208
20-RECURSOS DEL CREDITO PUBLICO,"329-PROMOCION,ASISTENCIA Y ACCION SOCIAL SIN DISCRIMINAR",2014,6679139253
10-RECURSOS DEL TESORO,352-INVESTIGACION Y DESARROLLO EXPERIMENTAL,2011,6619560122
10-RECURSOS DEL TESORO,352-INVESTIGACION Y DESARROLLO EXPERIMENTAL,2013,6603626387
30-RECURSOS INSTITUCIONALES,631-REGULACIÓN Y CONTROL DE SERVICIOS DE AGUA POTABLE Y ALCANTAR,2014,6570479920
20-RECURSOS DEL CREDITO PUBLICO,451-SERVICIOS AGRICOLAS,2015,6557626480
10-RECURSOS DEL TESORO,651-REGULACIÓN Y CONTROL DE LAS COOPERATIVAS,2012,6512683765
10-RECURSOS DEL TESORO,352-INVESTIGACION Y DESARROLLO EXPERIMENTAL,2012,6504921440
30-RECURSOS INSTITUCIONALES,471-COMERCIALIZACIÓN Y PROMOCIÓN DE PRODUCTOS,2011,6387184840
10-RECURSOS DEL TESORO,222-MIGRACIONES,2013,6347868633
20-RECURSOS DEL CREDITO PUBLICO,492-INVERSIÓN SERVICIOS ECONÓMICOS,2016,6328895629
30-RECURSOS INSTITUCIONALES,343-EDUCACION SUPERIOR Y UNIVERSITARIA,2016,6311240884
30-RECURSOS INSTITUCIONALES,672-REG. Y CONTROL DE LOS SERV. DE REG.DE PROP. INTELECTUAL,2014,6247228374
20-RECURSOS DEL CREDITO PUBLICO,471-COMERCIALIZACIÓN Y PROMOCIÓN DE PRODUCTOS,2012,6194702306
20-RECURSOS DEL CREDITO PUBLICO,353-DISEMINACION DEL CONOCIMIENTO CIENTIFICO Y TECNOLOGICO,2012,6176653545
10-RECURSOS DEL TESORO,222-MIGRACIONES,2012,6176470167
20-RECURSOS DEL CREDITO PUBLICO,471-COMERCIALIZACIÓN Y PROMOCIÓN DE PRODUCTOS,2013,6173411874
30-RECURSOS INSTITUCIONALES,331-ADMINISTRACION DE LOS SERVICIOS DE SEGURIDAD SOCIAL,2016,6162630144
10-RECURSOS DEL TESORO,451-SERVICIOS AGRICOLAS,2011,6144393126
30-RECURSOS INSTITUCIONALES,631-REGULACIÓN Y CONTROL DE SERVICIOS DE AGUA POTABLE Y ALCANTAR,2013,6133478563
10-RECURSOS DEL TESORO,472-TURISMO,2011,6070276485
10-RECURSOS DEL TESORO,222-MIGRACIONES,2014,6001299642
30-RECURSOS INSTITUCIONALES,226-REGISTRO CIVIL DE LAS PERSONAS,2014,5984533660
10-RECURSOS DEL TESORO,142-CONTROL FISCAL,2016,5961554918
30-RECURSOS INSTITUCIONALES,291-SEGURIDAD SIN DISCRIMINAR,2011,5953181055
10-RECURSOS DEL TESORO,"350-CIENCIA, TECNOLOGÍA Y DIFUSIÓN",2013,5826395943
30-RECURSOS INSTITUCIONALES,492-INVERSIÓN SERVICIOS ECONÓMICOS,2014,5806116869
30-RECURSOS INSTITUCIONALES,361-RELACIONES LABORALES,2016,5785734232
30-RECURSOS INSTITUCIONALES,631-REGULACIÓN Y CONTROL DE SERVICIOS DE AGUA POTABLE Y ALCANTAR,2012,5771880452
10-RECURSOS DEL TESORO,131-CONDUCCIÓN POLITICA,2016,5712704223
30-RECURSOS INSTITUCIONALES,433-TRANSPORTE FLUVIAL,2016,5696340188
10-RECURSOS DEL TESORO,225-IDENTIFICACIONES,2014,5589573407
20-RECURSOS DEL CREDITO PUBLICO,353-DISEMINACION DEL CONOCIMIENTO CIENTIFICO Y TECNOLOGICO,2011,5535662721
10-RECURSOS DEL TESORO,331-ADMINISTRACION Y PROMOCION,2011,5512500000
10-RECURSOS DEL TESORO,326-SERVICIOS SOCIALES PARA LA REFORMA AGRARIA Y COLONIZACION,2016,5446925405
30-RECURSOS INSTITUCIONALES,291-SEGURIDAD SIN DISCRIMINAR,2014,5247063494
30-RECURSOS INSTITUCIONALES,631-REGULACIÓN Y CONTROL DE SERVICIOS DE AGUA POTABLE Y ALCANTAR,2011,5183411502
30-RECURSOS INSTITUCIONALES,313-PROMOCIÓN Y ASISTENCIA,2013,5122512879
10-RECURSOS DEL TESORO,672-REG. Y CONTROL DE LOS SERV. DE REG.DE PROP. INTELECTUAL,2015,5016223192
10-RECURSOS DEL TESORO,621-REGULACIÓN Y CONTROL DE SERVICIOS DE TRANSPORTE,2016,5011020000
20-RECURSOS DEL CREDITO PUBLICO,483-CREDITO PECUARIO,2011,4907800000
10-RECURSOS DEL TESORO,344-CULTURA,2016,4779511887
10-RECURSOS DEL TESORO,651-REGULACIÓN Y CONTROL DE LAS COOPERATIVAS,2011,4713641942
30-RECURSOS INSTITUCIONALES,355-SERVICIOS ESTADISTICOS,2012,4632663099
20-RECURSOS DEL CREDITO PUBLICO,319-SALUD SIN DISCRIMINAR,2015,4620956849
30-RECURSOS INSTITUCIONALES,181-INVERSIÓN EN ADMINISTRACIÓN GUBERNAMENTAL,2014,4559239196
30-RECURSOS INSTITUCIONALES,441-SERVICIOS FORESTALES,2012,4537777922
30-RECURSOS INSTITUCIONALES,454-CREDITO AGRICOLA Y PECUARIO,2016,4514595685
20-RECURSOS DEL CREDITO PUBLICO,181-INVERSIÓN EN ADMINISTRACIÓN GUBERNAMENTAL,2013,4504219038
30-RECURSOS INSTITUCIONALES,371-VIVIENDA Y URBANISMO,2016,4445028639
30-RECURSOS INSTITUCIONALES,181-INVERSIÓN EN ADMINISTRACIÓN GUBERNAMENTAL,2012,4429926879
10-RECURSOS DEL TESORO,225-IDENTIFICACIONES,2013,4409450052
30-RECURSOS INSTITUCIONALES,313-PROMOCIÓN Y ASISTENCIA,2011,4403543435
30-RECURSOS INSTITUCIONALES,355-SERVICIOS ESTADISTICOS,2013,4324506097
30-RECURSOS INSTITUCIONALES,441-SERVICIOS FORESTALES,2011,4323641918
10-RECURSOS DEL TESORO,225-IDENTIFICACIONES,2012,4281036208
30-RECURSOS INSTITUCIONALES,313-PROMOCIÓN Y ASISTENCIA,2014,4269775405
20-RECURSOS DEL CREDITO PUBLICO,483-CREDITO PECUARIO,2013,4120000000
20-RECURSOS DEL CREDITO PUBLICO,181-INVERSIÓN EN ADMINISTRACIÓN GUBERNAMENTAL,2014,4018536543
10-RECURSOS DEL TESORO,222-MIGRACIONES,2011,4004490684
30-RECURSOS INSTITUCIONALES,323-SERVICIOS DE ACCIÓN SOCIAL,2016,4000400533
20-RECURSOS DEL CREDITO PUBLICO,343-EDUCACION SUPERIOR Y UNIVERSITARIA,2013,3999304162
30-RECURSOS INSTITUCIONALES,221-ORDEN PÚBLICO Y SEGURIDAD INTERIOR,2014,3918603361
10-RECURSOS DEL TESORO,313-PROMOCIÓN Y ASISTENCIA,2015,3910046061
30-RECURSOS INSTITUCIONALES,"419-ENERGIA, COMBUSTIBLES Y MINERIA SIN DISCRIMINAR",2014,3842214384
30-RECURSOS INSTITUCIONALES,482-SEGUROS Y FINANZAS,2011,3775483215
30-RECURSOS INSTITUCIONALES,441-SERVICIOS FORESTALES,2015,3775083198
30-RECURSOS INSTITUCIONALES,181-INVERSIÓN EN ADMINISTRACIÓN GUBERNAMENTAL,2013,3750920104
20-RECURSOS DEL CREDITO PUBLICO,211-SERVICIOS DE SEGURIDAD NACIONAL,2015,3703780285
10-RECURSOS DEL TESORO,673-REG. Y CONTROL DE SERV. DE PROTECCION Y DEF. AL CONSUMIDOR,2015,3697731358
30-RECURSOS INSTITUCIONALES,221-ORDEN PÚBLICO Y SEGURIDAD INTERIOR,2015,3697088993
30-RECURSOS INSTITUCIONALES,111-LEGISLATIVA,2011,3684986872
20-RECURSOS DEL CREDITO PUBLICO,471-COMERCIALIZACIÓN Y PROMOCIÓN DE PRODUCTOS,2011,3676235547
30-RECURSOS INSTITUCIONALES,211-SERVICIOS DE SEGURIDAD NACIONAL,2016,3658596663
30-RECURSOS INSTITUCIONALES,"419-ENERGIA, COMBUSTIBLES Y LUBRICANTES SIN DISCRIMINAR",2013,3637837760
10-RECURSOS DEL TESORO,233-PROMOCIÓN Y ACCIÓN CORRECTIVA,2015,3634630571
10-RECURSOS DEL TESORO,672-REG. Y CONTROL DE LOS SERV. DE REG.DE PROP. INTELECTUAL,2014,3574190157
30-RECURSOS INSTITUCIONALES,341-EDUCACION ELEMENTAL,2013,3548592633
20-RECURSOS DEL CREDITO PUBLICO,319-SALUD SIN DISCRIMINAR,2014,3535500000
30-RECURSOS INSTITUCIONALES,"671-REG. Y CONTROL DEL SIST. NAC, CONTRATC PUB",2016,3515532046
30-RECURSOS INSTITUCIONALES,"419-ENERGIA, COMBUSTIBLES Y LUBRICANTES SIN DISCRIMINAR",2012,3476136280
10-RECURSOS DEL TESORO,233-PROMOCIÓN Y ACCIÓN CORRECTIVA,2014,3437640617
10-RECURSOS DEL TESORO,431-TRANSPORTE TERRESTRE,2015,3433206994
10-RECURSOS DEL TESORO,431-TRANSPORTE TERRESTRE,2013,3418073592
10-RECURSOS DEL TESORO,431-TRANSPORTE TERRESTRE,2014,3415017213
10-RECURSOS DEL TESORO,431-TRANSPORTE TERRESTRE,2012,3362412905
10-RECURSOS DEL TESORO,228-DEMARCACIÓN Y VIGILANCIA DE LÍMITES,2015,3349772315
20-RECURSOS DEL CREDITO PUBLICO,353-DIFUSION DEL CONOCIMIENTO CIENTIFICO Y TECNOLOGICO,2013,3321743712
20-RECURSOS DEL CREDITO PUBLICO,121-JUDICIAL,2011,3275809505
10-RECURSOS DEL TESORO,452-SERVICIOS PECUARIOS,2016,3219987800
10-RECURSOS DEL TESORO,439-TRANSPORTE SIN DISCRIMINAR,2014,3193686266
10-RECURSOS DEL TESORO,361-RELACIONES LABORALES,2016,3156999818
10-RECURSOS DEL TESORO,673-REG. Y CONTROL DE SERV. DE PROTECCION Y DEF. AL CONSUMIDOR,2014,3151122751
10-RECURSOS DEL TESORO,471-COMERCIALIZACIÓN Y PROMOCIÓN DE PRODUCTOS,2016,3119942671
10-RECURSOS DEL TESORO,421-SERVICIOS POSTALES,2016,3105551200
10-RECURSOS DEL TESORO,492-INVERSIÓN SERVICIOS ECONÓMICOS,2015,3080720000
30-RECURSOS INSTITUCIONALES,"419-ENERGIA, COMBUSTIBLES Y LUBRICANTES SIN DISCRIMINAR",2011,3072788228
10-RECURSOS DEL TESORO,291-SEGURIDAD SIN DISCRIMINAR,2016,3048805853
10-RECURSOS DEL TESORO,431-TRANSPORTE TERRESTRE,2011,3045002947
10-RECURSOS DEL TESORO,641-REGULACIÓN Y CONTROL DE SERVICIOS BURSATILES Y COMERCIALES,2013,3044128829
30-RECURSOS INSTITUCIONALES,449-ECOLOGIA Y MEDIO AMBIENTE SIN DISCRIMINAR,2011,2932505013
30-RECURSOS INSTITUCIONALES,353-DIFUSION DEL CONOCIMIENTO CIENTIFICO Y TECNOLOGICO,2013,2912882214
10-RECURSOS DEL TESORO,233-PROMOCIÓN Y ACCIÓN CORRECTIVA,2013,2764023726
10-RECURSOS DEL TESORO,110-LEGISLATIVA,2014,2748757896
10-RECURSOS DEL TESORO,641-REGULACIÓN Y CONTROL DE SERVICIOS BURSATILES Y COMERCIALES,2014,2736621230
30-RECURSOS INSTITUCIONALES,441-SERVICIOS FORESTALES,2014,2711663864
10-RECURSOS DEL TESORO,641-REGULACIÓN Y CONTROL DE SERVICIOS BURSATILES Y COMERCIALES,2015,2692644769
30-RECURSOS INSTITUCIONALES,352-INVESTIGACION Y DESARROLLO EXPERIMENTAL,2011,2690844105
30-RECURSOS INSTITUCIONALES,353-DISEMINACION DEL CONOCIMIENTO CIENTIFICO Y TECNOLOGICO,2012,2665656469
10-RECURSOS DEL TESORO,641-REGULACIÓN Y CONTROL DE SERVICIOS BURSATILES Y COMERCIALES,2012,2634126198
10-RECURSOS DEL TESORO,469-INDUSTRIA SIN DISCRIMINAR,2013,2629520380
10-RECURSOS DEL TESORO,439-TRANSPORTE SIN DISCRIMINAR,2011,2619742305
20-RECURSOS DEL CREDITO PUBLICO,325-SERVICIOS SOCIALES DE LOS GOB. DEPARTAMENTALES,2011,2617408098
20-RECURSOS DEL CREDITO PUBLICO,472-TURISMO,2015,2611170745
10-RECURSOS DEL TESORO,631-REGULACIÓN Y CONTROL DE SERVICIOS DE AGUA POTABLE Y ALCANTAR,2015,2603697135
30-RECURSOS INSTITUCIONALES,449-ECOLOGIA Y MEDIO AMBIENTE SIN DISCRIMINAR,2013,2550255225
10-RECURSOS DEL TESORO,439-TRANSPORTE SIN DISCRIMINAR,2012,2543908165
20-RECURSOS DEL CREDITO PUBLICO,472-TURISMO,2014,2526926692
10-RECURSOS DEL TESORO,631-REGULACIÓN Y CONTROL DE SERVICIOS DE AGUA POTABLE Y ALCANTAR,2014,2458129430
30-RECURSOS INSTITUCIONALES,321-ASISTENCIA  A PERSONAS CON NECESIDADES ESPECIALES,2012,2452725792
30-RECURSOS INSTITUCIONALES,181-INVERSIÓN EN ADMINISTRACIÓN GUBERNAMENTAL,2011,2451014185
10-RECURSOS DEL TESORO,454-CREDITO AGRICOLA Y PECUARIO,2016,2327320800
30-RECURSOS INSTITUCIONALES,355-SERVICIOS ESTADISTICOS,2015,2318524168
20-RECURSOS DEL CREDITO PUBLICO,472-TURISMO,2013,2234827208
30-RECURSOS INSTITUCIONALES,449-ECOLOGIA Y MEDIO AMBIENTE SIN DISCRIMINAR,2012,2209397806
20-RECURSOS DEL CREDITO PUBLICO,361-RELACIONES LABORALES,2015,2205337378
10-RECURSOS DEL TESORO,"329-PROMOCION,ASISTENCIA Y ACCION SOCIAL SIN DISCRIMINAR",2016,2135317715
30-RECURSOS INSTITUCIONALES,344-CULTURA,2013,2088330184
20-RECURSOS DEL CREDITO PUBLICO,181-INVERSIÓN EN ADMINISTRACIÓN GUBERNAMENTAL,2015,2080986729
30-RECURSOS INSTITUCIONALES,221-ORDEN PÚBLICO Y SEGURIDAD INTERIOR,2013,2076964028
10-RECURSOS DEL TESORO,"333-VEJEZ, INCAPACIDAD Y SUPERVIVENCIA",2011,2069109414
10-RECURSOS DEL TESORO,321-ASISTENCIA  A PERSONAS CON NECESIDADES ESPECIALES,2016,2050357131
20-RECURSOS DEL CREDITO PUBLICO,116-INVERSIÓN LEGISLATIVA,2012,2000156708
10-RECURSOS DEL TESORO,432-TRANSPORTE AEREO,2014,2000000000
10-RECURSOS DEL TESORO,"419-ENERGIA, COMBUSTIBLES Y MINERIA SIN DISCRIMINAR",2014,1987146651
10-RECURSOS DEL TESORO,641-REGULACIÓN Y CONTROL DE SERVICIOS BURSATILES Y COMERCIALES,2011,1918403971
30-RECURSOS INSTITUCIONALES,352-INVESTIGACION Y DESARROLLO EXPERIMENTAL,2012,1904074557
10-RECURSOS DEL TESORO,355-SERVICIOS ESTADISTICOS,2016,1817878128
30-RECURSOS INSTITUCIONALES,124-MINISTERIO PÚBLICO,2012,1789919918
20-RECURSOS DEL CREDITO PUBLICO,355-SERVICIOS ESTADISTICOS,2014,1757205757
10-RECURSOS DEL TESORO,439-TRANSPORTE SIN DISCRIMINAR,2013,1708126856
20-RECURSOS DEL CREDITO PUBLICO,483-CREDITO PECUARIO,2012,1700000000
10-RECURSOS DEL TESORO,352-INVESTIGACION Y DESARROLLO EXPERIMENTAL,2016,1680443005
10-RECURSOS DEL TESORO,110-LEGISLATIVA,2011,1666724521
10-RECURSOS DEL TESORO,"419-ENERGIA, COMBUSTIBLES Y LUBRICANTES SIN DISCRIMINAR",2012,1661537496
10-RECURSOS DEL TESORO,"419-ENERGIA, COMBUSTIBLES Y LUBRICANTES SIN DISCRIMINAR",2013,1657353838
30-RECURSOS INSTITUCIONALES,221-ORDEN PÚBLICO Y SEGURIDAD INTERIOR,2012,1634784662
30-RECURSOS INSTITUCIONALES,344-CULTURA,2012,1621755048
30-RECURSOS INSTITUCIONALES,222-MIGRACIONES,2016,1607625549
10-RECURSOS DEL TESORO,110-LEGISLATIVA,2013,1581689873
10-RECURSOS DEL TESORO,454-CREDITO AGRICOLA Y PECUARIO,2011,1561600000
30-RECURSOS INSTITUCIONALES,621-REGULACIÓN Y CONTROL DE SERVICIOS DE TRANSPORTE,2016,1557104815
20-RECURSOS DEL CREDITO PUBLICO,"329-PROMOCION,ASISTENCIA Y ACCION SOCIAL SIN DISCRIMINAR",2011,1534512725
10-RECURSOS DEL TESORO,"419-ENERGIA, COMBUSTIBLES Y LUBRICANTES SIN DISCRIMINAR",2011,1487684468
30-RECURSOS INSTITUCIONALES,326-SERVICIOS SOCIALES PARA LA REFORMA AGRARIA Y COLONIZACION,2016,1482851432
10-RECURSOS DEL TESORO,132-ADMINISTRACIÓN GENERAL,2016,1463167499
10-RECURSOS DEL TESORO,361-RELACIONES LABORALES,2014,1451600129
10-RECURSOS DEL TESORO,110-LEGISLATIVA,2012,1411828134
10-RECURSOS DEL TESORO,441-SERVICIOS FORESTALES,2016,1387940065
20-RECURSOS DEL CREDITO PUBLICO,121-JUDICIAL,2015,1347663548
30-RECURSOS INSTITUCIONALES,344-CULTURA,2014,1344414861
30-RECURSOS INSTITUCIONALES,352-INVESTIGACION Y DESARROLLO EXPERIMENTAL,2013,1342721640
10-RECURSOS DEL TESORO,469-INDUSTRIA SIN DISCRIMINAR,2012,1342324586
10-RECURSOS DEL TESORO,442-SERVICIOS DEL MEDIO AMBIENTE,2016,1313343860
30-RECURSOS INSTITUCIONALES,441-SERVICIOS FORESTALES,2013,1308879738
10-RECURSOS DEL TESORO,181-INVERSIÓN EN ADMINISTRACIÓN GUBERNAMENTAL,2015,1272946172
30-RECURSOS INSTITUCIONALES,352-INVESTIGACION Y DESARROLLO EXPERIMENTAL,2015,1270761698
20-RECURSOS DEL CREDITO PUBLICO,321-ASISTENCIA  A PERSONAS CON NECESIDADES ESPECIALES,2012,1261402870
20-RECURSOS DEL CREDITO PUBLICO,325-SERVICIOS SOCIALES DE LOS GOB. DEPARTAMENTALES,2012,1261402870
10-RECURSOS DEL TESORO,319-SALUD SIN DISCRIMINAR,2016,1259588923
30-RECURSOS INSTITUCIONALES,141-CONT. Y AUD. GUBERNAMENTAL,2015,1255386849
20-RECURSOS DEL CREDITO PUBLICO,121-JUDICIAL,2014,1252749404
30-RECURSOS INSTITUCIONALES,483-CREDITO PECUARIO,2016,1232853336
20-RECURSOS DEL CREDITO PUBLICO,121-JUDICIAL,2013,1216318231
30-RECURSOS INSTITUCIONALES,221-ORDEN PÚBLICO Y SEGURIDAD INTERIOR,2011,1178267484
30-RECURSOS INSTITUCIONALES,124-MINISTERIO PÚBLICO,2011,1149875287
10-RECURSOS DEL TESORO,461-PRODUCCION INDUSTRIAL,2016,1132434455
30-RECURSOS INSTITUCIONALES,344-CULTURA,2011,1078419500
10-RECURSOS DEL TESORO,226-REGISTRO CIVIL DE LAS PERSONAS,2016,1054492100
30-RECURSOS INSTITUCIONALES,313-PROMOCIÓN Y ASISTENCIA,2015,1049042719
30-RECURSOS INSTITUCIONALES,"359-CIENCIA , TECNOLOGIA Y DIFUSION SIN DISCRIMINAR",2015,1045036236
10-RECURSOS DEL TESORO,354-SERVICIOS CIENTIFICOS Y TECNOLOGICOS,2016,1022833100
30-RECURSOS INSTITUCIONALES,141-CONT. Y AUD. GUBERNAMENTAL,2011,1009835692
30-RECURSOS INSTITUCIONALES,355-SERVICIOS ESTADISTICOS,2011,999877140
10-RECURSOS DEL TESORO,441-SERVICIOS FORESTALES,2015,996290050
30-RECURSOS INSTITUCIONALES,354-SERVICIOS CIENTIFICOS Y TECNOLOGICOS,2016,992525374
30-RECURSOS INSTITUCIONALES,341-EDUCACION ELEMENTAL,2014,990825714
10-RECURSOS DEL TESORO,222-MIGRACIONES,2016,985896100
10-RECURSOS DEL TESORO,422-SERV. DE TELECOMUNICACIONES Y TELEVISION,2016,968703384
10-RECURSOS DEL TESORO,353-DIFUSION DEL CONOCIMIENTO CIENTIFICO Y TECNOLOGICO,2016,953351408
30-RECURSOS INSTITUCIONALES,131-CONDUCCIÓN POLITICA,2016,918672123
10-RECURSOS DEL TESORO,161-CULTO,2012,917673954
20-RECURSOS DEL CREDITO PUBLICO,121-JUDICIAL,2012,862217774
10-RECURSOS DEL TESORO,"359-CIENCIA , TECNOLOGIA Y DIFUSION SIN DISCRIMINAR",2015,837667716
10-RECURSOS DEL TESORO,113-CAMARA DE DIPUTADOS,2012,810631982
30-RECURSOS INSTITUCIONALES,344-CULTURA,2015,809750000
20-RECURSOS DEL CREDITO PUBLICO,461-PRODUCCION INDUSTRIAL,2011,769704525
30-RECURSOS INSTITUCIONALES,353-DISEMINACION DEL CONOCIMIENTO CIENTIFICO Y TECNOLOGICO,2011,762302118
10-RECURSOS DEL TESORO,161-CULTO,2011,707153702
10-RECURSOS DEL TESORO,"359-CIENCIA , TECNOLOGIA Y DIFUSION SIN DISCRIMINAR",2014,681853122
20-RECURSOS DEL CREDITO PUBLICO,361-RELACIONES LABORALES,2014,665383312
20-RECURSOS DEL CREDITO PUBLICO,472-TURISMO,2012,664027724
20-RECURSOS DEL CREDITO PUBLICO,483-CREDITO PECUARIO,2014,625000000
10-RECURSOS DEL TESORO,651-REGULACIÓN Y CONTROL DE COOPERATIVAS,2016,617700000
10-RECURSOS DEL TESORO,128-REGISTRO PÚBLICO DE BIENES,2012,614578226
30-RECURSOS INSTITUCIONALES,472-TURISMO,2016,580411913
10-RECURSOS DEL TESORO,631-REG Y CONTROL DE SERVICIOS DE AGUA POTABLE Y ALCANTARILLADOS,2016,569845718
30-RECURSOS INSTITUCIONALES,111-LEGISLATIVA,2013,560633783
10-RECURSOS DEL TESORO,345-DEPORTE Y RECREACION,2016,544537492
10-RECURSOS DEL TESORO,113-CAMARA DE DIPUTADOS,2011,544350915
10-RECURSOS DEL TESORO,631-REGULACIÓN Y CONTROL DE SERVICIOS DE AGUA POTABLE Y ALCANTAR,2011,534547593
30-RECURSOS INSTITUCIONALES,441-SERVICIOS FORESTALES,2016,508734640
30-RECURSOS INSTITUCIONALES,111-LEGISLATIVA,2012,500300000
30-RECURSOS INSTITUCIONALES,141-CONT. Y AUD. GUBERNAMENTAL,2013,490161924
10-RECURSOS DEL TESORO,472-TURISMO,2016,486635775
30-RECURSOS INSTITUCIONALES,442-SERVICIOS DEL MEDIO AMBIENTE,2016,453892077
10-RECURSOS DEL TESORO,433-TRANSPORTE FLUVIAL,2012,450235315
10-RECURSOS DEL TESORO,233-PROMOCIÓN Y ACCIÓN CORRECTIVA,2016,434914780
10-RECURSOS DEL TESORO,311-ATENCION MEDICA,2016,433297432
10-RECURSOS DEL TESORO,161-CULTO,2013,424389300
30-RECURSOS INSTITUCIONALES,116-INVERSIÓN LEGISLATIVA,2012,421546181
10-RECURSOS DEL TESORO,433-TRANSPORTE FLUVIAL,2013,420540431
10-RECURSOS DEL TESORO,433-TRANSPORTE FLUVIAL,2014,420290497
10-RECURSOS DEL TESORO,433-TRANSPORTE FLUVIAL,2011,410500988
20-RECURSOS DEL CREDITO PUBLICO,311-ATENCION MEDICA,2015,408936328
10-RECURSOS DEL TESORO,681-REG. Y CONTROL EN LA LIBRE COMPETENCIA EN LOS MERCADOS,2015,390774276
10-RECURSOS DEL TESORO,359-CIENCIA Y TECNOLOGIA SIN DISCRIMINAR,2013,384397372
30-RECURSOS INSTITUCIONALES,631-REG Y CONTROL DE SERVICIOS DE AGUA POTABLE Y ALCANTARILLADOS,2016,374350686
10-RECURSOS DEL TESORO,672-REG. Y CONTROL DE LOS SERV. REG.DE PROP. INTELECTUAL,2016,354445000
10-RECURSOS DEL TESORO,441-SERVICIOS FORESTALES,2011,353625110
30-RECURSOS INSTITUCIONALES,"459-AGRICULTURA , GANADERIA, CAZA Y PESCA SIN DISCRIMINAR",2016,348573680
30-RECURSOS INSTITUCIONALES,431-TRANSPORTE TERRESTRE,2016,340410415
30-RECURSOS INSTITUCIONALES,143-ADMINISTRACION FINANCIERA Y CONTROL GUBERNAMENTAL,2016,318420471
30-RECURSOS INSTITUCIONALES,672-REG. Y CONTROL DE LOS SERV. REG.DE PROP. INTELECTUAL,2016,313039853
20-RECURSOS DEL CREDITO PUBLICO,111-LEGISLATIVA,2013,300360000
30-RECURSOS INSTITUCIONALES,349-EDUCACION Y CULTURA SIN DISCRIMINAR,2016,295861630
30-RECURSOS INSTITUCIONALES,471-COMERCIALIZACIÓN Y PROMOCIÓN DE PRODUCTOS,2016,289137695
30-RECURSOS INSTITUCIONALES,359-CIENCIA Y TECNOLOGIA SIN DISCRIMINAR,2013,281241500
20-RECURSOS DEL CREDITO PUBLICO,355-SERVICIOS ESTADISTICOS,2015,275932116
10-RECURSOS DEL TESORO,161-CULTO,2014,264432000
10-RECURSOS DEL TESORO,116-INVERSIÓN LEGISLATIVA,2012,262154311
10-RECURSOS DEL TESORO,641-REGULACIÓN Y CONTROL DE SERVICIOS BURSATILES Y COMERCIALES,2016,255008710
30-RECURSOS INSTITUCIONALES,355-SERVICIOS ESTADISTICOS,2014,251430734
20-RECURSOS DEL CREDITO PUBLICO,349-EDUCACION Y CULTURA SIN DISCRIMINAR,2016,243405776
10-RECURSOS DEL TESORO,"333-VEJEZ, INCAPACIDAD Y SUPERVIVENCIA",2012,238408337
20-RECURSOS DEL CREDITO PUBLICO,142-CONTROL FISCAL,2011,232458133
30-RECURSOS INSTITUCIONALES,225-IDENTIFICACIONES,2016,217404000
10-RECURSOS DEL TESORO,228-DEMARCACIÓN Y VIGILANCIA DE LÍMITES,2016,216073943
30-RECURSOS INSTITUCIONALES,641-REGULACIÓN Y CONTROL DE SERVICIOS BURSATILES Y COMERCIALES,2015,214651302
10-RECURSOS DEL TESORO,"333-VEJEZ, INCAPACIDAD Y SUPERVIVENCIA",2014,207252987
30-RECURSOS INSTITUCIONALES,373-ORDENACION URBANA Y RURAL,2016,204108832
10-RECURSOS DEL TESORO,681-REG. Y CONTROL EN LA LIBRE COMPETENCIA EN LOS MERCADOS,2016,200454750
30-RECURSOS INSTITUCIONALES,141-CONT. Y AUD. GUBERNAMENTAL,2014,188201193
30-RECURSOS INSTITUCIONALES,461-PRODUCCION INDUSTRIAL,2016,184554644
30-RECURSOS INSTITUCIONALES,231-RECLUSIÓN PENAL,2016,181504432
20-RECURSOS DEL CREDITO PUBLICO,311-ATENCION MEDICA,2014,176742000
10-RECURSOS DEL TESORO,"333-VEJEZ, INCAPACIDAD Y SUPERVIVENCIA",2015,172070186
30-RECURSOS INSTITUCIONALES,641-REGULACIÓN Y CONTROL DE SERVICIOS BURSATILES Y COMERCIALES,2014,171040198
10-RECURSOS DEL TESORO,673-REG Y CONTROL DE LOS SERV. DE PROTECCION Y DEF AL CONSUMIDOR,2016,159981322
10-RECURSOS DEL TESORO,313-PROMOCIÓN Y ASISTENCIA,2016,154248110
30-RECURSOS INSTITUCIONALES,352-INVESTIGACION Y DESARROLLO EXPERIMENTAL,2016,152194992
30-RECURSOS INSTITUCIONALES,161-CULTO,2012,150000000
30-RECURSOS INSTITUCIONALES,641-REGULACIÓN Y CONTROL DE SERVICIOS BURSATILES Y COMERCIALES,2011,149962879
30-RECURSOS INSTITUCIONALES,345-DEPORTE Y RECREACION,2016,148213951
10-RECURSOS DEL TESORO,431-TRANSPORTE TERRESTRE,2016,146677295
20-RECURSOS DEL CREDITO PUBLICO,N/A,2014,145114589
30-RECURSOS INSTITUCIONALES,651-REGULACIÓN Y CONTROL DE COOPERATIVAS,2016,143398277
30-RECURSOS INSTITUCIONALES,641-REGULACIÓN Y CONTROL DE SERVICIOS BURSATILES Y COMERCIALES,2012,143243896
30-RECURSOS INSTITUCIONALES,221-ORDEN PÚBLICO Y SEGURIDAD INTERIOR,2016,133387370
30-RECURSOS INSTITUCIONALES,361-RELACIONES LABORALES,2014,131977833
30-RECURSOS INSTITUCIONALES,116-INVERSIÓN LEGISLATIVA,2011,124130038
30-RECURSOS INSTITUCIONALES,"419-ENERGIA, COMBUSTIBLES Y MINERIA SIN DISCRIMINAR",2016,117008651
10-RECURSOS DEL TESORO,"333-VEJEZ, INCAPACIDAD Y SUPERVIVENCIA",2013,108845492
30-RECURSOS INSTITUCIONALES,355-SERVICIOS ESTADISTICOS,2016,108450000
10-RECURSOS DEL TESORO,116-INVERSIÓN LEGISLATIVA,2011,104288272
30-RECURSOS INSTITUCIONALES,641-REGULACIÓN Y CONTROL DE SERVICIOS BURSATILES Y COMERCIALES,2013,88146400
30-RECURSOS INSTITUCIONALES,161-CULTO,2011,87000000
30-RECURSOS INSTITUCIONALES,319-SALUD SIN DISCRIMINAR,2016,81479548
20-RECURSOS DEL CREDITO PUBLICO,471-COMERCIALIZACIÓN Y PROMOCIÓN DE PRODUCTOS,2016,79982354
30-RECURSOS INSTITUCIONALES,422-SERV. DE TELECOMUNICACIONES Y TELEVISION,2016,75054159
20-RECURSOS DEL CREDITO PUBLICO,326-SERVICIOS SOCIALES PARA LA REFORMA AGRARIA Y COLONIZACION,2012,73882880
10-RECURSOS DEL TESORO,"359-CIENCIA , TECNOLOGIA Y DIFUSION SIN DISCRIMINAR",2016,67629050
30-RECURSOS INSTITUCIONALES,342-EDUCACION MEDIA Y TECNICA,2016,39131692
10-RECURSOS DEL TESORO,391-OTROS  SERVICIOS SOCIALES,2016,35746560
30-RECURSOS INSTITUCIONALES,"359-CIENCIA , TECNOLOGIA Y DIFUSION SIN DISCRIMINAR",2014,27083700
30-RECURSOS INSTITUCIONALES,226-REGISTRO CIVIL DE LAS PERSONAS,2016,26097999
30-RECURSOS INSTITUCIONALES,181-INVERSIÓN EN ADMINISTRACIÓN GUBERNAMENTAL,2016,22000000
10-RECURSOS DEL TESORO,181-INVERSIÓN EN ADMINISTRACIÓN GUBERNAMENTAL,2016,19789091
20-RECURSOS DEL CREDITO PUBLICO,355-SERVICIOS ESTADISTICOS,2016,19454546
20-RECURSOS DEL CREDITO PUBLICO,472-TURISMO,2016,12272727
20-RECURSOS DEL CREDITO PUBLICO,181-INVERSIÓN EN ADMINISTRACIÓN GUBERNAMENTAL,2016,9090909
30-RECURSOS INSTITUCIONALES,641-REGULACIÓN Y CONTROL DE SERVICIOS BURSATILES Y COMERCIALES,2016,4299773
20-RECURSOS DEL CREDITO PUBLICO,483-CREDITO PECUARIO,2016,0
20-RECURSOS DEL CREDITO PUBLICO,433-TRANSPORTE FLUVIAL,2016,0
20-RECURSOS DEL CREDITO PUBLICO,143-ADMINISTRACION FINANCIERA Y CONTROL GUBERNAMENTAL,2014,0
10-RECURSOS DEL TESORO,312-SANEAMIENTO AMBIENTAL,2016,0
20-RECURSOS DEL CREDITO PUBLICO,116-INVERSIÓN LEGISLATIVA,2011,0
20-RECURSOS DEL CREDITO PUBLICO,313-PROMOCIÓN Y ASISTENCIA,2014,0
20-RECURSOS DEL CREDITO PUBLICO,143-ADMINISTRACION FINANCIERA Y CONTROL GUBERNAMENTAL,2011,0
10-RECURSOS DEL TESORO,433-TRANSPORTE FLUVIAL,2016,0
30-RECURSOS INSTITUCIONALES,233-PROMOCIÓN Y ACCIÓN CORRECTIVA,2016,0
20-RECURSOS DEL CREDITO PUBLICO,143-ADMINISTRACION FINANCIERA Y CONTROL GUBERNAMENTAL,2013,0
20-RECURSOS DEL CREDITO PUBLICO,361-RELACIONES LABORALES,2016,0
20-RECURSOS DEL CREDITO PUBLICO,454-CREDITO AGRICOLA Y PECUARIO,2016,0
30-RECURSOS INSTITUCIONALES,313-PROMOCIÓN Y ASISTENCIA,2016,0
20-RECURSOS DEL CREDITO PUBLICO,312-SANEAMIENTO AMBIENTAL,2016,0
30-RECURSOS INSTITUCIONALES,141-CONT. Y AUD. GUBERNAMENTAL,2016,0
10-RECURSOS DEL TESORO,454-CREDITO AGRICOLA Y PECUARIO,2012,0
20-RECURSOS DEL CREDITO PUBLICO,344-CULTURA,2016,0
30-RECURSOS INSTITUCIONALES,"359-CIENCIA , TECNOLOGIA Y DIFUSION SIN DISCRIMINAR",2016,0
10-RECURSOS DEL TESORO,161-CULTO,2016,0
30-RECURSOS INSTITUCIONALES,321-ASISTENCIA  A PERSONAS CON NECESIDADES ESPECIALES,2013,0
20-RECURSOS DEL CREDITO PUBLICO,"459-AGRICULTURA , GANADERIA, CAZA Y PESCA SIN DISCRIMINAR",2016,0
20-RECURSOS DEL CREDITO PUBLICO,326-SERVICIOS SOCIALES PARA LA REFORMA AGRARIA Y COLONIZACION,2016,0
10-RECURSOS DEL TESORO,441-SERVICIOS FORESTALES,2012,0
30-RECURSOS INSTITUCIONALES,291-SEGURIDAD SIN DISCRIMINAR,2016,0
10-RECURSOS DEL TESORO,454-CREDITO AGRICOLA Y PECUARIO,2013,0
30-RECURSOS INSTITUCIONALES,344-CULTURA,2016,0
10-RECURSOS DEL TESORO,441-SERVICIOS FORESTALES,2013,0
30-RECURSOS INSTITUCIONALES,673-REG Y CONTROL DE LOS SERV. DE PROTECCION Y DEF AL CONSUMIDOR,2016,0
20-RECURSOS DEL CREDITO PUBLICO,461-PRODUCCION INDUSTRIAL,2016,0
10-RECURSOS DEL TESORO,373-ORDENACION URBANA Y RURAL,2016,0
30-RECURSOS INSTITUCIONALES,391-OTROS  SERVICIOS SOCIALES,2011,0
30-RECURSOS INSTITUCIONALES,413-ELECTRICIDAD,2016,0
30-RECURSOS INSTITUCIONALES,312-SANEAMIENTO AMBIENTAL,2016,0
30-RECURSOS INSTITUCIONALES,228-DEMARCACIÓN Y VIGILANCIA DE LÍMITES,2015,0
10-RECURSOS DEL TESORO,510-SERVICIOS DE LA DEUDA PUBLICA,2011,0
10-RECURSOS DEL TESORO,441-SERVICIOS FORESTALES,2014,0
20-RECURSOS DEL CREDITO PUBLICO,134-ADMINISTRACIÓN MUNICIPAL,2011,0
10-RECURSOS DEL TESORO,492-INVERSIÓN SERVICIOS ECONÓMICOS,2013,0
10-RECURSOS DEL TESORO,N/A,2014,0
30-RECURSOS INSTITUCIONALES,673-REG. Y CONTROL DE SERV. DE PROTECCION Y DEF. AL CONSUMIDOR,2015,0
10-RECURSOS DEL TESORO,179-INVERSIÓN DE GOBIERNOS DEPARTAMENTALES,2011,0
20-RECURSOS DEL CREDITO PUBLICO,413-ELECTRICIDAD,2016,0
20-RECURSOS DEL CREDITO PUBLICO,311-ATENCION MEDICA,2013,0
10-RECURSOS DEL TESORO,"333-VEJEZ, INCAPACIDAD Y SUPERVIVENCIA",2016,0
30-RECURSOS INSTITUCIONALES,171-APOYO A LOS GOBIERNOS DEPARTAMENTALES,2011,0
30-RECURSOS INSTITUCIONALES,341-EDUCACION ELEMENTAL,2016,0
20-RECURSOS DEL CREDITO PUBLICO,319-SALUD SIN DISCRIMINAR,2016,0
20-RECURSOS DEL CREDITO PUBLICO,121-JUDICIAL,2016,0
10-RECURSOS DEL TESORO,225-IDENTIFICACIONES,2015,0
30-RECURSOS INSTITUCIONALES,421-SERVICIOS POSTALES,2016,0
