grupo_economico,funcion,anho,monto
200 GASTOS DE CAPITAL,481-INTERMEDIACION FINANCIERA,2012,5686378104202
100 GASTOS  CORRIENTES,334-SERVICIOS DE JUBILACIONES Y PENSIONES,2015,5128441213328
100 GASTOS  CORRIENTES,334-SERVICIOS DE JUBILACIONES Y PENSIONES,2014,4425014245172
100 GASTOS  CORRIENTES,311-ATENCION MEDICA,2014,4299470170944
200 GASTOS DE CAPITAL,412-PETROLEO Y GAS,2012,4142110244134
100 GASTOS  CORRIENTES,311-ATENCION MEDICA,2015,4035827155779
200 GASTOS DE CAPITAL,132-ADMINISTRACIÓN GENERAL,2012,3953959792253
100 GASTOS  CORRIENTES,334-SERVICIOS DE JUBILACIONES Y PENSIONES,2013,3910035203466
100 GASTOS  CORRIENTES,311-ATENCION MEDICA,2013,3660461047046
100 GASTOS  CORRIENTES,311-ATENCION MEDICA,2012,3632647589536
200 GASTOS DE CAPITAL,412-PETROLEO Y GAS,2011,3606534723957
200 GASTOS DE CAPITAL,412-PETROLEO Y GAS,2013,3512133553460
200 GASTOS DE CAPITAL,413-ELECTRICIDAD,2015,3452980803749
100 GASTOS  CORRIENTES,334-SERVICIOS DE JUBILACIONES Y PENSIONES,2012,3390372142744
200 GASTOS DE CAPITAL,412-PETROLEO Y GAS,2014,3124658335966
200 GASTOS DE CAPITAL,413-ELECTRICIDAD,2014,2902328098196
100 GASTOS  CORRIENTES,341-EDUCACION ELEMENTAL,2015,2707493291740
100 GASTOS  CORRIENTES,311-ATENCION MEDICA,2011,2657503426261
100 GASTOS  CORRIENTES,334-SERVICIOS DE JUBILACIONES Y PENSIONES,2011,2611597189965
200 GASTOS DE CAPITAL,491-SERVICIOS DE OBRAS PÚBLICAS,2015,2567050465145
200 GASTOS DE CAPITAL,481-INTERMEDIACION FINANCIERA,2015,2542759789843
100 GASTOS  CORRIENTES,343-EDUCACION SUPERIOR Y UNIVERSITARIA,2014,2510039607700
100 GASTOS  CORRIENTES,341-EDUCACION ELEMENTAL,2014,2502159781908
100 GASTOS  CORRIENTES,341-EDUCACION ELEMENTAL,2013,2438574399737
200 GASTOS DE CAPITAL,413-ELECTRICIDAD,2013,2374580044640
100 GASTOS  CORRIENTES,121-JUDICIAL,2015,2354346510252
200 GASTOS DE CAPITAL,481-INTERMEDIACION FINANCIERA,2014,2352145063879
100 GASTOS  CORRIENTES,341-EDUCACION ELEMENTAL,2012,2307787806793
100 GASTOS  CORRIENTES,343-EDUCACION SUPERIOR Y UNIVERSITARIA,2013,2288230216495
200 GASTOS DE CAPITAL,413-ELECTRICIDAD,2011,2253488459284
200 GASTOS DE CAPITAL,491-SERVICIOS DE OBRAS PÚBLICAS,2014,2236227327184
200 GASTOS DE CAPITAL,412-PETROLEO Y GAS,2015,2186464964030
200 GASTOS DE CAPITAL,481-INTERMEDIACION FINANCIERA,2013,2169205566171
100 GASTOS  CORRIENTES,121-JUDICIAL,2014,2089822478280
200 GASTOS DE CAPITAL,413-ELECTRICIDAD,2012,2084309852761
100 GASTOS  CORRIENTES,343-EDUCACION SUPERIOR Y UNIVERSITARIA,2012,2061252165903
100 GASTOS  CORRIENTES,221-ORDEN PÚBLICO Y SEGURIDAD INTERIOR,2015,2010469865854
100 GASTOS  CORRIENTES,121-JUDICIAL,2013,1954795208650
200 GASTOS DE CAPITAL,491-SERVICIOS DE OBRAS PÚBLICAS,2013,1943860884593
100 GASTOS  CORRIENTES,349-EDUCACION Y CULTURA SIN DISCRIMINAR,2015,1882712676843
100 GASTOS  CORRIENTES,341-EDUCACION ELEMENTAL,2011,1878174533479
100 GASTOS  CORRIENTES,221-ORDEN PÚBLICO Y SEGURIDAD INTERIOR,2014,1805506984174
100 GASTOS  CORRIENTES,121-JUDICIAL,2012,1747422546755
100 GASTOS  CORRIENTES,221-ORDEN PÚBLICO Y SEGURIDAD INTERIOR,2013,1685213880483
300 GASTOS DE FINANCIAMIENTO,511-SERVICIOS DE LA DEUDA PÚBLICA,2015,1580497959689
100 GASTOS  CORRIENTES,343-EDUCACION SUPERIOR Y UNIVERSITARIA,2011,1550060730049
300 GASTOS DE FINANCIAMIENTO,511-SERVICIOS DE LA DEUDA PÚBLICA,2011,1535455622724
200 GASTOS DE CAPITAL,491-SERVICIOS DE OBRAS PÚBLICAS,2012,1533348095271
100 GASTOS  CORRIENTES,319-SALUD SIN DISCRIMINAR,2015,1525462231711
300 GASTOS DE FINANCIAMIENTO,511-SERVICIOS DE LA DEUDA PÚBLICA,2014,1503305823128
100 GASTOS  CORRIENTES,121-JUDICIAL,2011,1457780146182
100 GASTOS  CORRIENTES,325-SERVICIOS SOCIALES DE LOS GOB. DEPARTAMENTALES,2015,1440375148426
300 GASTOS DE FINANCIAMIENTO,511-SERVICIOS DE LA DEUDA PÚBLICA,2012,1434260996260
100 GASTOS  CORRIENTES,221-ORDEN PÚBLICO Y SEGURIDAD INTERIOR,2012,1410982314860
200 GASTOS DE CAPITAL,325-SERVICIOS SOCIALES DE LOS GOB. DEPARTAMENTALES,2015,1407613184252
100 GASTOS  CORRIENTES,343-EDUCACION SUPERIOR Y UNIVERSITARIA,2015,1383028620867
100 GASTOS  CORRIENTES,413-ELECTRICIDAD,2015,1360867523554
200 GASTOS DE CAPITAL,481-INTERMEDIACION FINANCIERA,2011,1350126735904
200 GASTOS DE CAPITAL,325-SERVICIOS SOCIALES DE LOS GOB. DEPARTAMENTALES,2014,1349811643679
200 GASTOS DE CAPITAL,492-INVERSIÓN SERVICIOS ECONÓMICOS,2014,1314851661611
100 GASTOS  CORRIENTES,211-SERVICIOS DE SEGURIDAD NACIONAL,2015,1296618346523
200 GASTOS DE CAPITAL,325-SERVICIOS SOCIALES DE LOS GOB. DEPARTAMENTALES,2013,1264349619031
100 GASTOS  CORRIENTES,325-SERVICIOS SOCIALES DE LOS GOB. DEPARTAMENTALES,2014,1262497969223
100 GASTOS  CORRIENTES,413-ELECTRICIDAD,2014,1259270091919
100 GASTOS  CORRIENTES,211-SERVICIOS DE SEGURIDAD NACIONAL,2014,1198121082530
100 GASTOS  CORRIENTES,413-ELECTRICIDAD,2013,1188634942169
100 GASTOS  CORRIENTES,511-SERVICIOS DE LA DEUDA PÚBLICA,2015,1167861075849
300 GASTOS DE FINANCIAMIENTO,511-SERVICIOS DE LA DEUDA PÚBLICA,2013,1164020411262
100 GASTOS  CORRIENTES,211-SEGURIDAD NACIONAL,2013,1146176197622
100 GASTOS  CORRIENTES,413-ELECTRICIDAD,2012,1111540133969
200 GASTOS DE CAPITAL,491-SERVICIOS DE OBRAS PÚBLICAS,2011,1101377675997
100 GASTOS  CORRIENTES,221-ORDEN PÚBLICO Y SEGURIDAD INTERIOR,2011,1084873436803
100 GASTOS  CORRIENTES,325-SERVICIOS SOCIALES DE LOS GOB. DEPARTAMENTALES,2013,1031824144165
200 GASTOS DE CAPITAL,492-INVERSIÓN SERVICIOS ECONÓMICOS,2015,1030247589164
100 GASTOS  CORRIENTES,211-DEFENSA MILITAR,2012,981559465780
100 GASTOS  CORRIENTES,319-SALUD SIN DISCRIMINAR,2014,969231586870
100 GASTOS  CORRIENTES,342-EDUCACION MEDIA Y TECNICA,2012,966081025327
100 GASTOS  CORRIENTES,342-EDUCACION MEDIA Y TECNICA,2015,958331914458
100 GASTOS  CORRIENTES,342-EDUCACION MEDIA Y TECNICA,2013,949268850480
100 GASTOS  CORRIENTES,342-EDUCACION MEDIA Y TECNICA,2014,899032815665
100 GASTOS  CORRIENTES,413-ELECTRICIDAD,2011,846623179224
100 GASTOS  CORRIENTES,325-SERVICIOS SOCIALES DE LOS GOB. DEPARTAMENTALES,2012,843458632012
100 GASTOS  CORRIENTES,342-EDUCACION MEDIA Y TECNICA,2011,837691548171
200 GASTOS DE CAPITAL,134-ADMINISTRACIÓN MUNICIPAL,2012,833048896234
100 GASTOS  CORRIENTES,211-DEFENSA MILITAR,2011,753814526113
100 GASTOS  CORRIENTES,323-SERVICIOS DE ACCIÓN SOCIAL,2015,727485176346
100 GASTOS  CORRIENTES,481-INTERMEDIACION FINANCIERA,2014,712682321433
100 GASTOS  CORRIENTES,481-INTERMEDIACION FINANCIERA,2015,710171364469
100 GASTOS  CORRIENTES,511-SERVICIOS DE LA DEUDA PÚBLICA,2014,691890112397
100 GASTOS  CORRIENTES,349-EDUCACION Y CULTURA SIN DISCRIMINAR,2014,686413010937
100 GASTOS  CORRIENTES,325-SERVICIOS SOCIALES DE LOS GOB. DEPARTAMENTALES,2011,669189856363
200 GASTOS DE CAPITAL,334-SERVICIOS DE JUBILACIONES Y PENSIONES,2013,664412000000
100 GASTOS  CORRIENTES,334-SERVICIOS DE JUBILACIONES Y PENSIONES,2016,658074892143
200 GASTOS DE CAPITAL,331-ADMINISTRACION DE LOS SERVICIOS DE SEGURIDAD SOCIAL,2015,651628425419
200 GASTOS DE CAPITAL,326-SERVICIOS SOCIALES PARA LA REFORMA AGRARIA Y COLONIZACION,2012,648648742966
200 GASTOS DE CAPITAL,334-SERVICIOS DE JUBILACIONES Y PENSIONES,2015,647439000000
200 GASTOS DE CAPITAL,371-VIVIENDA Y URBANISMO,2013,643081337353
100 GASTOS  CORRIENTES,323-SERVICIOS DE ACCIÓN SOCIAL,2014,639376239372
200 GASTOS DE CAPITAL,323-SERVICIOS DE ACCIÓN SOCIAL,2015,639153045725
100 GASTOS  CORRIENTES,481-INTERMEDIACION FINANCIERA,2013,629796280282
200 GASTOS DE CAPITAL,325-SERVICIOS SOCIALES DE LOS GOB. DEPARTAMENTALES,2012,620628063353
100 GASTOS  CORRIENTES,319-SALUD SIN DISCRIMINAR,2011,614803475904
100 GASTOS  CORRIENTES,319-SALUD SIN DISCRIMINAR,2012,592069600342
100 GASTOS  CORRIENTES,132-ADMINISTRACIÓN GENERAL,2013,565180204502
100 GASTOS  CORRIENTES,511-SERVICIOS DE LA DEUDA PÚBLICA,2013,536098497839
100 GASTOS  CORRIENTES,323-SERVICIOS DE ACCIÓN SOCIAL,2012,535405670402
200 GASTOS DE CAPITAL,371-VIVIENDA Y URBANISMO,2014,523546660651
200 GASTOS DE CAPITAL,334-SERVICIOS DE JUBILACIONES Y PENSIONES,2014,521177500000
200 GASTOS DE CAPITAL,326-SERVICIOS SOCIALES PARA LA REFORMA AGRARIA Y COLONIZACION,2011,519667594329
100 GASTOS  CORRIENTES,132-ADMINISTRACIÓN GENERAL,2012,508509471729
100 GASTOS  CORRIENTES,323-SERVICIOS DE ACCIÓN SOCIAL,2013,503744145034
200 GASTOS DE CAPITAL,371-VIVIENDA Y URBANISMO,2012,501427803859
100 GASTOS  CORRIENTES,323-SERVICIOS DE ACCIÓN SOCIAL,2011,499343172509
100 GASTOS  CORRIENTES,481-INTERMEDIACION FINANCIERA,2012,496458715457
100 GASTOS  CORRIENTES,349-EDUCACION Y CULTURA SIN DISCRIMINAR,2013,492728699785
200 GASTOS DE CAPITAL,371-VIVIENDA Y URBANISMO,2015,486574109715
200 GASTOS DE CAPITAL,323-SERVICIOS DE ACCIÓN SOCIAL,2011,467228796252
100 GASTOS  CORRIENTES,142-CONTROL FISCAL,2014,453533100145
200 GASTOS DE CAPITAL,461-PRODUCCION INDUSTRIAL,2014,446805450571
100 GASTOS  CORRIENTES,412-PETROLEO Y GAS,2011,446257436874
200 GASTOS DE CAPITAL,461-PRODUCCION INDUSTRIAL,2015,436061880705
100 GASTOS  CORRIENTES,142-CONTROL FISCAL,2015,425212322608
100 GASTOS  CORRIENTES,319-SALUD SIN DISCRIMINAR,2013,424783284444
100 GASTOS  CORRIENTES,133-SERVICIO EXTERIOR,2015,422428859884
100 GASTOS  CORRIENTES,111-LEGISLATIVA,2015,419216539554
100 GASTOS  CORRIENTES,111-LEGISLATIVA,2013,403914309930
100 GASTOS  CORRIENTES,481-INTERMEDIACION FINANCIERA,2011,403315005516
100 GASTOS  CORRIENTES,111-LEGISLATIVA,2014,402020037046
200 GASTOS DE CAPITAL,331-ADMINISTRACION Y PROMOCION,2013,397865388775
200 GASTOS DE CAPITAL,331-ADMINISTRACION DE LOS SERVICIOS DE SEGURIDAD SOCIAL,2014,396760727979
100 GASTOS  CORRIENTES,511-SERVICIOS DE LA DEUDA PÚBLICA,2011,393619631653
200 GASTOS DE CAPITAL,371-VIVIENDA Y URBANISMO,2011,384699495853
100 GASTOS  CORRIENTES,611-REGULACIÓN Y CONTROL DE SERVICIOS DE TELECOMUNICACIÓN,2015,376951588892
200 GASTOS DE CAPITAL,326-SERVICIOS SOCIALES PARA LA REFORMA AGRARIA Y COLONIZACION,2013,370076816692
100 GASTOS  CORRIENTES,111-LEGISLATIVA,2012,369327885516
100 GASTOS  CORRIENTES,132-ADMINISTRACIÓN GENERAL,2014,363054197493
100 GASTOS  CORRIENTES,511-SERVICIOS DE LA DEUDA PÚBLICA,2012,355049086110
200 GASTOS DE CAPITAL,349-EDUCACION Y CULTURA SIN DISCRIMINAR,2015,354329706158
100 GASTOS  CORRIENTES,349-EDUCACION Y CULTURA SIN DISCRIMINAR,2012,350466608068
200 GASTOS DE CAPITAL,325-SERVICIOS SOCIALES DE LOS GOB. DEPARTAMENTALES,2011,345570987176
200 GASTOS DE CAPITAL,326-SERVICIOS SOCIALES PARA LA REFORMA AGRARIA Y COLONIZACION,2014,343315329410
100 GASTOS  CORRIENTES,511-SERVICIOS DE LA DEUDA PÚBLICA,2016,342183071835
200 GASTOS DE CAPITAL,"333-VEJEZ, INCAPACIDAD Y SUPERVIVENCIA",2014,341322707831
100 GASTOS  CORRIENTES,"459-AGRICULTURA , GANADERIA, CAZA Y PESCA SIN DISCRIMINAR",2015,340883857916
200 GASTOS DE CAPITAL,454-CREDITO AGRICOLA Y PECUARIO,2015,336322820564
300 GASTOS DE FINANCIAMIENTO,511-SERVICIOS DE LA DEUDA PÚBLICA,2016,335228012446
200 GASTOS DE CAPITAL,"333-VEJEZ, INCAPACIDAD Y SUPERVIVENCIA",2012,328553710098
100 GASTOS  CORRIENTES,132-ADMINISTRACIÓN GENERAL,2011,318485381899
200 GASTOS DE CAPITAL,143-ADMINISTRACION FINANCIERA Y CONTROL GUBERNAMENTAL,2011,310092677809
200 GASTOS DE CAPITAL,"459-AGRICULTURA , GANADERIA, CAZA Y PESCA SIN DISCRIMINAR",2015,309628377498
200 GASTOS DE CAPITAL,331-ADMINISTRACION Y PROMOCION,2011,308427327683
100 GASTOS  CORRIENTES,111-LEGISLATIVA,2011,306626726116
200 GASTOS DE CAPITAL,331-ADMINISTRACION Y PROMOCION,2012,306268703118
100 GASTOS  CORRIENTES,"329-PROMOCION,ASISTENCIA Y ACCION SOCIAL SIN DISCRIMINAR",2015,302425222673
200 GASTOS DE CAPITAL,461-PRODUCCION INDUSTRIAL,2012,301729181125
100 GASTOS  CORRIENTES,349-EDUCACION Y CULTURA SIN DISCRIMINAR,2011,299945746043
100 GASTOS  CORRIENTES,491-SERVICIOS DE OBRAS PÚBLICAS,2015,298917642171
200 GASTOS DE CAPITAL,134-ADMINISTRACIÓN MUNICIPAL,2011,289399472198
100 GASTOS  CORRIENTES,142-CONTROL FISCAL,2013,278575124249
200 GASTOS DE CAPITAL,334-SERVICIOS DE JUBILACIONES Y PENSIONES,2012,276147800000
200 GASTOS DE CAPITAL,132-ADMINISTRACIÓN GENERAL,2014,270046751852
100 GASTOS  CORRIENTES,134-ADMINISTRACIÓN MUNICIPAL,2012,261738224372
200 GASTOS DE CAPITAL,454-CREDITO AGRICOLA Y PECUARIO,2014,258620972267
100 GASTOS  CORRIENTES,331-ADMINISTRACION Y PROMOCION,2011,254655959122
100 GASTOS  CORRIENTES,"459-AGRICULTURA , GANADERIA, CAZA Y PESCA SIN DISCRIMINAR",2014,250807705533
200 GASTOS DE CAPITAL,311-ATENCION MEDICA,2013,249296635107
200 GASTOS DE CAPITAL,"333-VEJEZ, INCAPACIDAD Y SUPERVIVENCIA",2013,247030770518
100 GASTOS  CORRIENTES,133-SERVICIO EXTERIOR,2014,245735757220
100 GASTOS  CORRIENTES,"329-PROMOCION,ASISTENCIA Y ACCION SOCIAL SIN DISCRIMINAR",2014,245074042939
200 GASTOS DE CAPITAL,"333-VEJEZ, INCAPACIDAD Y SUPERVIVENCIA",2015,244402339649
100 GASTOS  CORRIENTES,"459-AGRICULTURA , GANADERIA, CAZA Y PESCA SIN DISCRIMINAR",2013,240544707325
100 GASTOS  CORRIENTES,412-PETROLEO Y GAS,2015,234695031586
100 GASTOS  CORRIENTES,143-ADMINISTRACION FINANCIERA Y CONTROL GUBERNAMENTAL,2012,230310777470
200 GASTOS DE CAPITAL,"329-PROMOCION,ASISTENCIA Y ACCION SOCIAL SIN DISCRIMINAR",2013,229461277532
100 GASTOS  CORRIENTES,459-AGRICULTURA Y OTROS SIN DISCRIMINAR,2012,227240562584
200 GASTOS DE CAPITAL,454-CREDITO AGRICOLA Y PECUARIO,2013,224284578661
100 GASTOS  CORRIENTES,133-SERVICIO EXTERIOR,2012,223511799605
100 GASTOS  CORRIENTES,"329-PROMOCION,ASISTENCIA Y ACCION SOCIAL SIN DISCRIMINAR",2013,223272250877
100 GASTOS  CORRIENTES,461-PRODUCCION INDUSTRIAL,2015,223198946129
100 GASTOS  CORRIENTES,412-PETROLEO Y GAS,2013,222680215429
100 GASTOS  CORRIENTES,611-REGULACIÓN Y CONTROL DE SERVICIOS DE TELECOMUNICACIÓN,2014,221545506256
100 GASTOS  CORRIENTES,133-SERVICIO EXTERIOR,2013,219495537127
100 GASTOS  CORRIENTES,142-CONTROL FISCAL,2012,214759266806
100 GASTOS  CORRIENTES,131-CONDUCCIÓN POLITICA,2014,213384199009
100 GASTOS  CORRIENTES,491-SERVICIOS DE OBRAS PÚBLICAS,2014,213180002073
200 GASTOS DE CAPITAL,461-PRODUCCION INDUSTRIAL,2011,209823728908
100 GASTOS  CORRIENTES,412-PETROLEO Y GAS,2012,208021401753
100 GASTOS  CORRIENTES,341-EDUCACION ELEMENTAL,2016,207136627512
200 GASTOS DE CAPITAL,"329-PROMOCION,ASISTENCIA Y ACCION SOCIAL SIN DISCRIMINAR",2012,203800056229
200 GASTOS DE CAPITAL,"333-VEJEZ, INCAPACIDAD Y SUPERVIVENCIA",2011,202005943597
200 GASTOS DE CAPITAL,481-INTERMEDIACION FINANCIERA,2016,198913261425
100 GASTOS  CORRIENTES,142-CONTROL FISCAL,2011,198554170094
100 GASTOS  CORRIENTES,143-ADMINISTRACION FINANCIERA Y CONTROL GUBERNAMENTAL,2015,196615673947
100 GASTOS  CORRIENTES,461-PRODUCCION INDUSTRIAL,2014,196185216086
100 GASTOS  CORRIENTES,133-SERVICIO EXTERIOR,2011,194114519932
100 GASTOS  CORRIENTES,131-CONDUCCIÓN POLITICA,2013,192500688220
100 GASTOS  CORRIENTES,121-JUDICIAL,2016,190989435737
200 GASTOS DE CAPITAL,454-CREDITO AGRICOLA Y PECUARIO,2012,190203162385
200 GASTOS DE CAPITAL,349-EDUCACION Y CULTURA SIN DISCRIMINAR,2011,189963296517
100 GASTOS  CORRIENTES,412-PETROLEO Y GAS,2014,189904407066
100 GASTOS  CORRIENTES,432-TRANSPORTE AEREO,2015,189276549010
100 GASTOS  CORRIENTES,491-SERVICIOS DE OBRAS PÚBLICAS,2013,188775910718
100 GASTOS  CORRIENTES,"329-PROMOCION,ASISTENCIA Y ACCION SOCIAL SIN DISCRIMINAR",2012,188747352427
200 GASTOS DE CAPITAL,"459-AGRICULTURA , GANADERIA, CAZA Y PESCA SIN DISCRIMINAR",2014,188429117776
100 GASTOS  CORRIENTES,459-AGRICULTURA Y OTROS SIN DISCRIMINAR,2011,188326118861
200 GASTOS DE CAPITAL,143-ADMINISTRACION FINANCIERA Y CONTROL GUBERNAMENTAL,2012,187394327017
200 GASTOS DE CAPITAL,211-DEFENSA MILITAR,2011,185552549838
200 GASTOS DE CAPITAL,343-EDUCACION SUPERIOR Y UNIVERSITARIA,2013,183904094606
200 GASTOS DE CAPITAL,311-ATENCION MEDICA,2012,183153515652
200 GASTOS DE CAPITAL,311-ATENCION MEDICA,2011,182548355585
100 GASTOS  CORRIENTES,491-SERVICIOS DE OBRAS PÚBLICAS,2012,182344212684
200 GASTOS DE CAPITAL,323-SERVICIOS DE ACCIÓN SOCIAL,2013,182120881325
200 GASTOS DE CAPITAL,349-EDUCACION Y CULTURA SIN DISCRIMINAR,2012,181479212023
200 GASTOS DE CAPITAL,343-EDUCACION SUPERIOR Y UNIVERSITARIA,2014,180821147553
100 GASTOS  CORRIENTES,143-ADMINISTRACION FINANCIERA Y CONTROL GUBERNAMENTAL,2014,180526213963
100 GASTOS  CORRIENTES,461-PRODUCCION INDUSTRIAL,2012,180012690219
100 GASTOS  CORRIENTES,326-SERVICIOS SOCIALES PARA LA REFORMA AGRARIA Y COLONIZACION,2012,177116412724
100 GASTOS  CORRIENTES,432-TRANSPORTE AEREO,2014,176496848392
100 GASTOS  CORRIENTES,311-ATENCION MEDICA,2016,175956949133
200 GASTOS DE CAPITAL,343-EDUCACION SUPERIOR Y UNIVERSITARIA,2011,175353984605
100 GASTOS  CORRIENTES,143-ADMINISTRACION FINANCIERA Y CONTROL GUBERNAMENTAL,2013,174265850514
200 GASTOS DE CAPITAL,326-SERVICIOS SOCIALES PARA LA REFORMA AGRARIA Y COLONIZACION,2015,173392627097
200 GASTOS DE CAPITAL,319-SALUD SIN DISCRIMINAR,2014,171869808071
100 GASTOS  CORRIENTES,231-RECLUSIÓN PENAL,2015,170612874285
100 GASTOS  CORRIENTES,131-CONDUCCIÓN POLITICA,2012,169958074493
100 GASTOS  CORRIENTES,326-SERVICIOS SOCIALES PARA LA REFORMA AGRARIA Y COLONIZACION,2014,167821318994
100 GASTOS  CORRIENTES,326-SERVICIOS SOCIALES PARA LA REFORMA AGRARIA Y COLONIZACION,2013,165612672277
200 GASTOS DE CAPITAL,454-CREDITO AGRICOLA Y PECUARIO,2011,165042894677
200 GASTOS DE CAPITAL,492-INVERSIÓN SERVICIOS ECONÓMICOS,2013,164492325426
100 GASTOS  CORRIENTES,432-TRANSPORTE AEREO,2012,164116848490
100 GASTOS  CORRIENTES,131-CONDUCCIÓN POLITICA,2011,163859652859
100 GASTOS  CORRIENTES,432-TRANSPORTE AEREO,2013,158264830135
200 GASTOS DE CAPITAL,343-EDUCACION SUPERIOR Y UNIVERSITARIA,2012,156884479275
100 GASTOS  CORRIENTES,432-TRANSPORTE AEREO,2011,154674972547
200 GASTOS DE CAPITAL,211-SERVICIOS DE SEGURIDAD NACIONAL,2015,154352924825
100 GASTOS  CORRIENTES,221-ORDEN PÚBLICO Y SEGURIDAD INTERIOR,2016,154327125228
200 GASTOS DE CAPITAL,461-PRODUCCION INDUSTRIAL,2013,153338593856
200 GASTOS DE CAPITAL,311-ATENCION MEDICA,2014,152665559887
200 GASTOS DE CAPITAL,319-SALUD SIN DISCRIMINAR,2015,149016543308
100 GASTOS  CORRIENTES,611-REGULACIÓN Y CONTROL DE SERVICIOS DE TELECOMUNICACIÓN,2013,148602634221
100 GASTOS  CORRIENTES,326-SERVICIOS SOCIALES PARA LA REFORMA AGRARIA Y COLONIZACION,2015,148155889395
200 GASTOS DE CAPITAL,334-SERVICIOS DE JUBILACIONES Y PENSIONES,2011,147121734187
200 GASTOS DE CAPITAL,221-ORDEN PÚBLICO Y SEGURIDAD INTERIOR,2015,145299790882
100 GASTOS  CORRIENTES,211-SERVICIOS DE SEGURIDAD NACIONAL,2016,144173641704
100 GASTOS  CORRIENTES,461-PRODUCCION INDUSTRIAL,2011,143814148360
200 GASTOS DE CAPITAL,311-ATENCION MEDICA,2015,143620522476
200 GASTOS DE CAPITAL,323-SERVICIOS DE ACCIÓN SOCIAL,2012,143321171155
100 GASTOS  CORRIENTES,"329-PROMOCION,ASISTENCIA Y ACCION SOCIAL SIN DISCRIMINAR",2011,143223355834
100 GASTOS  CORRIENTES,611-REGULACIÓN Y CONTROL DE SERVICIOS DE TELECOMUNICACIÓN,2012,142853816360
100 GASTOS  CORRIENTES,143-ADMINISTRACION FINANCIERA Y CONTROL GUBERNAMENTAL,2011,141568401016
200 GASTOS DE CAPITAL,211-SERVICIOS DE SEGURIDAD NACIONAL,2014,138351776929
100 GASTOS  CORRIENTES,491-SERVICIOS DE OBRAS PÚBLICAS,2011,136693425905
200 GASTOS DE CAPITAL,459-AGRICULTURA Y OTROS SIN DISCRIMINAR,2011,135000415747
100 GASTOS  CORRIENTES,461-PRODUCCION INDUSTRIAL,2013,134447640180
200 GASTOS DE CAPITAL,221-ORDEN PÚBLICO Y SEGURIDAD INTERIOR,2011,132562580495
100 GASTOS  CORRIENTES,452-SERVICIOS PECUARIOS,2015,132173325870
100 GASTOS  CORRIENTES,349-EDUCACION Y CULTURA SIN DISCRIMINAR,2016,132075696775
200 GASTOS DE CAPITAL,459-AGRICULTURA Y OTROS SIN DISCRIMINAR,2012,131653391550
200 GASTOS DE CAPITAL,211-DEFENSA MILITAR,2012,131309006986
100 GASTOS  CORRIENTES,326-SERVICIOS SOCIALES PARA LA REFORMA AGRARIA Y COLONIZACION,2011,130230798485
100 GASTOS  CORRIENTES,141-CONT. Y AUD. GUBERNAMENTAL,2015,129578930995
200 GASTOS DE CAPITAL,323-SERVICIOS DE ACCIÓN SOCIAL,2014,128905850964
200 GASTOS DE CAPITAL,491-SERVICIOS DE OBRAS PÚBLICAS,2016,126651485258
200 GASTOS DE CAPITAL,312-SANEAMIENTO AMBIENTAL,2012,125468388411
100 GASTOS  CORRIENTES,361-RELACIONES LABORALES,2015,125167512337
100 GASTOS  CORRIENTES,141-CONT. Y AUD. GUBERNAMENTAL,2014,124737053914
100 GASTOS  CORRIENTES,611-REGULACIÓN Y CONTROL DE SERVICIOS DE TELECOMUNICACIÓN,2011,123972065034
100 GASTOS  CORRIENTES,452-SERVICIOS PECUARIOS,2014,123937409094
200 GASTOS DE CAPITAL,221-ORDEN PÚBLICO Y SEGURIDAD INTERIOR,2012,121630675016
100 GASTOS  CORRIENTES,452-SERVICIOS PECUARIOS,2013,120587181834
200 GASTOS DE CAPITAL,312-SANEAMIENTO AMBIENTAL,2015,120024185055
200 GASTOS DE CAPITAL,312-SANEAMIENTO AMBIENTAL,2013,119457615086
200 GASTOS DE CAPITAL,"329-PROMOCION,ASISTENCIA Y ACCION SOCIAL SIN DISCRIMINAR",2014,117027563618
100 GASTOS  CORRIENTES,231-RECLUSIÓN PENAL,2014,114976911563
100 GASTOS  CORRIENTES,343-EDUCACION SUPERIOR Y UNIVERSITARIA,2016,110618558617
100 GASTOS  CORRIENTES,331-ADMINISTRACION DE LOS SERVICIOS DE SEGURIDAD SOCIAL,2015,106950873389
100 GASTOS  CORRIENTES,325-SERVICIOS SOCIALES DE LOS GOB. DEPARTAMENTALES Y MUNICIPALES,2016,106552405781
100 GASTOS  CORRIENTES,141-CONT. Y AUD. GUBERNAMENTAL,2013,105514600128
100 GASTOS  CORRIENTES,231-RECLUSIÓN PENAL,2013,104933001799
100 GASTOS  CORRIENTES,433-TRANSPORTE FLUVIAL,2014,104827487707
200 GASTOS DE CAPITAL,"459-AGRICULTURA , GANADERIA, CAZA Y PESCA SIN DISCRIMINAR",2013,104627684904
100 GASTOS  CORRIENTES,134-ADMINISTRACIÓN MUNICIPAL,2011,104499588655
100 GASTOS  CORRIENTES,451-SERVICIOS AGRICOLAS,2014,99027554015
200 GASTOS DE CAPITAL,221-ORDEN PÚBLICO Y SEGURIDAD INTERIOR,2013,98883314936
100 GASTOS  CORRIENTES,131-CONDUCCIÓN POLITICA,2015,97344765099
200 GASTOS DE CAPITAL,121-JUDICIAL,2012,97068538951
100 GASTOS  CORRIENTES,241-INVERSIÓN SEGURIDAD,2014,96987413800
200 GASTOS DE CAPITAL,221-ORDEN PÚBLICO Y SEGURIDAD INTERIOR,2014,95868343394
100 GASTOS  CORRIENTES,451-SERVICIOS AGRICOLAS,2015,95327457384
100 GASTOS  CORRIENTES,331-ADMINISTRACION DE LOS SERVICIOS DE SEGURIDAD SOCIAL,2014,95115223860
100 GASTOS  CORRIENTES,452-SERVICIOS PECUARIOS,2012,93286546596
100 GASTOS  CORRIENTES,231-RECLUSIÓN PENAL,2012,92845575235
200 GASTOS DE CAPITAL,121-JUDICIAL,2015,91870524121
200 GASTOS DE CAPITAL,343-EDUCACION SUPERIOR Y UNIVERSITARIA,2015,90256544340
100 GASTOS  CORRIENTES,452-SERVICIOS PECUARIOS,2011,89999800177
100 GASTOS  CORRIENTES,331-ADMINISTRACION Y PROMOCION,2013,86787864786
100 GASTOS  CORRIENTES,433-TRANSPORTE FLUVIAL,2012,86522589500
100 GASTOS  CORRIENTES,433-TRANSPORTE FLUVIAL,2013,86507377630
100 GASTOS  CORRIENTES,"333-VEJEZ, INCAPACIDAD Y SUPERVIVENCIA",2015,83101524790
100 GASTOS  CORRIENTES,471-COMERCIALIZACIÓN Y PROMOCIÓN DE PRODUCTOS,2014,82873811149
100 GASTOS  CORRIENTES,231-RECLUSIÓN PENAL,2011,80893944720
200 GASTOS DE CAPITAL,"329-PROMOCION,ASISTENCIA Y ACCION SOCIAL SIN DISCRIMINAR",2015,79267225922
100 GASTOS  CORRIENTES,433-TRANSPORTE FLUVIAL,2011,78916018561
100 GASTOS  CORRIENTES,471-COMERCIALIZACIÓN Y PROMOCIÓN DE PRODUCTOS,2015,78662523421
100 GASTOS  CORRIENTES,344-CULTURA,2015,78427535975
100 GASTOS  CORRIENTES,"333-VEJEZ, INCAPACIDAD Y SUPERVIVENCIA",2014,77812779071
100 GASTOS  CORRIENTES,451-SERVICIOS AGRICOLAS,2013,77686755515
100 GASTOS  CORRIENTES,433-TRANSPORTE FLUVIAL,2015,77629737516
100 GASTOS  CORRIENTES,342-EDUCACION MEDIA Y TECNICA,2016,77408024225
200 GASTOS DE CAPITAL,412-PETROLEO Y GAS,2016,76740072867
200 GASTOS DE CAPITAL,319-SALUD SIN DISCRIMINAR,2013,75982576784
200 GASTOS DE CAPITAL,"329-PROMOCION,ASISTENCIA Y ACCION SOCIAL SIN DISCRIMINAR",2011,74356664878
100 GASTOS  CORRIENTES,331-ADMINISTRACION Y PROMOCION,2012,74084183555
200 GASTOS DE CAPITAL,611-REGULACIÓN Y CONTROL DE SERVICIOS DE TELECOMUNICACIÓN,2012,73311297935
100 GASTOS  CORRIENTES,371-VIVIENDA Y URBANISMO,2013,72599592514
100 GASTOS  CORRIENTES,451-SERVICIOS AGRICOLAS,2012,71330223130
100 GASTOS  CORRIENTES,141-CONT. Y AUD. GUBERNAMENTAL,2011,71004337967
200 GASTOS DE CAPITAL,353-DIFUSION DEL CONOCIMIENTO CIENTIFICO Y TECNOLOGICO,2015,69501488383
200 GASTOS DE CAPITAL,345-DEPORTE Y RECREACION,2013,69148436889
200 GASTOS DE CAPITAL,132-ADMINISTRACIÓN GENERAL,2011,68969293190
200 GASTOS DE CAPITAL,353-DIFUSION DEL CONOCIMIENTO CIENTIFICO Y TECNOLOGICO,2014,68474179399
200 GASTOS DE CAPITAL,312-SANEAMIENTO AMBIENTAL,2014,68384428646
100 GASTOS  CORRIENTES,"333-VEJEZ, INCAPACIDAD Y SUPERVIVENCIA",2013,68151010347
200 GASTOS DE CAPITAL,211-SEGURIDAD NACIONAL,2013,64719839588
100 GASTOS  CORRIENTES,371-VIVIENDA Y URBANISMO,2012,64519581862
100 GASTOS  CORRIENTES,132-ADMINISTRACIÓN GENERAL,2015,64201236514
200 GASTOS DE CAPITAL,312-SANEAMIENTO AMBIENTAL,2011,63967735824
200 GASTOS DE CAPITAL,121-JUDICIAL,2014,62409901019
100 GASTOS  CORRIENTES,344-CULTURA,2014,60902567392
100 GASTOS  CORRIENTES,421-SERVICIOS POSTALES,2014,60901238298
100 GASTOS  CORRIENTES,"333-VEJEZ, INCAPACIDAD Y SUPERVIVENCIA",2012,60162993372
200 GASTOS DE CAPITAL,342-EDUCACION MEDIA Y TECNICA,2011,60099321841
200 GASTOS DE CAPITAL,432-TRANSPORTE AEREO,2015,60071772963
100 GASTOS  CORRIENTES,371-VIVIENDA Y URBANISMO,2014,59673893389
100 GASTOS  CORRIENTES,421-SERVICIOS POSTALES,2015,58976028818
100 GASTOS  CORRIENTES,451-SERVICIOS AGRICOLAS,2011,58440513975
100 GASTOS  CORRIENTES,421-SERVICIOS POSTALES,2012,58289058471
200 GASTOS DE CAPITAL,355-SERVICIOS ESTADISTICOS,2012,57813449291
200 GASTOS DE CAPITAL,611-REGULACIÓN Y CONTROL DE SERVICIOS DE TELECOMUNICACIÓN,2014,57439255586
100 GASTOS  CORRIENTES,344-CULTURA,2013,57344204700
100 GASTOS  CORRIENTES,133-SERVICIO EXTERIOR,2016,57219111827
100 GASTOS  CORRIENTES,321-ASISTENCIA  A PERSONAS CON NECESIDADES ESPECIALES,2014,57040952761
200 GASTOS DE CAPITAL,342-EDUCACION MEDIA Y TECNICA,2012,56962960736
200 GASTOS DE CAPITAL,371-VIVIENDA Y URBANISMO,2016,56591951506
100 GASTOS  CORRIENTES,421-SERVICIOS POSTALES,2013,56511485034
200 GASTOS DE CAPITAL,142-CONTROL FISCAL,2014,55265463715
100 GASTOS  CORRIENTES,321-ASISTENCIA  A PERSONAS CON NECESIDADES ESPECIALES,2013,55174996012
200 GASTOS DE CAPITAL,432-TRANSPORTE AEREO,2014,55051452878
200 GASTOS DE CAPITAL,345-DEPORTE Y RECREACION,2012,54252131537
200 GASTOS DE CAPITAL,319-SALUD SIN DISCRIMINAR,2011,54198045296
200 GASTOS DE CAPITAL,325-SERVICIOS SOCIALES DE LOS GOB. DEPARTAMENTALES Y MUNICIPALES,2016,53613384711
100 GASTOS  CORRIENTES,321-ASISTENCIA  A PERSONAS CON NECESIDADES ESPECIALES,2015,53182456391
100 GASTOS  CORRIENTES,"333-VEJEZ, INCAPACIDAD Y SUPERVIVENCIA",2011,52166375807
100 GASTOS  CORRIENTES,312-SANEAMIENTO AMBIENTAL,2015,52117341159
200 GASTOS DE CAPITAL,121-JUDICIAL,2013,52000443665
200 GASTOS DE CAPITAL,349-EDUCACION Y CULTURA SIN DISCRIMINAR,2014,51774587302
100 GASTOS  CORRIENTES,344-CULTURA,2012,51413689730
200 GASTOS DE CAPITAL,"661-REGULACIÓN  Y CONTROL DEL SISTEMA MONETARIO, CRED. Y CAMBIAR",2011,50000000000
200 GASTOS DE CAPITAL,121-JUDICIAL,2011,49895867525
200 GASTOS DE CAPITAL,142-CONTROL FISCAL,2011,48266278690
200 GASTOS DE CAPITAL,344-CULTURA,2011,46585371805
100 GASTOS  CORRIENTES,481-INTERMEDIACION FINANCIERA,2016,46193787285
100 GASTOS  CORRIENTES,371-VIVIENDA Y URBANISMO,2015,46089474670
200 GASTOS DE CAPITAL,432-TRANSPORTE AEREO,2013,45821433211
200 GASTOS DE CAPITAL,349-EDUCACION Y CULTURA SIN DISCRIMINAR,2013,45478326411
100 GASTOS  CORRIENTES,324-TARIFA SOCIAL DE ENERGIA ELECTRICA,2013,45112523415
100 GASTOS  CORRIENTES,324-TARIFA SOCIAL DE ENERGIA ELECTRICA,2014,45112523415
200 GASTOS DE CAPITAL,483-CREDITO PECUARIO,2011,44855632756
100 GASTOS  CORRIENTES,324-TARIFA SOCIAL DE ENERGIA ELECTRICA,2011,44507109721
100 GASTOS  CORRIENTES,471-COMERCIALIZACIÓN Y PROMOCIÓN DE PRODUCTOS,2013,44328144733
100 GASTOS  CORRIENTES,472-TURISMO,2015,44293922140
100 GASTOS  CORRIENTES,471-COMERCIALIZACIÓN Y PROMOCIÓN DE PRODUCTOS,2012,43778358751
100 GASTOS  CORRIENTES,321-ASISTENCIA  A PERSONAS CON NECESIDADES ESPECIALES,2012,41757392513
100 GASTOS  CORRIENTES,321-ASISTENCIA  A PERSONAS CON NECESIDADES ESPECIALES,2011,41342039064
100 GASTOS  CORRIENTES,324-TARIFA SOCIAL DE ENERGIA ELECTRICA,2012,41314200041
100 GASTOS  CORRIENTES,344-CULTURA,2011,40049197812
100 GASTOS  CORRIENTES,421-SERVICIOS POSTALES,2011,39959011907
100 GASTOS  CORRIENTES,"671-REG. Y CONTROL DEL SIST. NAC, CONTRATC PUB",2015,39949533493
100 GASTOS  CORRIENTES,"671-REG. Y CONTROL DEL SIST. NAC, CONTRATC PUB",2014,39134425922
200 GASTOS DE CAPITAL,341-EDUCACION ELEMENTAL,2015,38932775774
200 GASTOS DE CAPITAL,432-TRANSPORTE AEREO,2011,38766686185
100 GASTOS  CORRIENTES,241-INVERSIÓN SEGURIDAD,2015,38524002454
200 GASTOS DE CAPITAL,181-INVERSIÓN EN ADMINISTRACIÓN GUBERNAMENTAL,2011,38450715720
200 GASTOS DE CAPITAL,319-SALUD SIN DISCRIMINAR,2012,38440936079
100 GASTOS  CORRIENTES,352-INVESTIGACION Y DESARROLLO EXPERIMENTAL,2014,38360548838
100 GASTOS  CORRIENTES,371-VIVIENDA Y URBANISMO,2011,38291524237
100 GASTOS  CORRIENTES,291-SEGURIDAD SIN DISCRIMINAR,2014,38167422276
200 GASTOS DE CAPITAL,432-TRANSPORTE AEREO,2012,37985796250
100 GASTOS  CORRIENTES,141-CONT. Y AUD. GUBERNAMENTAL,2012,37877983068
200 GASTOS DE CAPITAL,142-CONTROL FISCAL,2013,36327299617
100 GASTOS  CORRIENTES,111-LEGISLATIVA,2016,36286203947
100 GASTOS  CORRIENTES,354-SERVICIOS CIENTIFICOS Y TECNOLOGICOS,2015,34983407100
100 GASTOS  CORRIENTES,471-COMERCIALIZACIÓN Y PROMOCIÓN DE PRODUCTOS,2011,34689598937
100 GASTOS  CORRIENTES,345-DEPORTE Y RECREACION,2015,34642870068
200 GASTOS DE CAPITAL,345-DEPORTE Y RECREACION,2014,34497142961
100 GASTOS  CORRIENTES,621-REGULACIÓN Y CONTROL DE SERVICIOS DE TRANSPORTE,2015,33713830546
100 GASTOS  CORRIENTES,454-CREDITO AGRICOLA Y PECUARIO,2015,33614869502
200 GASTOS DE CAPITAL,111-LEGISLATIVA,2011,33300550473
200 GASTOS DE CAPITAL,361-RELACIONES LABORALES,2015,32546942639
100 GASTOS  CORRIENTES,449-ECOLOGIA Y MEDIO AMBIENTE SIN DISCRIMINAR,2014,32508145420
200 GASTOS DE CAPITAL,342-EDUCACION MEDIA Y TECNICA,2013,32494643417
100 GASTOS  CORRIENTES,442-SERVICIOS DEL MEDIO AMBIENTE,2015,32115493165
200 GASTOS DE CAPITAL,241-INVERSIÓN SEGURIDAD NACIONAL,2012,31127887503
200 GASTOS DE CAPITAL,471-COMERCIALIZACIÓN Y PROMOCIÓN DE PRODUCTOS,2014,31099204260
100 GASTOS  CORRIENTES,454-CREDITO AGRICOLA Y PECUARIO,2014,31082930688
200 GASTOS DE CAPITAL,181-INVERSIÓN EN ADMINISTRACIÓN GUBERNAMENTAL,2012,30535116650
100 GASTOS  CORRIENTES,621-REGULACIÓN Y CONTROL DE SERVICIOS DE TRANSPORTE,2013,30456710960
200 GASTOS DE CAPITAL,142-CONTROL FISCAL,2015,30399527847
100 GASTOS  CORRIENTES,"671-SERVICIO DE REG. Y CONTROL DEL SIST. NAC, CONTRATC PUB",2013,30351311921
100 GASTOS  CORRIENTES,313-PROMOCIÓN Y ASISTENCIA,2014,29996391882
200 GASTOS DE CAPITAL,483-CREDITO PECUARIO,2015,29746522274
100 GASTOS  CORRIENTES,345-DEPORTE Y RECREACION,2014,29726173503
200 GASTOS DE CAPITAL,483-CREDITO PECUARIO,2014,29641570092
100 GASTOS  CORRIENTES,621-REGULACIÓN Y CONTROL DE SERVICIOS DE TRANSPORTE,2012,29595137409
100 GASTOS  CORRIENTES,454-CREDITO AGRICOLA Y PECUARIO,2013,29305976916
100 GASTOS  CORRIENTES,472-TURISMO,2014,29153541316
100 GASTOS  CORRIENTES,449-ECOLOGIA Y MEDIO AMBIENTE SIN DISCRIMINAR,2015,28937809856
100 GASTOS  CORRIENTES,442-SERVICIOS DEL MEDIO AMBIENTE,2014,28852612134
200 GASTOS DE CAPITAL,342-EDUCACION MEDIA Y TECNICA,2014,28573301524
200 GASTOS DE CAPITAL,241-INVERSIÓN SEGURIDAD NACIONAL,2011,28483826890
100 GASTOS  CORRIENTES,454-CREDITO AGRICOLA Y PECUARIO,2012,28451338651
100 GASTOS  CORRIENTES,"329-PROMOCION,ASISTENCIA Y ACCION SOCIAL SIN DISCRIMINAR",2016,28349888796
100 GASTOS  CORRIENTES,472-TURISMO,2013,28107119078
100 GASTOS  CORRIENTES,472-TURISMO,2012,27937013390
100 GASTOS  CORRIENTES,313-PROMOCIÓN Y ASISTENCIA,2013,27718670874
100 GASTOS  CORRIENTES,442-SERVICIOS DEL MEDIO AMBIENTE,2012,27461009030
200 GASTOS DE CAPITAL,621-REGULACIÓN Y CONTROL DE SERVICIOS DE TRANSPORTE,2011,27389939649
100 GASTOS  CORRIENTES,"671-SERVICIO DE REG. Y CONTROL DEL SIST. NAC, CONTRATC PUB",2012,27332336368
100 GASTOS  CORRIENTES,621-REGULACIÓN Y CONTROL DE SERVICIOS DE TRANSPORTE,2014,27235403364
200 GASTOS DE CAPITAL,471-COMERCIALIZACIÓN Y PROMOCIÓN DE PRODUCTOS,2012,26831037017
100 GASTOS  CORRIENTES,313-PROMOCIÓN Y ASISTENCIA,2012,26825254161
100 GASTOS  CORRIENTES,454-CREDITO AGRICOLA Y PECUARIO,2011,26595970716
100 GASTOS  CORRIENTES,291-SEGURIDAD SIN DISCRIMINAR,2011,26525509686
100 GASTOS  CORRIENTES,611-REGULACIÓN Y CONTROL DE SERVICIOS DE TELECOMUNICACIONES,2016,26452195101
200 GASTOS DE CAPITAL,471-COMERCIALIZACIÓN Y PROMOCIÓN DE PRODUCTOS,2015,26372017261
100 GASTOS  CORRIENTES,142-CONTROL FISCAL,2016,25528338914
200 GASTOS DE CAPITAL,142-CONTROL FISCAL,2012,25270336260
100 GASTOS  CORRIENTES,442-SERVICIOS DEL MEDIO AMBIENTE,2013,25107390326
100 GASTOS  CORRIENTES,222-MIGRACIONES,2015,24887284060
100 GASTOS  CORRIENTES,354-SERVICIOS CIENTIFICOS Y TECNOLOGICOS,2012,24648081279
200 GASTOS DE CAPITAL,334-SERVICIOS DE JUBILACIONES Y PENSIONES,2016,23930500000
100 GASTOS  CORRIENTES,355-SERVICIOS ESTADISTICOS,2011,23565308856
200 GASTOS DE CAPITAL,483-CREDITO PECUARIO,2013,23493500198
100 GASTOS  CORRIENTES,491-SERVICIOS DE OBRAS PÚBLICAS,2016,23480308285
200 GASTOS DE CAPITAL,225-IDENTIFICACIONES,2011,23394519531
100 GASTOS  CORRIENTES,354-SERVICIOS CIENTIFICOS Y TECNOLOGICOS,2011,23228762725
100 GASTOS  CORRIENTES,621-REGULACIÓN Y CONTROL DE SERVICIOS DE TRANSPORTE,2011,23034209855
100 GASTOS  CORRIENTES,472-TURISMO,2011,23030761910
200 GASTOS DE CAPITAL,345-DEPORTE Y RECREACION,2015,22545666546
100 GASTOS  CORRIENTES,313-PROMOCIÓN Y ASISTENCIA,2011,22489267467
100 GASTOS  CORRIENTES,"671-SERVICIO DE REG. Y CONTROL DEL SIST. NAC, CONTRATC PUB",2011,22308152791
100 GASTOS  CORRIENTES,222-MIGRACIONES,2014,22290411791
200 GASTOS DE CAPITAL,231-RECLUSIÓN PENAL,2015,22169487892
100 GASTOS  CORRIENTES,226-SERVICIO DEL REGISTRO CIVIL,2013,21867105663
100 GASTOS  CORRIENTES,353-DIFUSION DEL CONOCIMIENTO CIENTIFICO Y TECNOLOGICO,2015,21590052817
200 GASTOS DE CAPITAL,"333-VEJEZ, INCAPACIDAD Y SUPERVIVENCIA",2016,21441504760
100 GASTOS  CORRIENTES,442-SERVICIOS DEL MEDIO AMBIENTE,2011,21349542017
200 GASTOS DE CAPITAL,611-REGULACIÓN Y CONTROL DE SERVICIOS DE TELECOMUNICACIÓN,2015,21191756098
200 GASTOS DE CAPITAL,"661-REGULACIÓN  Y CONTROL DEL SISTEMA MONETARIO, CRED. Y CAMBIAR",2012,21000000000
200 GASTOS DE CAPITAL,471-COMERCIALIZACIÓN Y PROMOCIÓN DE PRODUCTOS,2013,20676777273
100 GASTOS  CORRIENTES,226-REGISTRO CIVIL DE LAS PERSONAS,2015,20597841472
200 GASTOS DE CAPITAL,433-TRANSPORTE FLUVIAL,2011,20460267128
200 GASTOS DE CAPITAL,483-CREDITO PECUARIO,2012,20234390415
100 GASTOS  CORRIENTES,651-REGULACIÓN Y CONTROL DE LAS COOPERATIVAS,2014,19872632596
100 GASTOS  CORRIENTES,431-TRANSPORTE TERRESTRE,2013,19757379018
100 GASTOS  CORRIENTES,483-CREDITO PECUARIO,2015,19675463775
200 GASTOS DE CAPITAL,225-IDENTIFICACIONES,2012,19668171570
100 GASTOS  CORRIENTES,226-SERVICIO DEL REGISTRO CIVIL,2012,19646261589
200 GASTOS DE CAPITAL,345-DEPORTE Y RECREACION,2011,19421682193
100 GASTOS  CORRIENTES,226-REGISTRO CIVIL DE LAS PERSONAS,2014,19319925627
100 GASTOS  CORRIENTES,"350-CIENCIA, TECNOLOGÍA Y DIFUSIÓN",2013,19254474391
200 GASTOS DE CAPITAL,132-ADMINISTRACIÓN GENERAL,2013,19199802475
200 GASTOS DE CAPITAL,241-INVERSIÓN SEGURIDAD,2014,19134966542
100 GASTOS  CORRIENTES,361-RELACIONES LABORALES,2013,19083924474
100 GASTOS  CORRIENTES,361-RELACIONES LABORALES,2012,19071364796
100 GASTOS  CORRIENTES,651-REGULACIÓN Y CONTROL DE LAS COOPERATIVAS,2015,19056892250
300 GASTOS DE FINANCIAMIENTO,491-SERVICIOS DE OBRAS PÚBLICAS,2014,18994442465
100 GASTOS  CORRIENTES,222-MIGRACIONES,2013,18974966930
200 GASTOS DE CAPITAL,143-ADMINISTRACION FINANCIERA Y CONTROL GUBERNAMENTAL,2013,18837284546
200 GASTOS DE CAPITAL,342-EDUCACION MEDIA Y TECNICA,2015,18821233518
100 GASTOS  CORRIENTES,651-REGULACIÓN Y CONTROL DE LAS COOPERATIVAS,2013,18454554637
100 GASTOS  CORRIENTES,431-TRANSPORTE TERRESTRE,2014,18423850251
100 GASTOS  CORRIENTES,323-SERVICIOS DE ACCIÓN SOCIAL,2016,18189976326
100 GASTOS  CORRIENTES,355-SERVICIOS ESTADISTICOS,2015,18182049888
200 GASTOS DE CAPITAL,471-COMERCIALIZACIÓN Y PROMOCIÓN DE PRODUCTOS,2011,17938812452
100 GASTOS  CORRIENTES,355-SERVICIOS ESTADISTICOS,2012,17934551115
200 GASTOS DE CAPITAL,132-ADMINISTRACIÓN GENERAL,2015,17874430917
200 GASTOS DE CAPITAL,355-SERVICIOS ESTADISTICOS,2011,17873997568
100 GASTOS  CORRIENTES,124-MINISTERIO PÚBLICO,2012,17671396655
100 GASTOS  CORRIENTES,"459-AGRICULTURA , GANADERIA, CAZA Y PESCA SIN DISCRIMINAR",2016,17578227578
100 GASTOS  CORRIENTES,355-SERVICIOS ESTADISTICOS,2013,17443915276
100 GASTOS  CORRIENTES,483-CREDITO PECUARIO,2014,17214330707
200 GASTOS DE CAPITAL,111-LEGISLATIVA,2014,17149667625
100 GASTOS  CORRIENTES,483-CREDITO PECUARIO,2013,16947891845
200 GASTOS DE CAPITAL,181-INVERSIÓN EN ADMINISTRACIÓN GUBERNAMENTAL,2014,16677162884
200 GASTOS DE CAPITAL,355-SERVICIOS ESTADISTICOS,2013,16574474077
100 GASTOS  CORRIENTES,355-SERVICIOS ESTADISTICOS,2014,16570769609
200 GASTOS DE CAPITAL,225-IDENTIFICACIONES,2014,16555846083
200 GASTOS DE CAPITAL,611-REGULACIÓN Y CONTROL DE SERVICIOS DE TELECOMUNICACIÓN,2011,16437251997
100 GASTOS  CORRIENTES,226-SERVICIO DEL REGISTRO CIVIL,2011,16331629702
100 GASTOS  CORRIENTES,651-REGULACIÓN Y CONTROL DE LAS COOPERATIVAS,2012,15226606080
100 GASTOS  CORRIENTES,483-CREDITO PECUARIO,2012,15204745283
200 GASTOS DE CAPITAL,181-INVERSIÓN EN ADMINISTRACIÓN GUBERNAMENTAL,2013,15105767504
100 GASTOS  CORRIENTES,353-DIFUSION DEL CONOCIMIENTO CIENTIFICO Y TECNOLOGICO,2013,14868009360
100 GASTOS  CORRIENTES,432-TRANSPORTE AEREO,2016,14743320312
100 GASTOS  CORRIENTES,222-MIGRACIONES,2012,14631204896
100 GASTOS  CORRIENTES,483-CREDITO PECUARIO,2011,14576989973
100 GASTOS  CORRIENTES,452-SERVICIOS PECUARIOS,2016,14185423605
200 GASTOS DE CAPITAL,353-DISEMINACION DEL CONOCIMIENTO CIENTIFICO Y TECNOLOGICO,2011,13782129904
200 GASTOS DE CAPITAL,231-RECLUSIÓN PENAL,2014,13776179044
100 GASTOS  CORRIENTES,361-RELACIONES LABORALES,2011,13674354915
100 GASTOS  CORRIENTES,431-TRANSPORTE TERRESTRE,2011,13622978092
200 GASTOS DE CAPITAL,225-IDENTIFICACIONES,2015,13458032706
200 GASTOS DE CAPITAL,241-INVERSIÓN SEGURIDAD NACIONAL,2013,13077345310
200 GASTOS DE CAPITAL,344-CULTURA,2015,13042751403
200 GASTOS DE CAPITAL,225-IDENTIFICACIONES,2013,12785813829
100 GASTOS  CORRIENTES,431-TRANSPORTE TERRESTRE,2012,12603806977
100 GASTOS  CORRIENTES,412-PETROLEO Y GAS,2016,12463139227
100 GASTOS  CORRIENTES,352-INVESTIGACION Y DESARROLLO EXPERIMENTAL,2015,12422809248
100 GASTOS  CORRIENTES,651-REGULACIÓN Y CONTROL DE LAS COOPERATIVAS,2011,12343337628
200 GASTOS DE CAPITAL,143-ADMINISTRACION FINANCIERA Y CONTROL GUBERNAMENTAL,2014,12217928960
200 GASTOS DE CAPITAL,433-TRANSPORTE FLUVIAL,2014,12121477047
100 GASTOS  CORRIENTES,124-MINISTERIO PÚBLICO,2011,12097354431
100 GASTOS  CORRIENTES,672-REG. Y CONTROL DE LOS SERV. DE REG.DE PROP. INTELECTUAL,2015,11971457426
200 GASTOS DE CAPITAL,452-SERVICIOS PECUARIOS,2015,11784060958
200 GASTOS DE CAPITAL,181-INVERSIÓN EN ADMINISTRACIÓN GUBERNAMENTAL,2015,11706281318
100 GASTOS  CORRIENTES,222-MIGRACIONES,2011,11407635552
200 GASTOS DE CAPITAL,342-EDUCACION MEDIA Y TECNICA,2016,11272045400
100 GASTOS  CORRIENTES,225-IDENTIFICACIONES,2014,10851732666
100 GASTOS  CORRIENTES,353-DISEMINACION DEL CONOCIMIENTO CIENTIFICO Y TECNOLOGICO,2012,10833127505
200 GASTOS DE CAPITAL,433-TRANSPORTE FLUVIAL,2012,10789629689
200 GASTOS DE CAPITAL,143-ADMINISTRACION FINANCIERA Y CONTROL GUBERNAMENTAL,2015,10777165624
200 GASTOS DE CAPITAL,131-CONDUCCIÓN POLITICA,2011,10681386117
200 GASTOS DE CAPITAL,511-SERVICIOS DE LA DEUDA PÚBLICA,2013,10625426804
200 GASTOS DE CAPITAL,321-ASISTENCIA  A PERSONAS CON NECESIDADES ESPECIALES,2011,10426842281
100 GASTOS  CORRIENTES,135-ADMINISTRACIÓN GUBERNAMENTAL S/DISCRIMINAR,2012,10386925642
200 GASTOS DE CAPITAL,433-TRANSPORTE FLUVIAL,2013,10349448854
100 GASTOS  CORRIENTES,631-REGULACIÓN Y CONTROL DE SERVICIOS DE AGUA POTABLE Y ALCANTAR,2015,10314252050
100 GASTOS  CORRIENTES,225-IDENTIFICACIONES,2012,10290280402
100 GASTOS  CORRIENTES,225-IDENTIFICACIONES,2013,10268141393
200 GASTOS DE CAPITAL,226-SERVICIO DEL REGISTRO CIVIL,2012,10192954048
100 GASTOS  CORRIENTES,345-DEPORTE Y RECREACION,2012,9708868630
200 GASTOS DE CAPITAL,133-SERVICIO EXTERIOR,2012,9529547480
100 GASTOS  CORRIENTES,125-JUSTICIA ELECTORAL,2012,9447716880
100 GASTOS  CORRIENTES,345-DEPORTE Y RECREACION,2013,9375662931
200 GASTOS DE CAPITAL,111-LEGISLATIVA,2012,9336846309
100 GASTOS  CORRIENTES,354-SERVICIOS CIENTIFICOS Y TECNOLOGICOS,2013,9315211920
200 GASTOS DE CAPITAL,452-SERVICIOS PECUARIOS,2013,9241736225
200 GASTOS DE CAPITAL,451-SERVICIOS AGRICOLAS,2015,9213138253
100 GASTOS  CORRIENTES,353-DIFUSION DEL CONOCIMIENTO CIENTIFICO Y TECNOLOGICO,2014,9034764504
100 GASTOS  CORRIENTES,352-INVESTIGACION Y DESARROLLO EXPERIMENTAL,2011,9020300227
100 GASTOS  CORRIENTES,345-DEPORTE Y RECREACION,2011,8984468032
200 GASTOS DE CAPITAL,353-DISEMINACION DEL CONOCIMIENTO CIENTIFICO Y TECNOLOGICO,2012,8973624602
100 GASTOS  CORRIENTES,361-RELACIONES LABORALES,2016,8939172130
100 GASTOS  CORRIENTES,672-REG. Y CONTROL DE LOS SERV. DE REG.DE PROP. INTELECTUAL,2014,8915808531
200 GASTOS DE CAPITAL,231-RECLUSIÓN PENAL,2013,8888906535
100 GASTOS  CORRIENTES,231-RECLUSIÓN PENAL,2016,8818851911
300 GASTOS DE FINANCIAMIENTO,312-SANEAMIENTO AMBIENTAL,2012,8797962003
100 GASTOS  CORRIENTES,122-DEFENSORIA DEL PUEBLO,2012,8697637749
100 GASTOS  CORRIENTES,631-REGULACIÓN Y CONTROL DE SERVICIOS DE AGUA POTABLE Y ALCANTAR,2014,8691560696
100 GASTOS  CORRIENTES,143-ADMINISTRACION FINANCIERA Y CONTROL GUBERNAMENTAL,2016,8418871940
200 GASTOS DE CAPITAL,344-CULTURA,2012,8403427846
100 GASTOS  CORRIENTES,352-INVESTIGACION Y DESARROLLO EXPERIMENTAL,2012,8400295997
100 GASTOS  CORRIENTES,141-CONT. Y AUD. GUBERNAMENTAL,2016,8036011479
100 GASTOS  CORRIENTES,225-IDENTIFICACIONES,2011,8026951877
200 GASTOS DE CAPITAL,344-CULTURA,2013,7967115113
100 GASTOS  CORRIENTES,352-INVESTIGACION Y DESARROLLO EXPERIMENTAL,2013,7886211527
100 GASTOS  CORRIENTES,225-IDENTIFICACIONES,2015,7858942100
100 GASTOS  CORRIENTES,451-SERVICIOS AGRICOLAS,2016,7746885947
200 GASTOS DE CAPITAL,472-TURISMO,2015,7730664920
200 GASTOS DE CAPITAL,611-REGULACIÓN Y CONTROL DE SERVICIOS DE TELECOMUNICACIÓN,2013,7670542920
200 GASTOS DE CAPITAL,"671-SERVICIO DE REG. Y CONTROL DEL SIST. NAC, CONTRATC PUB",2013,7624002484
200 GASTOS DE CAPITAL,651-REGULACIÓN Y CONTROL DE LAS COOPERATIVAS,2014,7574059520
200 GASTOS DE CAPITAL,111-LEGISLATIVA,2015,7429225045
200 GASTOS DE CAPITAL,341-EDUCACION ELEMENTAL,2014,7427664563
200 GASTOS DE CAPITAL,355-SERVICIOS ESTADISTICOS,2015,7281989983
200 GASTOS DE CAPITAL,355-SERVICIOS ESTADISTICOS,2014,7258688956
100 GASTOS  CORRIENTES,122-DEFENSORIA DEL PUEBLO,2011,7153058923
200 GASTOS DE CAPITAL,353-DIFUSION DEL CONOCIMIENTO CIENTIFICO Y TECNOLOGICO,2016,7032785523
200 GASTOS DE CAPITAL,"661-REGULACIÓN  Y CONTROL DEL SISTEMA MONETARIO, CRED. Y CAMBIAR",2013,7000000000
200 GASTOS DE CAPITAL,352-INVESTIGACION Y DESARROLLO EXPERIMENTAL,2014,6990564314
200 GASTOS DE CAPITAL,353-DIFUSION DEL CONOCIMIENTO CIENTIFICO Y TECNOLOGICO,2013,6961823054
100 GASTOS  CORRIENTES,326-SERVICIOS SOCIALES PARA LA REFORMA AGRARIA Y COLONIZACION,2016,6929776837
100 GASTOS  CORRIENTES,"333-VEJEZ, INCAPACIDAD Y SUPERVIVENCIA",2016,6801736757
200 GASTOS DE CAPITAL,222-MIGRACIONES,2015,6739211618
200 GASTOS DE CAPITAL,341-EDUCACION ELEMENTAL,2013,6668882471
200 GASTOS DE CAPITAL,341-EDUCACION ELEMENTAL,2011,6647993331
200 GASTOS DE CAPITAL,341-EDUCACION ELEMENTAL,2012,6531120049
200 GASTOS DE CAPITAL,431-TRANSPORTE TERRESTRE,2011,6461713354
200 GASTOS DE CAPITAL,343-EDUCACION SUPERIOR Y UNIVERSITARIA,2016,6368512854
100 GASTOS  CORRIENTES,131-CONDUCCIÓN POLITICA,2016,6350469916
200 GASTOS DE CAPITAL,492-INVERSIÓN SERVICIOS ECONÓMICOS,2016,6328895629
200 GASTOS DE CAPITAL,472-TURISMO,2013,6256032107
200 GASTOS DE CAPITAL,431-TRANSPORTE TERRESTRE,2012,6238879056
200 GASTOS DE CAPITAL,472-TURISMO,2012,6237869878
200 GASTOS DE CAPITAL,511-SERVICIOS DE LA DEUDA PÚBLICA,2014,6192838295
100 GASTOS  CORRIENTES,331-ADMINISTRACION DE LOS SERVICIOS DE SEGURIDAD SOCIAL,2016,6162630144
200 GASTOS DE CAPITAL,"671-REG. Y CONTROL DEL SIST. NAC, CONTRATC PUB",2014,6156321461
200 GASTOS DE CAPITAL,311-ATENCION MEDICA,2016,6150322031
200 GASTOS DE CAPITAL,"329-PROMOCION,ASISTENCIA Y ACCION SOCIAL SIN DISCRIMINAR",2016,6147403334
200 GASTOS DE CAPITAL,131-CONDUCCIÓN POLITICA,2013,6099800827
100 GASTOS  CORRIENTES,631-REGULACIÓN Y CONTROL DE SERVICIOS DE AGUA POTABLE Y ALCANTAR,2013,6094553562
200 GASTOS DE CAPITAL,433-TRANSPORTE FLUVIAL,2015,6048894620
200 GASTOS DE CAPITAL,133-SERVICIO EXTERIOR,2011,5816722269
200 GASTOS DE CAPITAL,452-SERVICIOS PECUARIOS,2011,5745012728
100 GASTOS  CORRIENTES,433-TRANSPORTE FLUVIAL,2016,5696340188
200 GASTOS DE CAPITAL,226-SERVICIO DEL REGISTRO CIVIL,2011,5689990407
100 GASTOS  CORRIENTES,631-REGULACIÓN Y CONTROL DE SERVICIOS DE AGUA POTABLE Y ALCANTAR,2012,5687917725
200 GASTOS DE CAPITAL,"671-SERVICIO DE REG. Y CONTROL DEL SIST. NAC, CONTRATC PUB",2012,5663301382
100 GASTOS  CORRIENTES,"419-ENERGIA, COMBUSTIBLES Y MINERIA SIN DISCRIMINAR",2014,5658764438
200 GASTOS DE CAPITAL,226-REGISTRO CIVIL DE LAS PERSONAS,2015,5614391823
100 GASTOS  CORRIENTES,631-REGULACIÓN Y CONTROL DE SERVICIOS DE AGUA POTABLE Y ALCANTAR,2011,5607850004
200 GASTOS DE CAPITAL,131-CONDUCCIÓN POLITICA,2015,5590427958
200 GASTOS DE CAPITAL,"671-SERVICIO DE REG. Y CONTROL DEL SIST. NAC, CONTRATC PUB",2011,5451885315
200 GASTOS DE CAPITAL,141-CONT. Y AUD. GUBERNAMENTAL,2014,5436576604
200 GASTOS DE CAPITAL,111-LEGISLATIVA,2013,5390619092
200 GASTOS DE CAPITAL,354-SERVICIOS CIENTIFICOS Y TECNOLOGICOS,2015,5379217330
100 GASTOS  CORRIENTES,371-VIVIENDA Y URBANISMO,2016,5292292775
200 GASTOS DE CAPITAL,472-TURISMO,2014,5182055543
200 GASTOS DE CAPITAL,131-CONDUCCIÓN POLITICA,2014,5028482265
200 GASTOS DE CAPITAL,133-SERVICIO EXTERIOR,2015,5019495157
200 GASTOS DE CAPITAL,621-REGULACIÓN Y CONTROL DE SERVICIOS DE TRANSPORTE,2016,5011020000
100 GASTOS  CORRIENTES,313-PROMOCIÓN Y ASISTENCIA,2015,4959088780
200 GASTOS DE CAPITAL,452-SERVICIOS PECUARIOS,2014,4887668407
200 GASTOS DE CAPITAL,451-SERVICIOS AGRICOLAS,2014,4805583595
100 GASTOS  CORRIENTES,344-CULTURA,2016,4779511887
100 GASTOS  CORRIENTES,"419-ENERGIA, COMBUSTIBLES Y LUBRICANTES SIN DISCRIMINAR",2013,4623324598
200 GASTOS DE CAPITAL,321-ASISTENCIA  A PERSONAS CON NECESIDADES ESPECIALES,2012,4616478504
100 GASTOS  CORRIENTES,353-DISEMINACION DEL CONOCIMIENTO CIENTIFICO Y TECNOLOGICO,2011,4583228844
200 GASTOS DE CAPITAL,452-SERVICIOS PECUARIOS,2012,4548803784
200 GASTOS DE CAPITAL,226-SERVICIO DEL REGISTRO CIVIL,2013,4477571651
200 GASTOS DE CAPITAL,621-REGULACIÓN Y CONTROL DE SERVICIOS DE TRANSPORTE,2012,4442605067
100 GASTOS  CORRIENTES,"419-ENERGIA, COMBUSTIBLES Y LUBRICANTES SIN DISCRIMINAR",2012,4421581583
100 GASTOS  CORRIENTES,441-SERVICIOS FORESTALES,2012,4401033722
200 GASTOS DE CAPITAL,349-EDUCACION Y CULTURA SIN DISCRIMINAR,2016,4353556785
200 GASTOS DE CAPITAL,451-SERVICIOS AGRICOLAS,2011,4239867155
200 GASTOS DE CAPITAL,"671-REG. Y CONTROL DEL SIST. NAC, CONTRATC PUB",2015,4072502536
100 GASTOS  CORRIENTES,441-SERVICIOS FORESTALES,2011,3978441918
200 GASTOS DE CAPITAL,141-CONT. Y AUD. GUBERNAMENTAL,2012,3914366950
100 GASTOS  CORRIENTES,"419-ENERGIA, COMBUSTIBLES Y LUBRICANTES SIN DISCRIMINAR",2011,3884799136
200 GASTOS DE CAPITAL,131-CONDUCCIÓN POLITICA,2012,3864357447
200 GASTOS DE CAPITAL,231-RECLUSIÓN PENAL,2012,3755292904
100 GASTOS  CORRIENTES,673-REG. Y CONTROL DE SERV. DE PROTECCION Y DEF. AL CONSUMIDOR,2015,3697731358
200 GASTOS DE CAPITAL,454-CREDITO AGRICOLA Y PECUARIO,2016,3681066666
100 GASTOS  CORRIENTES,"671-REG. Y CONTROL DEL SIST. NAC, CONTRATC PUB",2016,3515532046
200 GASTOS DE CAPITAL,341-EDUCACION ELEMENTAL,2016,3500000000
100 GASTOS  CORRIENTES,233-PROMOCIÓN Y ACCIÓN CORRECTIVA,2015,3424669946
100 GASTOS  CORRIENTES,441-SERVICIOS FORESTALES,2015,3409532339
100 GASTOS  CORRIENTES,471-COMERCIALIZACIÓN Y PROMOCIÓN DE PRODUCTOS,2016,3400580366
100 GASTOS  CORRIENTES,228-DEMARCACIÓN Y VIGILANCIA DE LÍMITES,2015,3328772315
100 GASTOS  CORRIENTES,482-SEGUROS Y FINANZAS,2011,3322192173
200 GASTOS DE CAPITAL,344-CULTURA,2014,3268976477
100 GASTOS  CORRIENTES,233-PROMOCIÓN Y ACCIÓN CORRECTIVA,2014,3264394137
100 GASTOS  CORRIENTES,439-TRANSPORTE SIN DISCRIMINAR,2014,3193686266
300 GASTOS DE FINANCIAMIENTO,181-INVERSIÓN EN ADMINISTRACIÓN GUBERNAMENTAL,2011,3173816778
100 GASTOS  CORRIENTES,454-CREDITO AGRICOLA Y PECUARIO,2016,3160849819
100 GASTOS  CORRIENTES,421-SERVICIOS POSTALES,2016,3105551200
200 GASTOS DE CAPITAL,354-SERVICIOS CIENTIFICOS Y TECNOLOGICOS,2011,3102894039
100 GASTOS  CORRIENTES,492-INVERSIÓN SERVICIOS ECONÓMICOS,2015,3080720000
100 GASTOS  CORRIENTES,291-SEGURIDAD SIN DISCRIMINAR,2016,3048805853
100 GASTOS  CORRIENTES,449-ECOLOGIA Y MEDIO AMBIENTE SIN DISCRIMINAR,2011,2932505013
100 GASTOS  CORRIENTES,673-REG. Y CONTROL DE SERV. DE PROTECCION Y DEF. AL CONSUMIDOR,2014,2931895026
100 GASTOS  CORRIENTES,641-REGULACIÓN Y CONTROL DE SERVICIOS BURSATILES Y COMERCIALES,2015,2907296071
200 GASTOS DE CAPITAL,222-MIGRACIONES,2013,2891957325
100 GASTOS  CORRIENTES,641-REGULACIÓN Y CONTROL DE SERVICIOS BURSATILES Y COMERCIALES,2014,2851961708
200 GASTOS DE CAPITAL,291-SEGURIDAD SIN DISCRIMINAR,2011,2807996370
200 GASTOS DE CAPITAL,442-SERVICIOS DEL MEDIO AMBIENTE,2014,2764601395
100 GASTOS  CORRIENTES,233-PROMOCIÓN Y ACCIÓN CORRECTIVA,2013,2743433726
100 GASTOS  CORRIENTES,641-REGULACIÓN Y CONTROL DE SERVICIOS BURSATILES Y COMERCIALES,2013,2719479229
200 GASTOS DE CAPITAL,231-RECLUSIÓN PENAL,2011,2706860404
100 GASTOS  CORRIENTES,431-TRANSPORTE TERRESTRE,2015,2691756112
200 GASTOS DE CAPITAL,116-INVERSIÓN LEGISLATIVA,2012,2683857200
100 GASTOS  CORRIENTES,641-REGULACIÓN Y CONTROL DE SERVICIOS BURSATILES Y COMERCIALES,2012,2633237694
200 GASTOS DE CAPITAL,469-INDUSTRIA SIN DISCRIMINAR,2013,2629520380
100 GASTOS  CORRIENTES,439-TRANSPORTE SIN DISCRIMINAR,2011,2619742305
200 GASTOS DE CAPITAL,354-SERVICIOS CIENTIFICOS Y TECNOLOGICOS,2012,2550469024
100 GASTOS  CORRIENTES,449-ECOLOGIA Y MEDIO AMBIENTE SIN DISCRIMINAR,2013,2550255225
200 GASTOS DE CAPITAL,431-TRANSPORTE TERRESTRE,2014,2545489305
200 GASTOS DE CAPITAL,472-TURISMO,2011,2541573169
200 GASTOS DE CAPITAL,442-SERVICIOS DEL MEDIO AMBIENTE,2011,2496425719
100 GASTOS  CORRIENTES,439-TRANSPORTE SIN DISCRIMINAR,2012,2443908165
100 GASTOS  CORRIENTES,441-SERVICIOS FORESTALES,2014,2430035016
200 GASTOS DE CAPITAL,141-CONT. Y AUD. GUBERNAMENTAL,2011,2423145155
200 GASTOS DE CAPITAL,313-PROMOCIÓN Y ASISTENCIA,2012,2401167617
200 GASTOS DE CAPITAL,222-MIGRACIONES,2014,2389338344
200 GASTOS DE CAPITAL,449-ECOLOGIA Y MEDIO AMBIENTE SIN DISCRIMINAR,2015,2366973447
200 GASTOS DE CAPITAL,"350-CIENCIA, TECNOLOGÍA Y DIFUSIÓN",2013,2335116866
200 GASTOS DE CAPITAL,321-ASISTENCIA  A PERSONAS CON NECESIDADES ESPECIALES,2013,2276622967
100 GASTOS  CORRIENTES,449-ECOLOGIA Y MEDIO AMBIENTE SIN DISCRIMINAR,2012,2209397806
200 GASTOS DE CAPITAL,451-SERVICIOS AGRICOLAS,2013,2140777949
100 GASTOS  CORRIENTES,222-MIGRACIONES,2016,2129521649
200 GASTOS DE CAPITAL,313-PROMOCIÓN Y ASISTENCIA,2013,2086183485
200 GASTOS DE CAPITAL,621-REGULACIÓN Y CONTROL DE SERVICIOS DE TRANSPORTE,2013,2062966774
100 GASTOS  CORRIENTES,321-ASISTENCIA  A PERSONAS CON NECESIDADES ESPECIALES,2016,2050357131
100 GASTOS  CORRIENTES,641-REGULACIÓN Y CONTROL DE SERVICIOS BURSATILES Y COMERCIALES,2011,2046103240
200 GASTOS DE CAPITAL,291-SEGURIDAD SIN DISCRIMINAR,2014,2017752640
100 GASTOS  CORRIENTES,354-SERVICIOS CIENTIFICOS Y TECNOLOGICOS,2016,2015358474
200 GASTOS DE CAPITAL,361-RELACIONES LABORALES,2011,1936964600
100 GASTOS  CORRIENTES,441-SERVICIOS FORESTALES,2016,1896674705
200 GASTOS DE CAPITAL,"359-CIENCIA , TECNOLOGIA Y DIFUSION SIN DISCRIMINAR",2015,1882703952
200 GASTOS DE CAPITAL,442-SERVICIOS DEL MEDIO AMBIENTE,2013,1842463940
100 GASTOS  CORRIENTES,442-SERVICIOS DEL MEDIO AMBIENTE,2016,1767235937
100 GASTOS  CORRIENTES,355-SERVICIOS ESTADISTICOS,2016,1759081007
200 GASTOS DE CAPITAL,141-CONT. Y AUD. GUBERNAMENTAL,2015,1748327767
100 GASTOS  CORRIENTES,439-TRANSPORTE SIN DISCRIMINAR,2013,1708126856
100 GASTOS  CORRIENTES,352-INVESTIGACION Y DESARROLLO EXPERIMENTAL,2016,1708122805
200 GASTOS DE CAPITAL,321-ASISTENCIA  A PERSONAS CON NECESIDADES ESPECIALES,2014,1701273926
200 GASTOS DE CAPITAL,321-ASISTENCIA  A PERSONAS CON NECESIDADES ESPECIALES,2015,1700646051
200 GASTOS DE CAPITAL,222-MIGRACIONES,2012,1687761277
100 GASTOS  CORRIENTES,110-LEGISLATIVA,2011,1645858021
200 GASTOS DE CAPITAL,313-PROMOCIÓN Y ASISTENCIA,2011,1643072025
200 GASTOS DE CAPITAL,133-SERVICIO EXTERIOR,2013,1640224139
100 GASTOS  CORRIENTES,110-LEGISLATIVA,2013,1566426873
100 GASTOS  CORRIENTES,110-LEGISLATIVA,2014,1559782122
100 GASTOS  CORRIENTES,621-REGULACIÓN Y CONTROL DE SERVICIOS DE TRANSPORTE,2016,1557104815
200 GASTOS DE CAPITAL,431-TRANSPORTE TERRESTRE,2013,1552267164
200 GASTOS DE CAPITAL,141-CONT. Y AUD. GUBERNAMENTAL,2013,1506215746
200 GASTOS DE CAPITAL,133-SERVICIO EXTERIOR,2014,1501557742
200 GASTOS DE CAPITAL,361-RELACIONES LABORALES,2013,1497443272
100 GASTOS  CORRIENTES,132-ADMINISTRACIÓN GENERAL,2016,1463167499
200 GASTOS DE CAPITAL,511-SERVICIOS DE LA DEUDA PÚBLICA,2015,1403771600
200 GASTOS DE CAPITAL,421-SERVICIOS POSTALES,2011,1395015525
100 GASTOS  CORRIENTES,110-LEGISLATIVA,2012,1383663344
200 GASTOS DE CAPITAL,441-SERVICIOS FORESTALES,2015,1361840909
200 GASTOS DE CAPITAL,442-SERVICIOS DEL MEDIO AMBIENTE,2015,1345471343
200 GASTOS DE CAPITAL,361-RELACIONES LABORALES,2012,1345449585
200 GASTOS DE CAPITAL,469-INDUSTRIA SIN DISCRIMINAR,2012,1342324586
100 GASTOS  CORRIENTES,319-SALUD SIN DISCRIMINAR,2016,1341068471
100 GASTOS  CORRIENTES,461-PRODUCCION INDUSTRIAL,2016,1316989099
200 GASTOS DE CAPITAL,449-ECOLOGIA Y MEDIO AMBIENTE SIN DISCRIMINAR,2014,1316293652
100 GASTOS  CORRIENTES,441-SERVICIOS FORESTALES,2013,1308879738
200 GASTOS DE CAPITAL,222-MIGRACIONES,2011,1299217516
100 GASTOS  CORRIENTES,361-RELACIONES LABORALES,2014,1281594609
100 GASTOS  CORRIENTES,483-CREDITO PECUARIO,2016,1232853336
200 GASTOS DE CAPITAL,110-LEGISLATIVA,2014,1188975774
200 GASTOS DE CAPITAL,226-REGISTRO CIVIL DE LAS PERSONAS,2014,1128751477
200 GASTOS DE CAPITAL,511-SERVICIOS DE LA DEUDA PÚBLICA,2012,1111000000
100 GASTOS  CORRIENTES,226-REGISTRO CIVIL DE LAS PERSONAS,2016,1080590099
100 GASTOS  CORRIENTES,472-TURISMO,2016,1050970415
100 GASTOS  CORRIENTES,422-SERV. DE TELECOMUNICACIONES Y TELEVISION,2016,1043757543
200 GASTOS DE CAPITAL,361-RELACIONES LABORALES,2014,967366665
200 GASTOS DE CAPITAL,442-SERVICIOS DEL MEDIO AMBIENTE,2012,965787567
100 GASTOS  CORRIENTES,631-REG Y CONTROL DE SERVICIOS DE AGUA POTABLE Y ALCANTARILLADOS,2016,944196404
100 GASTOS  CORRIENTES,353-DIFUSION DEL CONOCIMIENTO CIENTIFICO Y TECNOLOGICO,2016,937515744
200 GASTOS DE CAPITAL,672-REG. Y CONTROL DE LOS SERV. DE REG.DE PROP. INTELECTUAL,2014,905610000
200 GASTOS DE CAPITAL,451-SERVICIOS AGRICOLAS,2012,840293209
200 GASTOS DE CAPITAL,651-REGULACIÓN Y CONTROL DE LAS COOPERATIVAS,2015,805055000
100 GASTOS  CORRIENTES,113-CAMARA DE DIPUTADOS,2012,800651982
100 GASTOS  CORRIENTES,161-CULTO,2011,794153702
200 GASTOS DE CAPITAL,621-REGULACIÓN Y CONTROL DE SERVICIOS DE TRANSPORTE,2015,773602338
200 GASTOS DE CAPITAL,124-MINISTERIO PÚBLICO,2012,770000000
100 GASTOS  CORRIENTES,651-REGULACIÓN Y CONTROL DE COOPERATIVAS,2016,761098277
200 GASTOS DE CAPITAL,431-TRANSPORTE TERRESTRE,2015,741450882
200 GASTOS DE CAPITAL,"419-ENERGIA, COMBUSTIBLES Y LUBRICANTES SIN DISCRIMINAR",2012,716092193
200 GASTOS DE CAPITAL,"359-CIENCIA , TECNOLOGIA Y DIFUSION SIN DISCRIMINAR",2014,708936822
200 GASTOS DE CAPITAL,441-SERVICIOS FORESTALES,2011,698825110
100 GASTOS  CORRIENTES,345-DEPORTE Y RECREACION,2016,692751443
200 GASTOS DE CAPITAL,672-REG. Y CONTROL DE LOS SERV. DE REG.DE PROP. INTELECTUAL,2015,680255713
200 GASTOS DE CAPITAL,"419-ENERGIA, COMBUSTIBLES Y LUBRICANTES SIN DISCRIMINAR",2011,675673560
200 GASTOS DE CAPITAL,"419-ENERGIA, COMBUSTIBLES Y LUBRICANTES SIN DISCRIMINAR",2013,671867000
100 GASTOS  CORRIENTES,672-REG. Y CONTROL DE LOS SERV. REG.DE PROP. INTELECTUAL,2016,667484853
200 GASTOS DE CAPITAL,359-CIENCIA Y TECNOLOGIA SIN DISCRIMINAR,2013,665638872
200 GASTOS DE CAPITAL,651-REGULACIÓN Y CONTROL DE LAS COOPERATIVAS,2012,661105739
100 GASTOS  CORRIENTES,161-CULTO,2012,645708654
100 GASTOS  CORRIENTES,128-REGISTRO PÚBLICO DE BIENES,2012,614578226
200 GASTOS DE CAPITAL,241-INVERSIÓN SEGURIDAD,2015,586245900
200 GASTOS DE CAPITAL,313-PROMOCIÓN Y ASISTENCIA,2014,489983329
100 GASTOS  CORRIENTES,431-TRANSPORTE TERRESTRE,2016,487087710
100 GASTOS  CORRIENTES,113-CAMARA DE DIPUTADOS,2011,485174785
200 GASTOS DE CAPITAL,222-MIGRACIONES,2016,464000000
200 GASTOS DE CAPITAL,482-SEGUROS Y FINANZAS,2011,453291042
100 GASTOS  CORRIENTES,233-PROMOCIÓN Y ACCIÓN CORRECTIVA,2016,434914780
200 GASTOS DE CAPITAL,161-CULTO,2013,421965300
200 GASTOS DE CAPITAL,161-CULTO,2012,421965300
200 GASTOS DE CAPITAL,641-REGULACIÓN Y CONTROL DE SERVICIOS BURSATILES Y COMERCIALES,2013,412796000
200 GASTOS DE CAPITAL,651-REGULACIÓN Y CONTROL DE LAS COOPERATIVAS,2013,400119214
200 GASTOS DE CAPITAL,421-SERVICIOS POSTALES,2014,391597920
100 GASTOS  CORRIENTES,681-REG. Y CONTROL EN LA LIBRE COMPETENCIA EN LOS MERCADOS,2015,390774276
200 GASTOS DE CAPITAL,631-REGULACIÓN Y CONTROL DE SERVICIOS DE AGUA POTABLE Y ALCANTAR,2014,337048654
200 GASTOS DE CAPITAL,323-SERVICIOS DE ACCIÓN SOCIAL,2016,302417023
200 GASTOS DE CAPITAL,354-SERVICIOS CIENTIFICOS Y TECNOLOGICOS,2013,293517449
200 GASTOS DE CAPITAL,352-INVESTIGACION Y DESARROLLO EXPERIMENTAL,2011,290104000
200 GASTOS DE CAPITAL,441-SERVICIOS FORESTALES,2014,281628848
200 GASTOS DE CAPITAL,131-CONDUCCIÓN POLITICA,2016,280906430
100 GASTOS  CORRIENTES,161-CULTO,2014,264432000
100 GASTOS  CORRIENTES,641-REGULACIÓN Y CONTROL DE SERVICIOS BURSATILES Y COMERCIALES,2016,259308483
200 GASTOS DE CAPITAL,116-INVERSIÓN LEGISLATIVA,2011,228418310
300 GASTOS DE FINANCIAMIENTO,459-AGRICULTURA Y OTROS SIN DISCRIMINAR,2011,228400000
200 GASTOS DE CAPITAL,673-REG. Y CONTROL DE SERV. DE PROTECCION Y DEF. AL CONSUMIDOR,2014,219227725
100 GASTOS  CORRIENTES,225-IDENTIFICACIONES,2016,217404000
100 GASTOS  CORRIENTES,228-DEMARCACIÓN Y VIGILANCIA DE LÍMITES,2016,216073943
200 GASTOS DE CAPITAL,621-REGULACIÓN Y CONTROL DE SERVICIOS DE TRANSPORTE,2014,211830000
200 GASTOS DE CAPITAL,233-PROMOCIÓN Y ACCIÓN CORRECTIVA,2015,209960625
100 GASTOS  CORRIENTES,373-ORDENACION URBANA Y RURAL,2016,204108832
100 GASTOS  CORRIENTES,681-REG. Y CONTROL EN LA LIBRE COMPETENCIA EN LOS MERCADOS,2016,200454750
200 GASTOS DE CAPITAL,355-SERVICIOS ESTADISTICOS,2016,186701667
200 GASTOS DE CAPITAL,233-PROMOCIÓN Y ACCIÓN CORRECTIVA,2014,173246480
200 GASTOS DE CAPITAL,"419-ENERGIA, COMBUSTIBLES Y MINERIA SIN DISCRIMINAR",2014,170596597
200 GASTOS DE CAPITAL,135-ADMINISTRACIÓN GUBERNAMENTAL S/DISCRIMINAR,2012,161706288
200 GASTOS DE CAPITAL,143-ADMINISTRACION FINANCIERA Y CONTROL GUBERNAMENTAL,2016,160862998
100 GASTOS  CORRIENTES,673-REG Y CONTROL DE LOS SERV. DE PROTECCION Y DEF AL CONSUMIDOR,2016,159981322
200 GASTOS DE CAPITAL,421-SERVICIOS POSTALES,2012,159347500
100 GASTOS  CORRIENTES,313-PROMOCIÓN Y ASISTENCIA,2016,154248110
200 GASTOS DE CAPITAL,122-DEFENSORIA DEL PUEBLO,2012,146574928
200 GASTOS DE CAPITAL,N/A,2014,145114589
200 GASTOS DE CAPITAL,641-REGULACIÓN Y CONTROL DE SERVICIOS BURSATILES Y COMERCIALES,2012,144132400
200 GASTOS DE CAPITAL,441-SERVICIOS FORESTALES,2012,136744200
200 GASTOS DE CAPITAL,352-INVESTIGACION Y DESARROLLO EXPERIMENTAL,2016,124515192
100 GASTOS  CORRIENTES,"419-ENERGIA, COMBUSTIBLES Y MINERIA SIN DISCRIMINAR",2016,117008651
200 GASTOS DE CAPITAL,631-REGULACIÓN Y CONTROL DE SERVICIOS DE AGUA POTABLE Y ALCANTAR,2011,110109091
200 GASTOS DE CAPITAL,631-REGULACIÓN Y CONTROL DE SERVICIOS DE AGUA POTABLE Y ALCANTAR,2015,109029091
200 GASTOS DE CAPITAL,439-TRANSPORTE SIN DISCRIMINAR,2012,100000000
200 GASTOS DE CAPITAL,471-COMERCIALIZACIÓN Y PROMOCIÓN DE PRODUCTOS,2016,88482354
200 GASTOS DE CAPITAL,631-REGULACIÓN Y CONTROL DE SERVICIOS DE AGUA POTABLE Y ALCANTAR,2012,83962727
200 GASTOS DE CAPITAL,122-DEFENSORIA DEL PUEBLO,2011,83920571
200 GASTOS DE CAPITAL,121-JUDICIAL,2016,68593344
100 GASTOS  CORRIENTES,"359-CIENCIA , TECNOLOGIA Y DIFUSION SIN DISCRIMINAR",2016,67629050
200 GASTOS DE CAPITAL,352-INVESTIGACION Y DESARROLLO EXPERIMENTAL,2013,60136500
200 GASTOS DE CAPITAL,113-CAMARA DE DIPUTADOS,2011,59176130
200 GASTOS DE CAPITAL,641-REGULACIÓN Y CONTROL DE SERVICIOS BURSATILES Y COMERCIALES,2014,55699720
200 GASTOS DE CAPITAL,181-INVERSIÓN EN ADMINISTRACIÓN GUBERNAMENTAL,2016,50880000
200 GASTOS DE CAPITAL,631-REGULACIÓN Y CONTROL DE SERVICIOS DE AGUA POTABLE Y ALCANTAR,2013,38925001
100 GASTOS  CORRIENTES,391-OTROS  SERVICIOS SOCIALES,2016,35746560
200 GASTOS DE CAPITAL,472-TURISMO,2016,28350000
200 GASTOS DE CAPITAL,110-LEGISLATIVA,2012,28164790
200 GASTOS DE CAPITAL,421-SERVICIOS POSTALES,2015,26909400
200 GASTOS DE CAPITAL,641-REGULACIÓN Y CONTROL DE SERVICIOS BURSATILES Y COMERCIALES,2011,22263610
200 GASTOS DE CAPITAL,142-CONTROL FISCAL,2016,21644441
200 GASTOS DE CAPITAL,228-DEMARCACIÓN Y VIGILANCIA DE LÍMITES,2015,21000000
200 GASTOS DE CAPITAL,110-LEGISLATIVA,2011,20866500
200 GASTOS DE CAPITAL,233-PROMOCIÓN Y ACCIÓN CORRECTIVA,2013,20590000
200 GASTOS DE CAPITAL,110-LEGISLATIVA,2013,15263000
200 GASTOS DE CAPITAL,113-CAMARA DE DIPUTADOS,2012,9980000
200 GASTOS DE CAPITAL,651-REGULACIÓN Y CONTROL DE LAS COOPERATIVAS,2011,9570000
200 GASTOS DE CAPITAL,352-INVESTIGACION Y DESARROLLO EXPERIMENTAL,2012,8700000
200 GASTOS DE CAPITAL,361-RELACIONES LABORALES,2016,3561920
100 GASTOS  CORRIENTES,161-CULTO,2013,2424000
100 GASTOS  CORRIENTES,312-SANEAMIENTO AMBIENTAL,2016,0
200 GASTOS DE CAPITAL,373-ORDENACION URBANA Y RURAL,2016,0
200 GASTOS DE CAPITAL,171-APOYO A LOS GOBIERNOS DEPARTAMENTALES,2011,0
200 GASTOS DE CAPITAL,441-SERVICIOS FORESTALES,2016,0
200 GASTOS DE CAPITAL,651-REGULACIÓN Y CONTROL DE COOPERATIVAS,2016,0
200 GASTOS DE CAPITAL,681-REG. Y CONTROL EN LA LIBRE COMPETENCIA EN LOS MERCADOS,2015,0
200 GASTOS DE CAPITAL,461-PRODUCCION INDUSTRIAL,2016,0
200 GASTOS DE CAPITAL,433-TRANSPORTE FLUVIAL,2016,0
200 GASTOS DE CAPITAL,228-DEMARCACIÓN Y VIGILANCIA DE LÍMITES,2016,0
200 GASTOS DE CAPITAL,345-DEPORTE Y RECREACION,2016,0
200 GASTOS DE CAPITAL,132-ADMINISTRACIÓN GENERAL,2016,0
200 GASTOS DE CAPITAL,291-SEGURIDAD SIN DISCRIMINAR,2016,0
200 GASTOS DE CAPITAL,672-REG. Y CONTROL DE LOS SERV. REG.DE PROP. INTELECTUAL,2016,0
200 GASTOS DE CAPITAL,161-CULTO,2016,0
200 GASTOS DE CAPITAL,439-TRANSPORTE SIN DISCRIMINAR,2014,0
200 GASTOS DE CAPITAL,449-ECOLOGIA Y MEDIO AMBIENTE SIN DISCRIMINAR,2013,0
200 GASTOS DE CAPITAL,413-ELECTRICIDAD,2016,0
200 GASTOS DE CAPITAL,391-OTROS  SERVICIOS SOCIALES,2011,0
200 GASTOS DE CAPITAL,432-TRANSPORTE AEREO,2016,0
200 GASTOS DE CAPITAL,673-REG. Y CONTROL DE SERV. DE PROTECCION Y DEF. AL CONSUMIDOR,2015,0
200 GASTOS DE CAPITAL,431-TRANSPORTE TERRESTRE,2016,0
200 GASTOS DE CAPITAL,641-REGULACIÓN Y CONTROL DE SERVICIOS BURSATILES Y COMERCIALES,2016,0
200 GASTOS DE CAPITAL,211-SERVICIOS DE SEGURIDAD NACIONAL,2016,0
200 GASTOS DE CAPITAL,133-SERVICIO EXTERIOR,2016,0
200 GASTOS DE CAPITAL,128-REGISTRO PÚBLICO DE BIENES,2012,0
200 GASTOS DE CAPITAL,631-REG Y CONTROL DE SERVICIOS DE AGUA POTABLE Y ALCANTARILLADOS,2016,0
100 GASTOS  CORRIENTES,413-ELECTRICIDAD,2016,0
300 GASTOS DE FINANCIAMIENTO,121-JUDICIAL,2011,0
200 GASTOS DE CAPITAL,422-SERV. DE TELECOMUNICACIONES Y TELEVISION,2016,0
200 GASTOS DE CAPITAL,483-CREDITO PECUARIO,2016,0
200 GASTOS DE CAPITAL,352-INVESTIGACION Y DESARROLLO EXPERIMENTAL,2015,0
200 GASTOS DE CAPITAL,673-REG Y CONTROL DE LOS SERV. DE PROTECCION Y DEF AL CONSUMIDOR,2016,0
200 GASTOS DE CAPITAL,"459-AGRICULTURA , GANADERIA, CAZA Y PESCA SIN DISCRIMINAR",2016,0
200 GASTOS DE CAPITAL,312-SANEAMIENTO AMBIENTAL,2016,0
100 GASTOS  CORRIENTES,510-SERVICIOS DE LA DEUDA PUBLICA,2011,0
200 GASTOS DE CAPITAL,344-CULTURA,2016,0
200 GASTOS DE CAPITAL,326-SERVICIOS SOCIALES PARA LA REFORMA AGRARIA Y COLONIZACION,2016,0
200 GASTOS DE CAPITAL,226-REGISTRO CIVIL DE LAS PERSONAS,2016,0
200 GASTOS DE CAPITAL,441-SERVICIOS FORESTALES,2013,0
200 GASTOS DE CAPITAL,313-PROMOCIÓN Y ASISTENCIA,2016,0
200 GASTOS DE CAPITAL,179-INVERSIÓN DE GOBIERNOS DEPARTAMENTALES,2011,0
200 GASTOS DE CAPITAL,225-IDENTIFICACIONES,2016,0
200 GASTOS DE CAPITAL,354-SERVICIOS CIENTIFICOS Y TECNOLOGICOS,2016,0
200 GASTOS DE CAPITAL,452-SERVICIOS PECUARIOS,2016,0
300 GASTOS DE FINANCIAMIENTO,510-SERVICIOS DE LA DEUDA PUBLICA,2011,0
200 GASTOS DE CAPITAL,111-LEGISLATIVA,2016,0
200 GASTOS DE CAPITAL,321-ASISTENCIA  A PERSONAS CON NECESIDADES ESPECIALES,2016,0
200 GASTOS DE CAPITAL,439-TRANSPORTE SIN DISCRIMINAR,2011,0
200 GASTOS DE CAPITAL,611-REGULACIÓN Y CONTROL DE SERVICIOS DE TELECOMUNICACIONES,2016,0
200 GASTOS DE CAPITAL,231-RECLUSIÓN PENAL,2016,0
200 GASTOS DE CAPITAL,313-PROMOCIÓN Y ASISTENCIA,2015,0
200 GASTOS DE CAPITAL,442-SERVICIOS DEL MEDIO AMBIENTE,2016,0
200 GASTOS DE CAPITAL,421-SERVICIOS POSTALES,2013,0
200 GASTOS DE CAPITAL,"671-REG. Y CONTROL DEL SIST. NAC, CONTRATC PUB",2016,0
200 GASTOS DE CAPITAL,221-ORDEN PÚBLICO Y SEGURIDAD INTERIOR,2016,0
200 GASTOS DE CAPITAL,641-REGULACIÓN Y CONTROL DE SERVICIOS BURSATILES Y COMERCIALES,2015,0
200 GASTOS DE CAPITAL,233-PROMOCIÓN Y ACCIÓN CORRECTIVA,2016,0
300 GASTOS DE FINANCIAMIENTO,312-SANEAMIENTO AMBIENTAL,2013,0
200 GASTOS DE CAPITAL,331-ADMINISTRACION DE LOS SERVICIOS DE SEGURIDAD SOCIAL,2016,0
200 GASTOS DE CAPITAL,681-REG. Y CONTROL EN LA LIBRE COMPETENCIA EN LOS MERCADOS,2016,0
200 GASTOS DE CAPITAL,"419-ENERGIA, COMBUSTIBLES Y MINERIA SIN DISCRIMINAR",2016,0
200 GASTOS DE CAPITAL,"359-CIENCIA , TECNOLOGIA Y DIFUSION SIN DISCRIMINAR",2016,0
200 GASTOS DE CAPITAL,439-TRANSPORTE SIN DISCRIMINAR,2013,0
200 GASTOS DE CAPITAL,141-CONT. Y AUD. GUBERNAMENTAL,2016,0
200 GASTOS DE CAPITAL,421-SERVICIOS POSTALES,2016,0
200 GASTOS DE CAPITAL,451-SERVICIOS AGRICOLAS,2016,0
200 GASTOS DE CAPITAL,319-SALUD SIN DISCRIMINAR,2016,0
