tipo_presupuesto,funcion,anho,monto
2-PROGRAMAS DE ACCIÓN,334-SERVICIOS DE JUBILACIONES Y PENSIONES,2015,5775880213328
2-PROGRAMAS DE ACCIÓN,481-INTERMEDIACION FINANCIERA,2012,5733189215293
2-PROGRAMAS DE ACCIÓN,334-SERVICIOS DE JUBILACIONES Y PENSIONES,2014,4946191745172
2-PROGRAMAS DE ACCIÓN,334-SERVICIOS DE JUBILACIONES Y PENSIONES,2013,4574447203466
1-PROGRAMAS DE ADMINISTRACION,132-ADMINISTRACIÓN GENERAL,2012,4459222864472
2-PROGRAMAS DE ACCIÓN,311-ATENCION MEDICA,2014,4451936715823
2-PROGRAMAS DE ACCIÓN,412-PETROLEO Y GAS,2012,4350131645887
2-PROGRAMAS DE ACCIÓN,311-ATENCION MEDICA,2015,4179447678255
2-PROGRAMAS DE ACCIÓN,412-PETROLEO Y GAS,2011,4052792160831
2-PROGRAMAS DE ACCIÓN,311-ATENCION MEDICA,2013,3909757682153
2-PROGRAMAS DE ACCIÓN,311-ATENCION MEDICA,2012,3815801105188
2-PROGRAMAS DE ACCIÓN,412-PETROLEO Y GAS,2013,3734813768889
2-PROGRAMAS DE ACCIÓN,334-SERVICIOS DE JUBILACIONES Y PENSIONES,2012,3666519942744
2-PROGRAMAS DE ACCIÓN,412-PETROLEO Y GAS,2014,3314562743032
2-PROGRAMAS DE ACCIÓN,311-ATENCION MEDICA,2011,2840051781846
2-PROGRAMAS DE ACCIÓN,334-SERVICIOS DE JUBILACIONES Y PENSIONES,2011,2758718924152
4-PROGRAMAS DEL SERVICIO DE LA DEUDA PÚBLICA,511-SERVICIOS DE LA DEUDA PÚBLICA,2015,2749762807138
2-PROGRAMAS DE ACCIÓN,341-EDUCACION ELEMENTAL,2015,2729907100488
2-PROGRAMAS DE ACCIÓN,325-SERVICIOS SOCIALES DE LOS GOB. DEPARTAMENTALES,2015,2717448448127
2-PROGRAMAS DE ACCIÓN,481-INTERMEDIACION FINANCIERA,2015,2649814995481
3-PROGRAMAS DE INVERSIÓN,491-SERVICIOS DE OBRAS PÚBLICAS,2015,2552301547309
2-PROGRAMAS DE ACCIÓN,413-ELECTRICIDAD,2015,2531750854207
2-PROGRAMAS DE ACCIÓN,341-EDUCACION ELEMENTAL,2014,2507106098284
2-PROGRAMAS DE ACCIÓN,341-EDUCACION ELEMENTAL,2013,2442938700516
2-PROGRAMAS DE ACCIÓN,481-INTERMEDIACION FINANCIERA,2014,2442524889745
2-PROGRAMAS DE ACCIÓN,341-EDUCACION ELEMENTAL,2012,2311953153662
2-PROGRAMAS DE ACCIÓN,412-PETROLEO Y GAS,2015,2271700552414
2-PROGRAMAS DE ACCIÓN,413-ELECTRICIDAD,2013,2268808815141
2-PROGRAMAS DE ACCIÓN,481-INTERMEDIACION FINANCIERA,2013,2231583180363
3-PROGRAMAS DE INVERSIÓN,491-SERVICIOS DE OBRAS PÚBLICAS,2014,2215566202514
4-PROGRAMAS DEL SERVICIO DE LA DEUDA PÚBLICA,511-SERVICIOS DE LA DEUDA PÚBLICA,2014,2201388773820
1-PROGRAMAS DE ADMINISTRACION,349-EDUCACION Y CULTURA SIN DISCRIMINAR,2015,2167236328828
2-PROGRAMAS DE ACCIÓN,413-ELECTRICIDAD,2014,2138047440809
2-PROGRAMAS DE ACCIÓN,221-ORDEN PÚBLICO Y SEGURIDAD INTERIOR,2015,2051034009039
2-PROGRAMAS DE ACCIÓN,413-ELECTRICIDAD,2011,2006078594633
2-PROGRAMAS DE ACCIÓN,413-ELECTRICIDAD,2012,1986449459057
4-PROGRAMAS DEL SERVICIO DE LA DEUDA PÚBLICA,511-SERVICIOS DE LA DEUDA PÚBLICA,2011,1929075254377
3-PROGRAMAS DE INVERSIÓN,491-SERVICIOS DE OBRAS PÚBLICAS,2013,1924331138118
1-PROGRAMAS DE ADMINISTRACION,325-SERVICIOS SOCIALES DE LOS GOB. DEPARTAMENTALES,2014,1898276525144
2-PROGRAMAS DE ACCIÓN,341-EDUCACION ELEMENTAL,2011,1882438038470
4-PROGRAMAS DEL SERVICIO DE LA DEUDA PÚBLICA,511-SERVICIOS DE LA DEUDA PÚBLICA,2012,1790421082370
2-PROGRAMAS DE ACCIÓN,221-ORDEN PÚBLICO Y SEGURIDAD INTERIOR,2014,1770135760824
2-PROGRAMAS DE ACCIÓN,121-JUDICIAL,2015,1714517362738
4-PROGRAMAS DEL SERVICIO DE LA DEUDA PÚBLICA,511-SERVICIOS DE LA DEUDA PÚBLICA,2013,1710744335905
1-PROGRAMAS DE ADMINISTRACION,325-SERVICIOS SOCIALES DE LOS GOB. DEPARTAMENTALES,2013,1674890228676
2-PROGRAMAS DE ACCIÓN,221-ORDEN PÚBLICO Y SEGURIDAD INTERIOR,2013,1667469667220
1-PROGRAMAS DE ADMINISTRACION,343-EDUCACION SUPERIOR Y UNIVERSITARIA,2014,1561529814253
3-PROGRAMAS DE INVERSIÓN,491-SERVICIOS DE OBRAS PÚBLICAS,2012,1498450755316
2-PROGRAMAS DE ACCIÓN,121-JUDICIAL,2014,1465900763256
1-PROGRAMAS DE ADMINISTRACION,343-EDUCACION SUPERIOR Y UNIVERSITARIA,2013,1444585160717
2-PROGRAMAS DE ACCIÓN,221-ORDEN PÚBLICO Y SEGURIDAD INTERIOR,2012,1419335892245
2-PROGRAMAS DE ACCIÓN,121-JUDICIAL,2013,1365340867979
2-PROGRAMAS DE ACCIÓN,481-INTERMEDIACION FINANCIERA,2011,1348502242967
2-PROGRAMAS DE ACCIÓN,343-EDUCACION SUPERIOR Y UNIVERSITARIA,2015,1342520556872
2-PROGRAMAS DE ACCIÓN,323-SERVICIOS DE ACCIÓN SOCIAL,2015,1335386518775
1-PROGRAMAS DE ADMINISTRACION,492-INVERSIÓN SERVICIOS ECONÓMICOS,2014,1314851661611
1-PROGRAMAS DE ADMINISTRACION,343-EDUCACION SUPERIOR Y UNIVERSITARIA,2012,1295126924740
2-PROGRAMAS DE ACCIÓN,121-JUDICIAL,2012,1290148121220
3-PROGRAMAS DE INVERSIÓN,413-ELECTRICIDAD,2015,1162886640426
2-PROGRAMAS DE ACCIÓN,343-EDUCACION SUPERIOR Y UNIVERSITARIA,2014,1128728720978
1-PROGRAMAS DE ADMINISTRACION,413-ELECTRICIDAD,2015,1119210832670
2-PROGRAMAS DE ACCIÓN,221-ORDEN PÚBLICO Y SEGURIDAD INTERIOR,2011,1119171822754
1-PROGRAMAS DE ADMINISTRACION,134-ADMINISTRACIÓN MUNICIPAL,2012,1094787120606
3-PROGRAMAS DE INVERSIÓN,491-SERVICIOS DE OBRAS PÚBLICAS,2011,1084623302909
1-PROGRAMAS DE ADMINISTRACION,211-SERVICIOS DE SEGURIDAD NACIONAL,2015,1084615663750
2-PROGRAMAS DE ACCIÓN,492-INVERSIÓN SERVICIOS ECONÓMICOS,2015,1033328309164
3-PROGRAMAS DE INVERSIÓN,413-ELECTRICIDAD,2014,1028788031324
2-PROGRAMAS DE ACCIÓN,343-EDUCACION SUPERIOR Y UNIVERSITARIA,2013,1018949352233
2-PROGRAMAS DE ACCIÓN,342-EDUCACION MEDIA Y TECNICA,2012,1013153774283
1-PROGRAMAS DE ADMINISTRACION,343-EDUCACION SUPERIOR Y UNIVERSITARIA,2011,1001462436756
2-PROGRAMAS DE ACCIÓN,121-JUDICIAL,2011,1001191557377
1-PROGRAMAS DE ADMINISTRACION,413-ELECTRICIDAD,2014,994762717982
1-PROGRAMAS DE ADMINISTRACION,211-SERVICIOS DE SEGURIDAD NACIONAL,2014,993512528517
2-PROGRAMAS DE ACCIÓN,342-EDUCACION MEDIA Y TECNICA,2015,970469946858
2-PROGRAMAS DE ACCIÓN,342-EDUCACION MEDIA Y TECNICA,2013,960909533077
1-PROGRAMAS DE ADMINISTRACION,211-SEGURIDAD NACIONAL,2013,958241227731
2-PROGRAMAS DE ACCIÓN,342-EDUCACION MEDIA Y TECNICA,2014,923548015189
2-PROGRAMAS DE ACCIÓN,343-EDUCACION SUPERIOR Y UNIVERSITARIA,2012,923009720438
2-PROGRAMAS DE ACCIÓN,342-EDUCACION MEDIA Y TECNICA,2011,897790870012
1-PROGRAMAS DE ADMINISTRACION,325-SERVICIOS SOCIALES DE LOS GOB. DEPARTAMENTALES,2012,847553166470
1-PROGRAMAS DE ADMINISTRACION,319-SALUD SIN DISCRIMINAR,2015,836633520668
1-PROGRAMAS DE ADMINISTRACION,211-DEFENSA MILITAR,2012,816060631973
2-PROGRAMAS DE ACCIÓN,319-SALUD SIN DISCRIMINAR,2015,748335618705
1-PROGRAMAS DE ADMINISTRACION,121-JUDICIAL,2015,727947828600
2-PROGRAMAS DE ACCIÓN,343-EDUCACION SUPERIOR Y UNIVERSITARIA,2011,723952277898
2-PROGRAMAS DE ACCIÓN,325-SERVICIOS SOCIALES DE LOS GOB. DEPARTAMENTALES,2014,714033087758
2-PROGRAMAS DE ACCIÓN,334-SERVICIOS DE JUBILACIONES Y PENSIONES,2016,682005392143
1-PROGRAMAS DE ADMINISTRACION,121-JUDICIAL,2014,681250697883
1-PROGRAMAS DE ADMINISTRACION,331-ADMINISTRACION DE LOS SERVICIOS DE SEGURIDAD SOCIAL,2015,680163760650
4-PROGRAMAS DEL SERVICIO DE LA DEUDA PÚBLICA,511-SERVICIOS DE LA DEUDA PÚBLICA,2016,677411084281
1-PROGRAMAS DE ADMINISTRACION,413-ELECTRICIDAD,2012,674807095524
1-PROGRAMAS DE ADMINISTRACION,349-EDUCACION Y CULTURA SIN DISCRIMINAR,2014,673631375463
3-PROGRAMAS DE INVERSIÓN,413-ELECTRICIDAD,2013,658696092619
1-PROGRAMAS DE ADMINISTRACION,121-JUDICIAL,2013,637464804435
1-PROGRAMAS DE ADMINISTRACION,413-ELECTRICIDAD,2013,635710079049
1-PROGRAMAS DE ADMINISTRACION,413-ELECTRICIDAD,2011,634253787615
1-PROGRAMAS DE ADMINISTRACION,132-ADMINISTRACIÓN GENERAL,2014,627118835834
1-PROGRAMAS DE ADMINISTRACION,481-INTERMEDIACION FINANCIERA,2014,622136918967
2-PROGRAMAS DE ACCIÓN,325-SERVICIOS SOCIALES DE LOS GOB. DEPARTAMENTALES,2013,610257563818
1-PROGRAMAS DE ADMINISTRACION,211-DEFENSA MILITAR,2011,608208116512
2-PROGRAMAS DE ACCIÓN,325-SERVICIOS SOCIALES DE LOS GOB. DEPARTAMENTALES,2012,603573876620
1-PROGRAMAS DE ADMINISTRACION,481-INTERMEDIACION FINANCIERA,2015,601358959743
1-PROGRAMAS DE ADMINISTRACION,323-SERVICIOS DE ACCIÓN SOCIAL,2011,599260639176
1-PROGRAMAS DE ADMINISTRACION,325-SERVICIOS SOCIALES DE LOS GOB. DEPARTAMENTALES,2011,587404276504
1-PROGRAMAS DE ADMINISTRACION,132-ADMINISTRACIÓN GENERAL,2013,583304814104
1-PROGRAMAS DE ADMINISTRACION,481-INTERMEDIACION FINANCIERA,2013,567418666090
1-PROGRAMAS DE ADMINISTRACION,121-JUDICIAL,2012,550869152669
3-PROGRAMAS DE INVERSIÓN,413-ELECTRICIDAD,2012,534593432149
2-PROGRAMAS DE ACCIÓN,323-SERVICIOS DE ACCIÓN SOCIAL,2014,514180418569
2-PROGRAMAS DE ACCIÓN,319-SALUD SIN DISCRIMINAR,2014,507052623242
1-PROGRAMAS DE ADMINISTRACION,121-JUDICIAL,2011,499409611839
1-PROGRAMAS DE ADMINISTRACION,319-SALUD SIN DISCRIMINAR,2014,487921415018
2-PROGRAMAS DE ACCIÓN,461-PRODUCCION INDUSTRIAL,2015,483834197271
1-PROGRAMAS DE ADMINISTRACION,349-EDUCACION Y CULTURA SIN DISCRIMINAR,2013,478482194814
3-PROGRAMAS DE INVERSIÓN,413-ELECTRICIDAD,2011,459779256260
1-PROGRAMAS DE ADMINISTRACION,481-INTERMEDIACION FINANCIERA,2012,449647604366
2-PROGRAMAS DE ACCIÓN,461-PRODUCCION INDUSTRIAL,2014,449458332316
1-PROGRAMAS DE ADMINISTRACION,"459-AGRICULTURA , GANADERIA, CAZA Y PESCA SIN DISCRIMINAR",2015,448159335291
2-PROGRAMAS DE ACCIÓN,323-SERVICIOS DE ACCIÓN SOCIAL,2013,444924614313
1-PROGRAMAS DE ADMINISTRACION,143-ADMINISTRACION FINANCIERA Y CONTROL GUBERNAMENTAL,2011,444685828515
2-PROGRAMAS DE ACCIÓN,461-PRODUCCION INDUSTRIAL,2012,430852623156
1-PROGRAMAS DE ADMINISTRACION,111-LEGISLATIVA,2015,426645764599
2-PROGRAMAS DE ACCIÓN,"333-VEJEZ, INCAPACIDAD Y SUPERVIVENCIA",2014,419135486902
1-PROGRAMAS DE ADMINISTRACION,133-SERVICIO EXTERIOR,2015,419110651671
2-PROGRAMAS DE ACCIÓN,325-SERVICIOS SOCIALES DE LOS GOB. DEPARTAMENTALES,2011,418795175702
1-PROGRAMAS DE ADMINISTRACION,143-ADMINISTRACION FINANCIERA Y CONTROL GUBERNAMENTAL,2012,411172488818
2-PROGRAMAS DE ACCIÓN,326-SERVICIOS SOCIALES PARA LA REFORMA AGRARIA Y COLONIZACION,2012,408645460570
1-PROGRAMAS DE ADMINISTRACION,111-LEGISLATIVA,2013,408159863251
1-PROGRAMAS DE ADMINISTRACION,111-LEGISLATIVA,2014,407618324814
1-PROGRAMAS DE ADMINISTRACION,481-INTERMEDIACION FINANCIERA,2011,404939498453
1-PROGRAMAS DE ADMINISTRACION,331-ADMINISTRACION DE LOS SERVICIOS DE SEGURIDAD SOCIAL,2014,398732681815
1-PROGRAMAS DE ADMINISTRACION,331-ADMINISTRACION Y PROMOCION,2013,395874168603
2-PROGRAMAS DE ACCIÓN,319-SALUD SIN DISCRIMINAR,2011,394526683336
1-PROGRAMAS DE ADMINISTRACION,134-ADMINISTRACIÓN MUNICIPAL,2011,393899060853
2-PROGRAMAS DE ACCIÓN,"333-VEJEZ, INCAPACIDAD Y SUPERVIVENCIA",2012,388716703470
1-PROGRAMAS DE ADMINISTRACION,132-ADMINISTRACIÓN GENERAL,2011,385523145836
1-PROGRAMAS DE ADMINISTRACION,611-REGULACIÓN Y CONTROL DE SERVICIOS DE TELECOMUNICACIÓN,2015,378932727705
1-PROGRAMAS DE ADMINISTRACION,111-LEGISLATIVA,2012,378664731825
2-PROGRAMAS DE ACCIÓN,454-CREDITO AGRICOLA Y PECUARIO,2015,368781844984
2-PROGRAMAS DE ACCIÓN,211-SERVICIOS DE SEGURIDAD NACIONAL,2015,366124029358
2-PROGRAMAS DE ACCIÓN,323-SERVICIOS DE ACCIÓN SOCIAL,2011,357335522094
1-PROGRAMAS DE ADMINISTRACION,371-VIVIENDA Y URBANISMO,2013,350919125858
2-PROGRAMAS DE ACCIÓN,326-SERVICIOS SOCIALES PARA LA REFORMA AGRARIA Y COLONIZACION,2011,344144772485
2-PROGRAMAS DE ACCIÓN,211-SERVICIOS DE SEGURIDAD NACIONAL,2014,342960330942
1-PROGRAMAS DE ADMINISTRACION,349-EDUCACION Y CULTURA SIN DISCRIMINAR,2012,340077391425
1-PROGRAMAS DE ADMINISTRACION,111-LEGISLATIVA,2011,339927276589
1-PROGRAMAS DE ADMINISTRACION,323-SERVICIOS DE ACCIÓN SOCIAL,2012,337343133022
2-PROGRAMAS DE ACCIÓN,211-DEFENSA MILITAR,2011,331158959439
2-PROGRAMAS DE ACCIÓN,323-SERVICIOS DE ACCIÓN SOCIAL,2012,328362295623
2-PROGRAMAS DE ACCIÓN,"333-VEJEZ, INCAPACIDAD Y SUPERVIVENCIA",2015,327503864439
2-PROGRAMAS DE ACCIÓN,142-CONTROL FISCAL,2014,326629388703
2-PROGRAMAS DE ACCIÓN,371-VIVIENDA Y URBANISMO,2013,319959632059
2-PROGRAMAS DE ACCIÓN,319-SALUD SIN DISCRIMINAR,2012,318863669602
2-PROGRAMAS DE ACCIÓN,371-VIVIENDA Y URBANISMO,2015,315738103951
2-PROGRAMAS DE ACCIÓN,"333-VEJEZ, INCAPACIDAD Y SUPERVIVENCIA",2013,315181780865
1-PROGRAMAS DE ADMINISTRACION,491-SERVICIOS DE OBRAS PÚBLICAS,2015,313666560007
2-PROGRAMAS DE ACCIÓN,142-CONTROL FISCAL,2015,313419020837
2-PROGRAMAS DE ACCIÓN,142-CONTROL FISCAL,2013,310460043111
1-PROGRAMAS DE ADMINISTRACION,319-SALUD SIN DISCRIMINAR,2012,308834369065
1-PROGRAMAS DE ADMINISTRACION,"329-PROMOCION,ASISTENCIA Y ACCION SOCIAL SIN DISCRIMINAR",2015,304991235561
1-PROGRAMAS DE ADMINISTRACION,371-VIVIENDA Y URBANISMO,2012,303995263972
1-PROGRAMAS DE ADMINISTRACION,331-ADMINISTRACION Y PROMOCION,2012,303769106435
2-PROGRAMAS DE ACCIÓN,461-PRODUCCION INDUSTRIAL,2011,302067370310
1-PROGRAMAS DE ADMINISTRACION,371-VIVIENDA Y URBANISMO,2014,299273952260
1-PROGRAMAS DE ADMINISTRACION,349-EDUCACION Y CULTURA SIN DISCRIMINAR,2011,297869529754
2-PROGRAMAS DE ACCIÓN,211-DEFENSA MILITAR,2012,296807840793
2-PROGRAMAS DE ACCIÓN,326-SERVICIOS SOCIALES PARA LA REFORMA AGRARIA Y COLONIZACION,2013,286110651605
2-PROGRAMAS DE ACCIÓN,331-ADMINISTRACION Y PROMOCION,2011,283284205395
1-PROGRAMAS DE ADMINISTRACION,331-ADMINISTRACION Y PROMOCION,2011,279799081410
2-PROGRAMAS DE ACCIÓN,454-CREDITO AGRICOLA Y PECUARIO,2014,275616588862
1-PROGRAMAS DE ADMINISTRACION,319-SALUD SIN DISCRIMINAR,2011,274085231694
1-PROGRAMAS DE ADMINISTRACION,319-SALUD SIN DISCRIMINAR,2013,266953112201
1-PROGRAMAS DE ADMINISTRACION,326-SERVICIOS SOCIALES PARA LA REFORMA AGRARIA Y COLONIZACION,2012,264149780205
2-PROGRAMAS DE ACCIÓN,326-SERVICIOS SOCIALES PARA LA REFORMA AGRARIA Y COLONIZACION,2014,263251904355
2-PROGRAMAS DE ACCIÓN,326-SERVICIOS SOCIALES PARA LA REFORMA AGRARIA Y COLONIZACION,2015,259301151327
1-PROGRAMAS DE ADMINISTRACION,"329-PROMOCION,ASISTENCIA Y ACCION SOCIAL SIN DISCRIMINAR",2014,255786445454
2-PROGRAMAS DE ACCIÓN,461-PRODUCCION INDUSTRIAL,2013,254492919436
2-PROGRAMAS DE ACCIÓN,"333-VEJEZ, INCAPACIDAD Y SUPERVIVENCIA",2011,254172319404
2-PROGRAMAS DE ACCIÓN,211-SEGURIDAD NACIONAL,2013,252654809479
1-PROGRAMAS DE ADMINISTRACION,323-SERVICIOS DE ACCIÓN SOCIAL,2014,248774989886
1-PROGRAMAS DE ADMINISTRACION,"329-PROMOCION,ASISTENCIA Y ACCION SOCIAL SIN DISCRIMINAR",2013,247828102361
2-PROGRAMAS DE ACCIÓN,454-CREDITO AGRICOLA Y PECUARIO,2013,241982870558
2-PROGRAMAS DE ACCIÓN,142-CONTROL FISCAL,2011,237203094015
1-PROGRAMAS DE ADMINISTRACION,133-SERVICIO EXTERIOR,2014,236356971898
2-PROGRAMAS DE ACCIÓN,142-CONTROL FISCAL,2012,236182078494
1-PROGRAMAS DE ADMINISTRACION,"459-AGRICULTURA , GANADERIA, CAZA Y PESCA SIN DISCRIMINAR",2014,233456068377
1-PROGRAMAS DE ADMINISTRACION,491-SERVICIOS DE OBRAS PÚBLICAS,2014,227654660500
1-PROGRAMAS DE ADMINISTRACION,323-SERVICIOS DE ACCIÓN SOCIAL,2013,226300890507
1-PROGRAMAS DE ADMINISTRACION,326-SERVICIOS SOCIALES PARA LA REFORMA AGRARIA Y COLONIZACION,2011,224275183471
1-PROGRAMAS DE ADMINISTRACION,326-SERVICIOS SOCIALES PARA LA REFORMA AGRARIA Y COLONIZACION,2013,221419434863
1-PROGRAMAS DE ADMINISTRACION,611-REGULACIÓN Y CONTROL DE SERVICIOS DE TELECOMUNICACIÓN,2014,220986964283
1-PROGRAMAS DE ADMINISTRACION,131-CONDUCCIÓN POLITICA,2014,218412681274
1-PROGRAMAS DE ADMINISTRACION,133-SERVICIO EXTERIOR,2012,217422073267
1-PROGRAMAS DE ADMINISTRACION,133-SERVICIO EXTERIOR,2013,210827798449
2-PROGRAMAS DE ACCIÓN,341-EDUCACION ELEMENTAL,2016,210636627512
1-PROGRAMAS DE ADMINISTRACION,326-SERVICIOS SOCIALES PARA LA REFORMA AGRARIA Y COLONIZACION,2014,210625853361
2-PROGRAMAS DE ACCIÓN,481-INTERMEDIACION FINANCIERA,2016,207691547707
2-PROGRAMAS DE ACCIÓN,454-CREDITO AGRICOLA Y PECUARIO,2012,207435495117
2-PROGRAMAS DE ACCIÓN,371-VIVIENDA Y URBANISMO,2012,204495095667
1-PROGRAMAS DE ADMINISTRACION,371-VIVIENDA Y URBANISMO,2011,204412887502
1-PROGRAMAS DE ADMINISTRACION,"329-PROMOCION,ASISTENCIA Y ACCION SOCIAL SIN DISCRIMINAR",2012,202661031126
1-PROGRAMAS DE ADMINISTRACION,131-CONDUCCIÓN POLITICA,2013,198600489047
1-PROGRAMAS DE ADMINISTRACION,"459-AGRICULTURA , GANADERIA, CAZA Y PESCA SIN DISCRIMINAR",2013,197382218992
1-PROGRAMAS DE ADMINISTRACION,491-SERVICIOS DE OBRAS PÚBLICAS,2013,192213191337
1-PROGRAMAS DE ADMINISTRACION,491-SERVICIOS DE OBRAS PÚBLICAS,2012,189727674799
1-PROGRAMAS DE ADMINISTRACION,133-SERVICIO EXTERIOR,2011,189645316325
2-PROGRAMAS DE ACCIÓN,371-VIVIENDA Y URBANISMO,2014,189205277108
1-PROGRAMAS DE ADMINISTRACION,143-ADMINISTRACION FINANCIERA Y CONTROL GUBERNAMENTAL,2014,187650665565
1-PROGRAMAS DE ADMINISTRACION,143-ADMINISTRACION FINANCIERA Y CONTROL GUBERNAMENTAL,2013,184149499515
2-PROGRAMAS DE ACCIÓN,432-TRANSPORTE AEREO,2015,182412456553
2-PROGRAMAS DE ACCIÓN,311-ATENCION MEDICA,2016,182107271164
3-PROGRAMAS DE INVERSIÓN,349-EDUCACION Y CULTURA SIN DISCRIMINAR,2011,181712335384
1-PROGRAMAS DE ADMINISTRACION,142-CONTROL FISCAL,2014,180949725071
2-PROGRAMAS DE ACCIÓN,454-CREDITO AGRICOLA Y PECUARIO,2011,179592654920
3-PROGRAMAS DE INVERSIÓN,349-EDUCACION Y CULTURA SIN DISCRIMINAR,2012,175990569389
1-PROGRAMAS DE ADMINISTRACION,459-AGRICULTURA Y OTROS SIN DISCRIMINAR,2012,175938765398
1-PROGRAMAS DE ADMINISTRACION,459-AGRICULTURA Y OTROS SIN DISCRIMINAR,2011,175629942248
3-PROGRAMAS DE INVERSIÓN,371-VIVIENDA Y URBANISMO,2015,175142338597
1-PROGRAMAS DE ADMINISTRACION,131-CONDUCCIÓN POLITICA,2011,174541038976
1-PROGRAMAS DE ADMINISTRACION,131-CONDUCCIÓN POLITICA,2012,173822431940
2-PROGRAMAS DE ACCIÓN,319-SALUD SIN DISCRIMINAR,2013,172021605165
1-PROGRAMAS DE ADMINISTRACION,492-INVERSIÓN SERVICIOS ECONÓMICOS,2013,164492325426
2-PROGRAMAS DE ACCIÓN,121-JUDICIAL,2016,160838168075
2-PROGRAMAS DE ACCIÓN,432-TRANSPORTE AEREO,2014,153055801720
3-PROGRAMAS DE INVERSIÓN,326-SERVICIOS SOCIALES PARA LA REFORMA AGRARIA Y COLONIZACION,2012,152969914915
2-PROGRAMAS DE ACCIÓN,325-SERVICIOS SOCIALES DE LOS GOB. DEPARTAMENTALES Y MUNICIPALES,2016,152622175840
1-PROGRAMAS DE ADMINISTRACION,"329-PROMOCION,ASISTENCIA Y ACCION SOCIAL SIN DISCRIMINAR",2011,151862054809
1-PROGRAMAS DE ADMINISTRACION,412-PETROLEO Y GAS,2015,149395806838
1-PROGRAMAS DE ADMINISTRACION,611-REGULACIÓN Y CONTROL DE SERVICIOS DE TELECOMUNICACIÓN,2013,148871040054
2-PROGRAMAS DE ACCIÓN,231-RECLUSIÓN PENAL,2015,148700551157
3-PROGRAMAS DE INVERSIÓN,319-SALUD SIN DISCRIMINAR,2014,146127356681
1-PROGRAMAS DE ADMINISTRACION,611-REGULACIÓN Y CONTROL DE SERVICIOS DE TELECOMUNICACIÓN,2012,143327531328
3-PROGRAMAS DE INVERSIÓN,461-PRODUCCION INDUSTRIAL,2014,142549617000
2-PROGRAMAS DE ACCIÓN,432-TRANSPORTE AEREO,2013,141306595572
1-PROGRAMAS DE ADMINISTRACION,491-SERVICIOS DE OBRAS PÚBLICAS,2011,139930457060
1-PROGRAMAS DE ADMINISTRACION,142-CONTROL FISCAL,2015,138332860353
2-PROGRAMAS DE ACCIÓN,371-VIVIENDA Y URBANISMO,2011,137488263036
2-PROGRAMAS DE ACCIÓN,221-ORDEN PÚBLICO Y SEGURIDAD INTERIOR,2016,136329446080
1-PROGRAMAS DE ADMINISTRACION,349-EDUCACION Y CULTURA SIN DISCRIMINAR,2016,134915581437
3-PROGRAMAS DE INVERSIÓN,312-SANEAMIENTO AMBIENTAL,2012,134266350414
1-PROGRAMAS DE ADMINISTRACION,343-EDUCACION SUPERIOR Y UNIVERSITARIA,2015,130764608335
1-PROGRAMAS DE ADMINISTRACION,325-SERVICIOS SOCIALES DE LOS GOB. DEPARTAMENTALES,2015,130539884551
1-PROGRAMAS DE ADMINISTRACION,211-SERVICIOS DE SEGURIDAD NACIONAL,2016,130089227372
3-PROGRAMAS DE INVERSIÓN,"459-AGRICULTURA , GANADERIA, CAZA Y PESCA SIN DISCRIMINAR",2014,130017058259
2-PROGRAMAS DE ACCIÓN,432-TRANSPORTE AEREO,2012,129221711857
2-PROGRAMAS DE ACCIÓN,231-RECLUSIÓN PENAL,2014,128753090607
1-PROGRAMAS DE ADMINISTRACION,611-REGULACIÓN Y CONTROL DE SERVICIOS DE TELECOMUNICACIÓN,2011,125049537226
1-PROGRAMAS DE ADMINISTRACION,221-ORDEN PÚBLICO Y SEGURIDAD INTERIOR,2014,124657593245
3-PROGRAMAS DE INVERSIÓN,491-SERVICIOS DE OBRAS PÚBLICAS,2016,123392293817
3-PROGRAMAS DE INVERSIÓN,461-PRODUCCION INDUSTRIAL,2015,122420555722
2-PROGRAMAS DE ACCIÓN,432-TRANSPORTE AEREO,2011,122148680305
3-PROGRAMAS DE INVERSIÓN,312-SANEAMIENTO AMBIENTAL,2015,119184555896
2-PROGRAMAS DE ACCIÓN,361-RELACIONES LABORALES,2015,117743344088
2-PROGRAMAS DE ACCIÓN,231-RECLUSIÓN PENAL,2013,113821908334
1-PROGRAMAS DE ADMINISTRACION,221-ORDEN PÚBLICO Y SEGURIDAD INTERIOR,2012,113022025894
1-PROGRAMAS DE ADMINISTRACION,221-ORDEN PÚBLICO Y SEGURIDAD INTERIOR,2013,109625788655
2-PROGRAMAS DE ACCIÓN,"329-PROMOCION,ASISTENCIA Y ACCION SOCIAL SIN DISCRIMINAR",2012,109531749236
3-PROGRAMAS DE INVERSIÓN,"459-AGRICULTURA , GANADERIA, CAZA Y PESCA SIN DISCRIMINAR",2015,108691377159
2-PROGRAMAS DE ACCIÓN,143-ADMINISTRACION FINANCIERA Y CONTROL GUBERNAMENTAL,2015,107832872295
2-PROGRAMAS DE ACCIÓN,343-EDUCACION SUPERIOR Y UNIVERSITARIA,2016,106467082134
3-PROGRAMAS DE INVERSIÓN,312-SANEAMIENTO AMBIENTAL,2013,106202857893
2-PROGRAMAS DE ACCIÓN,"329-PROMOCION,ASISTENCIA Y ACCION SOCIAL SIN DISCRIMINAR",2013,105054734744
1-PROGRAMAS DE ADMINISTRACION,433-TRANSPORTE FLUVIAL,2014,104870905707
1-PROGRAMAS DE ADMINISTRACION,221-ORDEN PÚBLICO Y SEGURIDAD INTERIOR,2015,104458757552
1-PROGRAMAS DE ADMINISTRACION,141-CONT. Y AUD. GUBERNAMENTAL,2015,101654235350
2-PROGRAMAS DE ACCIÓN,452-SERVICIOS PECUARIOS,2015,100148900215
1-PROGRAMAS DE ADMINISTRACION,131-CONDUCCIÓN POLITICA,2015,99899993664
3-PROGRAMAS DE INVERSIÓN,"329-PROMOCION,ASISTENCIA Y ACCION SOCIAL SIN DISCRIMINAR",2013,99850691304
2-PROGRAMAS DE ACCIÓN,241-INVERSIÓN SEGURIDAD,2014,99543592369
1-PROGRAMAS DE ADMINISTRACION,221-ORDEN PÚBLICO Y SEGURIDAD INTERIOR,2011,97962259562
2-PROGRAMAS DE ACCIÓN,231-RECLUSIÓN PENAL,2012,96600868139
3-PROGRAMAS DE INVERSIÓN,459-AGRICULTURA Y OTROS SIN DISCRIMINAR,2012,95281060218
3-PROGRAMAS DE INVERSIÓN,371-VIVIENDA Y URBANISMO,2014,94741324672
1-PROGRAMAS DE ADMINISTRACION,143-ADMINISTRACION FINANCIERA Y CONTROL GUBERNAMENTAL,2015,94190772004
2-PROGRAMAS DE ACCIÓN,"459-AGRICULTURA , GANADERIA, CAZA Y PESCA SIN DISCRIMINAR",2015,93661522964
2-PROGRAMAS DE ACCIÓN,331-ADMINISTRACION DE LOS SERVICIOS DE SEGURIDAD SOCIAL,2014,93143270024
2-PROGRAMAS DE ACCIÓN,"329-PROMOCION,ASISTENCIA Y ACCION SOCIAL SIN DISCRIMINAR",2014,89831979078
1-PROGRAMAS DE ADMINISTRACION,141-CONT. Y AUD. GUBERNAMENTAL,2014,89526273807
3-PROGRAMAS DE INVERSIÓN,319-SALUD SIN DISCRIMINAR,2015,89509635646
2-PROGRAMAS DE ACCIÓN,452-SERVICIOS PECUARIOS,2013,89187386915
2-PROGRAMAS DE ACCIÓN,331-ADMINISTRACION Y PROMOCION,2013,88779084958
2-PROGRAMAS DE ACCIÓN,342-EDUCACION MEDIA Y TECNICA,2016,88680069625
2-PROGRAMAS DE ACCIÓN,459-AGRICULTURA Y OTROS SIN DISCRIMINAR,2012,87674128518
1-PROGRAMAS DE ADMINISTRACION,433-TRANSPORTE FLUVIAL,2012,86542818800
1-PROGRAMAS DE ADMINISTRACION,433-TRANSPORTE FLUVIAL,2013,86507377630
2-PROGRAMAS DE ACCIÓN,452-SERVICIOS PECUARIOS,2014,85601811935
2-PROGRAMAS DE ACCIÓN,412-PETROLEO Y GAS,2016,84783880249
2-PROGRAMAS DE ACCIÓN,231-RECLUSIÓN PENAL,2011,83600805124
2-PROGRAMAS DE ACCIÓN,459-AGRICULTURA Y OTROS SIN DISCRIMINAR,2011,82730523521
3-PROGRAMAS DE INVERSIÓN,326-SERVICIOS SOCIALES PARA LA REFORMA AGRARIA Y COLONIZACION,2011,81478436858
3-PROGRAMAS DE INVERSIÓN,371-VIVIENDA Y URBANISMO,2011,81089869552
1-PROGRAMAS DE ADMINISTRACION,141-CONT. Y AUD. GUBERNAMENTAL,2013,81011337340
1-PROGRAMAS DE ADMINISTRACION,471-COMERCIALIZACIÓN Y PROMOCIÓN DE PRODUCTOS,2015,80666979955
3-PROGRAMAS DE INVERSIÓN,"329-PROMOCION,ASISTENCIA Y ACCION SOCIAL SIN DISCRIMINAR",2012,80354628294
1-PROGRAMAS DE ADMINISTRACION,433-TRANSPORTE FLUVIAL,2011,78966018561
1-PROGRAMAS DE ADMINISTRACION,471-COMERCIALIZACIÓN Y PROMOCIÓN DE PRODUCTOS,2014,78426383729
2-PROGRAMAS DE ACCIÓN,331-ADMINISTRACION DE LOS SERVICIOS DE SEGURIDAD SOCIAL,2015,78415538158
1-PROGRAMAS DE ADMINISTRACION,433-TRANSPORTE FLUVIAL,2015,77629737516
2-PROGRAMAS DE ACCIÓN,331-ADMINISTRACION Y PROMOCION,2012,76583780238
1-PROGRAMAS DE ADMINISTRACION,432-TRANSPORTE AEREO,2014,76492499550
2-PROGRAMAS DE ACCIÓN,"459-AGRICULTURA , GANADERIA, CAZA Y PESCA SIN DISCRIMINAR",2014,75763696673
3-PROGRAMAS DE INVERSIÓN,"459-AGRICULTURA , GANADERIA, CAZA Y PESCA SIN DISCRIMINAR",2013,74650338492
2-PROGRAMAS DE ACCIÓN,"459-AGRICULTURA , GANADERIA, CAZA Y PESCA SIN DISCRIMINAR",2013,73139834745
1-PROGRAMAS DE ADMINISTRACION,432-TRANSPORTE AEREO,2012,72880932883
2-PROGRAMAS DE ACCIÓN,611-REGULACIÓN Y CONTROL DE SERVICIOS DE TELECOMUNICACIÓN,2012,72837582967
1-PROGRAMAS DE ADMINISTRACION,432-TRANSPORTE AEREO,2011,71292978427
2-PROGRAMAS DE ACCIÓN,452-SERVICIOS PECUARIOS,2011,71000712115
2-PROGRAMAS DE ACCIÓN,"329-PROMOCION,ASISTENCIA Y ACCION SOCIAL SIN DISCRIMINAR",2015,70242143351
2-PROGRAMAS DE ACCIÓN,132-ADMINISTRACIÓN GENERAL,2015,70107514006
2-PROGRAMAS DE ACCIÓN,452-SERVICIOS PECUARIOS,2012,70054702995
1-PROGRAMAS DE ADMINISTRACION,432-TRANSPORTE AEREO,2015,66935865420
1-PROGRAMAS DE ADMINISTRACION,451-SERVICIOS AGRICOLAS,2014,66037442310
3-PROGRAMAS DE INVERSIÓN,459-AGRICULTURA Y OTROS SIN DISCRIMINAR,2011,65194468839
2-PROGRAMAS DE ACCIÓN,345-DEPORTE Y RECREACION,2014,64223316464
3-PROGRAMAS DE INVERSIÓN,353-DIFUSION DEL CONOCIMIENTO CIENTIFICO Y TECNOLOGICO,2015,63615615332
3-PROGRAMAS DE INVERSIÓN,353-DIFUSION DEL CONOCIMIENTO CIENTIFICO Y TECNOLOGICO,2014,63529356521
1-PROGRAMAS DE ADMINISTRACION,432-TRANSPORTE AEREO,2013,62779667774
1-PROGRAMAS DE ADMINISTRACION,326-SERVICIOS SOCIALES PARA LA REFORMA AGRARIA Y COLONIZACION,2015,62247365165
3-PROGRAMAS DE INVERSIÓN,319-SALUD SIN DISCRIMINAR,2013,61791143862
2-PROGRAMAS DE ACCIÓN,421-SERVICIOS POSTALES,2014,61292836218
1-PROGRAMAS DE ADMINISTRACION,451-SERVICIOS AGRICOLAS,2015,60195322474
2-PROGRAMAS DE ACCIÓN,483-CREDITO PECUARIO,2011,59432622729
2-PROGRAMAS DE ACCIÓN,344-CULTURA,2015,59332321199
3-PROGRAMAS DE INVERSIÓN,345-DEPORTE Y RECREACION,2013,59036899775
2-PROGRAMAS DE ACCIÓN,421-SERVICIOS POSTALES,2015,59002938218
2-PROGRAMAS DE ACCIÓN,321-ASISTENCIA  A PERSONAS CON NECESIDADES ESPECIALES,2014,58742226687
2-PROGRAMAS DE ACCIÓN,421-SERVICIOS POSTALES,2012,58448405971
2-PROGRAMAS DE ACCIÓN,611-REGULACIÓN Y CONTROL DE SERVICIOS DE TELECOMUNICACIÓN,2014,57997797559
3-PROGRAMAS DE INVERSIÓN,312-SANEAMIENTO AMBIENTAL,2011,57722686244
3-PROGRAMAS DE INVERSIÓN,371-VIVIENDA Y URBANISMO,2012,57457026082
2-PROGRAMAS DE ACCIÓN,321-ASISTENCIA  A PERSONAS CON NECESIDADES ESPECIALES,2013,57451618979
3-PROGRAMAS DE INVERSIÓN,355-SERVICIOS ESTADISTICOS,2012,57257768553
2-PROGRAMAS DE ACCIÓN,345-DEPORTE Y RECREACION,2015,57188536614
1-PROGRAMAS DE ADMINISTRACION,133-SERVICIO EXTERIOR,2016,56959720102
3-PROGRAMAS DE INVERSIÓN,"329-PROMOCION,ASISTENCIA Y ACCION SOCIAL SIN DISCRIMINAR",2011,56537864177
2-PROGRAMAS DE ACCIÓN,421-SERVICIOS POSTALES,2013,56511485034
1-PROGRAMAS DE ADMINISTRACION,451-SERVICIOS AGRICOLAS,2013,55370966587
2-PROGRAMAS DE ACCIÓN,321-ASISTENCIA  A PERSONAS CON NECESIDADES ESPECIALES,2015,54883102442
1-PROGRAMAS DE ADMINISTRACION,461-PRODUCCION INDUSTRIAL,2015,53006073841
2-PROGRAMAS DE ACCIÓN,312-SANEAMIENTO AMBIENTAL,2015,52956970318
1-PROGRAMAS DE ADMINISTRACION,451-SERVICIOS AGRICOLAS,2012,52876191807
1-PROGRAMAS DE ADMINISTRACION,141-CONT. Y AUD. GUBERNAMENTAL,2011,52623161783
2-PROGRAMAS DE ACCIÓN,371-VIVIENDA Y URBANISMO,2016,52227465962
1-PROGRAMAS DE ADMINISTRACION,461-PRODUCCION INDUSTRIAL,2014,50982717341
2-PROGRAMAS DE ACCIÓN,"661-REGULACIÓN  Y CONTROL DEL SISTEMA MONETARIO, CRED. Y CAMBIAR",2011,50000000000
2-PROGRAMAS DE ACCIÓN,483-CREDITO PECUARIO,2015,49421986049
3-PROGRAMAS DE INVERSIÓN,345-DEPORTE Y RECREACION,2012,48353737866
2-PROGRAMAS DE ACCIÓN,472-TURISMO,2015,48210496732
2-PROGRAMAS DE ACCIÓN,483-CREDITO PECUARIO,2014,46855900799
3-PROGRAMAS DE INVERSIÓN,312-SANEAMIENTO AMBIENTAL,2014,46301658242
3-PROGRAMAS DE INVERSIÓN,344-CULTURA,2011,45939379023
1-PROGRAMAS DE ADMINISTRACION,"671-REG. Y CONTROL DEL SIST. NAC, CONTRATC PUB",2014,45290747383
1-PROGRAMAS DE ADMINISTRACION,324-TARIFA SOCIAL DE ENERGIA ELECTRICA,2014,45112523415
1-PROGRAMAS DE ADMINISTRACION,324-TARIFA SOCIAL DE ENERGIA ELECTRICA,2013,45112523415
3-PROGRAMAS DE INVERSIÓN,371-VIVIENDA Y URBANISMO,2013,44802171950
1-PROGRAMAS DE ADMINISTRACION,324-TARIFA SOCIAL DE ENERGIA ELECTRICA,2011,44507109721
1-PROGRAMAS DE ADMINISTRACION,231-RECLUSIÓN PENAL,2015,44081811020
2-PROGRAMAS DE ACCIÓN,321-ASISTENCIA  A PERSONAS CON NECESIDADES ESPECIALES,2011,44036676012
1-PROGRAMAS DE ADMINISTRACION,"671-REG. Y CONTROL DEL SIST. NAC, CONTRATC PUB",2015,44022036029
1-PROGRAMAS DE ADMINISTRACION,452-SERVICIOS PECUARIOS,2015,43808486613
1-PROGRAMAS DE ADMINISTRACION,452-SERVICIOS PECUARIOS,2014,43223265566
2-PROGRAMAS DE ACCIÓN,321-ASISTENCIA  A PERSONAS CON NECESIDADES ESPECIALES,2012,42659742355
3-PROGRAMAS DE INVERSIÓN,349-EDUCACION Y CULTURA SIN DISCRIMINAR,2013,42108107688
1-PROGRAMAS DE ADMINISTRACION,461-PRODUCCION INDUSTRIAL,2012,41832649159
1-PROGRAMAS DE ADMINISTRACION,371-VIVIENDA Y URBANISMO,2015,41783141837
3-PROGRAMAS DE INVERSIÓN,181-INVERSIÓN EN ADMINISTRACIÓN GUBERNAMENTAL,2011,41624532498
2-PROGRAMAS DE ACCIÓN,421-SERVICIOS POSTALES,2011,41354027432
1-PROGRAMAS DE ADMINISTRACION,324-TARIFA SOCIAL DE ENERGIA ELECTRICA,2012,41314200041
1-PROGRAMAS DE ADMINISTRACION,452-SERVICIOS PECUARIOS,2013,40641531144
1-PROGRAMAS DE ADMINISTRACION,451-SERVICIOS AGRICOLAS,2011,40517033938
2-PROGRAMAS DE ACCIÓN,483-CREDITO PECUARIO,2013,40441392043
2-PROGRAMAS DE ACCIÓN,141-CONT. Y AUD. GUBERNAMENTAL,2014,40426874927
1-PROGRAMAS DE ADMINISTRACION,291-SEGURIDAD SIN DISCRIMINAR,2014,40185174916
3-PROGRAMAS DE INVERSIÓN,349-EDUCACION Y CULTURA SIN DISCRIMINAR,2015,39786892949
1-PROGRAMAS DE ADMINISTRACION,344-CULTURA,2014,39667003570
2-PROGRAMAS DE ACCIÓN,241-INVERSIÓN SEGURIDAD,2015,39110248354
1-PROGRAMAS DE ADMINISTRACION,471-COMERCIALIZACIÓN Y PROMOCIÓN DE PRODUCTOS,2013,38291102628
1-PROGRAMAS DE ADMINISTRACION,471-COMERCIALIZACIÓN Y PROMOCIÓN DE PRODUCTOS,2012,38051536272
3-PROGRAMAS DE INVERSIÓN,349-EDUCACION Y CULTURA SIN DISCRIMINAR,2014,38035174510
1-PROGRAMAS DE ADMINISTRACION,"671-SERVICIO DE REG. Y CONTROL DEL SIST. NAC, CONTRATC PUB",2013,37975314405
2-PROGRAMAS DE ACCIÓN,451-SERVICIOS AGRICOLAS,2014,37795695300
2-PROGRAMAS DE ACCIÓN,451-SERVICIOS AGRICOLAS,2015,37787646683
1-PROGRAMAS DE ADMINISTRACION,481-INTERMEDIACION FINANCIERA,2016,37415501003
3-PROGRAMAS DE INVERSIÓN,326-SERVICIOS SOCIALES PARA LA REFORMA AGRARIA Y COLONIZACION,2014,37258890688
1-PROGRAMAS DE ADMINISTRACION,361-RELACIONES LABORALES,2015,37156324745
1-PROGRAMAS DE ADMINISTRACION,461-PRODUCCION INDUSTRIAL,2011,36761382557
1-PROGRAMAS DE ADMINISTRACION,111-LEGISLATIVA,2016,36286203947
2-PROGRAMAS DE ACCIÓN,352-INVESTIGACION Y DESARROLLO EXPERIMENTAL,2014,36273327919
1-PROGRAMAS DE ADMINISTRACION,344-CULTURA,2013,35561837573
2-PROGRAMAS DE ACCIÓN,483-CREDITO PECUARIO,2012,35439135698
2-PROGRAMAS DE ACCIÓN,621-REGULACIÓN Y CONTROL DE SERVICIOS DE TRANSPORTE,2011,33401104068
1-PROGRAMAS DE ADMINISTRACION,449-ECOLOGIA Y MEDIO AMBIENTE SIN DISCRIMINAR,2014,32690627577
1-PROGRAMAS DE ADMINISTRACION,"329-PROMOCION,ASISTENCIA Y ACCION SOCIAL SIN DISCRIMINAR",2016,32269111706
1-PROGRAMAS DE ADMINISTRACION,344-CULTURA,2015,31962966179
1-PROGRAMAS DE ADMINISTRACION,"671-SERVICIO DE REG. Y CONTROL DEL SIST. NAC, CONTRATC PUB",2012,31751572009
2-PROGRAMAS DE ACCIÓN,472-TURISMO,2012,31730330589
2-PROGRAMAS DE ACCIÓN,222-MIGRACIONES,2015,31626495678
1-PROGRAMAS DE ADMINISTRACION,344-CULTURA,2012,31457486848
2-PROGRAMAS DE ACCIÓN,225-IDENTIFICACIONES,2011,31421471408
1-PROGRAMAS DE ADMINISTRACION,449-ECOLOGIA Y MEDIO AMBIENTE SIN DISCRIMINAR,2015,31304783303
1-PROGRAMAS DE ADMINISTRACION,471-COMERCIALIZACIÓN Y PROMOCIÓN DE PRODUCTOS,2011,31271553608
1-PROGRAMAS DE ADMINISTRACION,461-PRODUCCION INDUSTRIAL,2013,31184275759
3-PROGRAMAS DE INVERSIÓN,241-INVERSIÓN SEGURIDAD NACIONAL,2012,31127887503
2-PROGRAMAS DE ACCIÓN,472-TURISMO,2014,30917217745
3-PROGRAMAS DE INVERSIÓN,181-INVERSIÓN EN ADMINISTRACIÓN GUBERNAMENTAL,2012,30535116650
2-PROGRAMAS DE ACCIÓN,472-TURISMO,2013,30362237864
2-PROGRAMAS DE ACCIÓN,354-SERVICIOS CIENTIFICOS Y TECNOLOGICOS,2015,30252642193
1-PROGRAMAS DE ADMINISTRACION,121-JUDICIAL,2016,30151267662
2-PROGRAMAS DE ACCIÓN,349-EDUCACION Y CULTURA SIN DISCRIMINAR,2015,30019161224
2-PROGRAMAS DE ACCIÓN,225-IDENTIFICACIONES,2012,29958451972
2-PROGRAMAS DE ACCIÓN,141-CONT. Y AUD. GUBERNAMENTAL,2015,29673023412
1-PROGRAMAS DE ADMINISTRACION,291-SEGURIDAD SIN DISCRIMINAR,2011,29333506056
2-PROGRAMAS DE ACCIÓN,141-CONT. Y AUD. GUBERNAMENTAL,2012,28545922958
3-PROGRAMAS DE INVERSIÓN,241-INVERSIÓN SEGURIDAD NACIONAL,2011,28483826890
2-PROGRAMAS DE ACCIÓN,"333-VEJEZ, INCAPACIDAD Y SUPERVIVENCIA",2016,28243241517
3-PROGRAMAS DE INVERSIÓN,326-SERVICIOS SOCIALES PARA LA REFORMA AGRARIA Y COLONIZACION,2013,28159402501
1-PROGRAMAS DE ADMINISTRACION,452-SERVICIOS PECUARIOS,2012,27780647385
2-PROGRAMAS DE ACCIÓN,491-SERVICIOS DE OBRAS PÚBLICAS,2012,27513877840
2-PROGRAMAS DE ACCIÓN,353-DIFUSION DEL CONOCIMIENTO CIENTIFICO Y TECNOLOGICO,2015,27475925868
2-PROGRAMAS DE ACCIÓN,225-IDENTIFICACIONES,2014,27407578749
1-PROGRAMAS DE ADMINISTRACION,491-SERVICIOS DE OBRAS PÚBLICAS,2016,26739499726
2-PROGRAMAS DE ACCIÓN,349-EDUCACION Y CULTURA SIN DISCRIMINAR,2014,26521048266
1-PROGRAMAS DE ADMINISTRACION,611-REGULACIÓN Y CONTROL DE SERVICIOS DE TELECOMUNICACIONES,2016,26439251319
2-PROGRAMAS DE ACCIÓN,226-REGISTRO CIVIL DE LAS PERSONAS,2015,26212233295
2-PROGRAMAS DE ACCIÓN,355-SERVICIOS ESTADISTICOS,2011,25931993398
2-PROGRAMAS DE ACCIÓN,141-CONT. Y AUD. GUBERNAMENTAL,2013,25405954866
1-PROGRAMAS DE ADMINISTRACION,621-REGULACIÓN Y CONTROL DE SERVICIOS DE TRANSPORTE,2012,25207643973
2-PROGRAMAS DE ACCIÓN,491-SERVICIOS DE OBRAS PÚBLICAS,2014,25180908708
2-PROGRAMAS DE ACCIÓN,226-SERVICIO DEL REGISTRO CIVIL,2013,25069236094
1-PROGRAMAS DE ADMINISTRACION,"671-SERVICIO DE REG. Y CONTROL DEL SIST. NAC, CONTRATC PUB",2011,24906096283
2-PROGRAMAS DE ACCIÓN,472-TURISMO,2011,24839169151
1-PROGRAMAS DE ADMINISTRACION,452-SERVICIOS PECUARIOS,2011,24744100790
2-PROGRAMAS DE ACCIÓN,222-MIGRACIONES,2014,24679750135
2-PROGRAMAS DE ACCIÓN,451-SERVICIOS AGRICOLAS,2013,24456566877
1-PROGRAMAS DE ADMINISTRACION,344-CULTURA,2011,24429476246
2-PROGRAMAS DE ACCIÓN,344-CULTURA,2014,23558076438
3-PROGRAMAS DE INVERSIÓN,471-COMERCIALIZACIÓN Y PROMOCIÓN DE PRODUCTOS,2012,23123741197
1-PROGRAMAS DE ADMINISTRACION,651-REGULACIÓN Y CONTROL DE LAS COOPERATIVAS,2014,23067994449
2-PROGRAMAS DE ACCIÓN,225-IDENTIFICACIONES,2013,23053955222
2-PROGRAMAS DE ACCIÓN,313-PROMOCIÓN Y ASISTENCIA,2014,22579453857
1-PROGRAMAS DE ADMINISTRACION,323-SERVICIOS DE ACCIÓN SOCIAL,2015,22495670511
2-PROGRAMAS DE ACCIÓN,451-SERVICIOS AGRICOLAS,2011,22163347192
2-PROGRAMAS DE ACCIÓN,344-CULTURA,2013,22151215500
1-PROGRAMAS DE ADMINISTRACION,312-SANEAMIENTO AMBIENTAL,2014,22082770404
2-PROGRAMAS DE ACCIÓN,222-MIGRACIONES,2013,21866924255
1-PROGRAMAS DE ADMINISTRACION,621-REGULACIÓN Y CONTROL DE SERVICIOS DE TRANSPORTE,2013,21778071954
2-PROGRAMAS DE ACCIÓN,226-SERVICIO DEL REGISTRO CIVIL,2012,21641486224
2-PROGRAMAS DE ACCIÓN,"350-CIENCIA, TECNOLOGÍA Y DIFUSIÓN",2013,21589591257
2-PROGRAMAS DE ACCIÓN,225-IDENTIFICACIONES,2015,21316974806
1-PROGRAMAS DE ADMINISTRACION,431-TRANSPORTE TERRESTRE,2013,21309646182
2-PROGRAMAS DE ACCIÓN,313-PROMOCIÓN Y ASISTENCIA,2013,21234222894
2-PROGRAMAS DE ACCIÓN,442-SERVICIOS DEL MEDIO AMBIENTE,2014,21171460262
2-PROGRAMAS DE ACCIÓN,344-CULTURA,2012,21162559485
3-PROGRAMAS DE INVERSIÓN,471-COMERCIALIZACIÓN Y PROMOCIÓN DE PRODUCTOS,2014,21147663557
2-PROGRAMAS DE ACCIÓN,"661-REGULACIÓN  Y CONTROL DEL SISTEMA MONETARIO, CRED. Y CAMBIAR",2012,21000000000
1-PROGRAMAS DE ADMINISTRACION,431-TRANSPORTE TERRESTRE,2014,20969339556
3-PROGRAMAS DE INVERSIÓN,342-EDUCACION MEDIA Y TECNICA,2013,20853960820
1-PROGRAMAS DE ADMINISTRACION,442-SERVICIOS DEL MEDIO AMBIENTE,2015,20818816351
2-PROGRAMAS DE ACCIÓN,361-RELACIONES LABORALES,2013,20581367746
1-PROGRAMAS DE ADMINISTRACION,621-REGULACIÓN Y CONTROL DE SERVICIOS DE TRANSPORTE,2015,20453389612
2-PROGRAMAS DE ACCIÓN,226-REGISTRO CIVIL DE LAS PERSONAS,2014,20448677104
2-PROGRAMAS DE ACCIÓN,361-RELACIONES LABORALES,2012,20416814381
3-PROGRAMAS DE INVERSIÓN,433-TRANSPORTE FLUVIAL,2011,20410267128
2-PROGRAMAS DE ACCIÓN,313-PROMOCIÓN Y ASISTENCIA,2012,20377635701
1-PROGRAMAS DE ADMINISTRACION,431-TRANSPORTE TERRESTRE,2011,20084691446
2-PROGRAMAS DE ACCIÓN,355-SERVICIOS ESTADISTICOS,2013,19730378807
2-PROGRAMAS DE ACCIÓN,354-SERVICIOS CIENTIFICOS Y TECNOLOGICOS,2012,19654686991
2-PROGRAMAS DE ACCIÓN,141-CONT. Y AUD. GUBERNAMENTAL,2011,19598296098
2-PROGRAMAS DE ACCIÓN,442-SERVICIOS DEL MEDIO AMBIENTE,2011,19539795392
2-PROGRAMAS DE ACCIÓN,442-SERVICIOS DEL MEDIO AMBIENTE,2012,19534257506
2-PROGRAMAS DE ACCIÓN,345-DEPORTE Y RECREACION,2013,19487200045
2-PROGRAMAS DE ACCIÓN,354-SERVICIOS CIENTIFICOS Y TECNOLOGICOS,2011,19457532248
1-PROGRAMAS DE ADMINISTRACION,621-REGULACIÓN Y CONTROL DE SERVICIOS DE TRANSPORTE,2014,19429357616
2-PROGRAMAS DE ACCIÓN,451-SERVICIOS AGRICOLAS,2012,19294324532
2-PROGRAMAS DE ACCIÓN,611-REGULACIÓN Y CONTROL DE SERVICIOS DE TELECOMUNICACIÓN,2015,19210617285
3-PROGRAMAS DE INVERSIÓN,471-COMERCIALIZACIÓN Y PROMOCIÓN DE PRODUCTOS,2015,19049504673
1-PROGRAMAS DE ADMINISTRACION,431-TRANSPORTE TERRESTRE,2012,18842686033
3-PROGRAMAS DE INVERSIÓN,345-DEPORTE Y RECREACION,2011,18802593283
2-PROGRAMAS DE ACCIÓN,355-SERVICIOS ESTADISTICOS,2012,18490231853
2-PROGRAMAS DE ACCIÓN,124-MINISTERIO PÚBLICO,2012,18441396655
2-PROGRAMAS DE ACCIÓN,313-PROMOCIÓN Y ASISTENCIA,2011,18282809992
2-PROGRAMAS DE ACCIÓN,355-SERVICIOS ESTADISTICOS,2015,18198549888
1-PROGRAMAS DE ADMINISTRACION,221-ORDEN PÚBLICO Y SEGURIDAD INTERIOR,2016,17997679148
2-PROGRAMAS DE ACCIÓN,355-SERVICIOS ESTADISTICOS,2014,17626747109
2-PROGRAMAS DE ACCIÓN,349-EDUCACION Y CULTURA SIN DISCRIMINAR,2013,17616723694
2-PROGRAMAS DE ACCIÓN,226-SERVICIO DEL REGISTRO CIVIL,2011,17479502504
2-PROGRAMAS DE ACCIÓN,442-SERVICIOS DEL MEDIO AMBIENTE,2013,17135840300
3-PROGRAMAS DE INVERSIÓN,471-COMERCIALIZACIÓN Y PROMOCIÓN DE PRODUCTOS,2013,16968584273
1-PROGRAMAS DE ADMINISTRACION,621-REGULACIÓN Y CONTROL DE SERVICIOS DE TRANSPORTE,2011,16864532427
3-PROGRAMAS DE INVERSIÓN,181-INVERSIÓN EN ADMINISTRACIÓN GUBERNAMENTAL,2014,16677162884
2-PROGRAMAS DE ACCIÓN,323-SERVICIOS DE ACCIÓN SOCIAL,2016,16650423039
1-PROGRAMAS DE ADMINISTRACION,241-INVERSIÓN SEGURIDAD,2014,16578787973
3-PROGRAMAS DE INVERSIÓN,341-EDUCACION ELEMENTAL,2015,16518967026
3-PROGRAMAS DE INVERSIÓN,"329-PROMOCION,ASISTENCIA Y ACCION SOCIAL SIN DISCRIMINAR",2014,16483182025
2-PROGRAMAS DE ACCIÓN,222-MIGRACIONES,2012,16318966173
2-PROGRAMAS DE ACCIÓN,344-CULTURA,2011,16265714348
2-PROGRAMAS DE ACCIÓN,491-SERVICIOS DE OBRAS PÚBLICAS,2013,16092465856
1-PROGRAMAS DE ADMINISTRACION,651-REGULACIÓN Y CONTROL DE LAS COOPERATIVAS,2015,15954363252
2-PROGRAMAS DE ACCIÓN,349-EDUCACION Y CULTURA SIN DISCRIMINAR,2012,15877859277
2-PROGRAMAS DE ACCIÓN,361-RELACIONES LABORALES,2011,15611319515
2-PROGRAMAS DE ACCIÓN,345-DEPORTE Y RECREACION,2012,15607262301
3-PROGRAMAS DE INVERSIÓN,355-SERVICIOS ESTADISTICOS,2011,15507313026
2-PROGRAMAS DE ACCIÓN,611-REGULACIÓN Y CONTROL DE SERVICIOS DE TELECOMUNICACIÓN,2011,15359779805
1-PROGRAMAS DE ADMINISTRACION,"459-AGRICULTURA , GANADERIA, CAZA Y PESCA SIN DISCRIMINAR",2016,15211087383
3-PROGRAMAS DE INVERSIÓN,181-INVERSIÓN EN ADMINISTRACIÓN GUBERNAMENTAL,2013,15105767504
2-PROGRAMAS DE ACCIÓN,142-CONTROL FISCAL,2016,15052570388
1-PROGRAMAS DE ADMINISTRACION,651-REGULACIÓN Y CONTROL DE LAS COOPERATIVAS,2013,15045571047
3-PROGRAMAS DE INVERSIÓN,461-PRODUCCION INDUSTRIAL,2011,14809124401
3-PROGRAMAS DE INVERSIÓN,323-SERVICIOS DE ACCIÓN SOCIAL,2013,14639521539
2-PROGRAMAS DE ACCIÓN,471-COMERCIALIZACIÓN Y PROMOCIÓN DE PRODUCTOS,2014,14398968123
3-PROGRAMAS DE INVERSIÓN,355-SERVICIOS ESTADISTICOS,2013,14288010546
2-PROGRAMAS DE ACCIÓN,211-SERVICIOS DE SEGURIDAD NACIONAL,2016,14084414332
2-PROGRAMAS DE ACCIÓN,621-REGULACIÓN Y CONTROL DE SERVICIOS DE TRANSPORTE,2015,14034043272
2-PROGRAMAS DE ACCIÓN,491-SERVICIOS DE OBRAS PÚBLICAS,2011,13517341933
1-PROGRAMAS DE ADMINISTRACION,312-SANEAMIENTO AMBIENTAL,2013,13254757193
1-PROGRAMAS DE ADMINISTRACION,141-CONT. Y AUD. GUBERNAMENTAL,2012,13246427060
3-PROGRAMAS DE INVERSIÓN,241-INVERSIÓN SEGURIDAD NACIONAL,2013,13077345310
3-PROGRAMAS DE INVERSIÓN,471-COMERCIALIZACIÓN Y PROMOCIÓN DE PRODUCTOS,2011,13057948968
3-PROGRAMAS DE INVERSIÓN,323-SERVICIOS DE ACCIÓN SOCIAL,2012,13021412912
3-PROGRAMAS DE INVERSIÓN,325-SERVICIOS SOCIALES DE LOS GOB. DEPARTAMENTALES,2012,12959652275
1-PROGRAMAS DE ADMINISTRACION,651-REGULACIÓN Y CONTROL DE LAS COOPERATIVAS,2012,12708745197
2-PROGRAMAS DE ACCIÓN,222-MIGRACIONES,2011,12706853068
2-PROGRAMAS DE ACCIÓN,672-REG. Y CONTROL DE LOS SERV. DE REG.DE PROP. INTELECTUAL,2015,12651713139
2-PROGRAMAS DE ACCIÓN,442-SERVICIOS DEL MEDIO AMBIENTE,2015,12642148157
2-PROGRAMAS DE ACCIÓN,352-INVESTIGACION Y DESARROLLO EXPERIMENTAL,2015,12422809248
1-PROGRAMAS DE ADMINISTRACION,454-CREDITO AGRICOLA Y PECUARIO,2014,12337436455
2-PROGRAMAS DE ACCIÓN,124-MINISTERIO PÚBLICO,2011,12097354431
3-PROGRAMAS DE INVERSIÓN,433-TRANSPORTE FLUVIAL,2014,12078059047
1-PROGRAMAS DE ADMINISTRACION,454-CREDITO AGRICOLA Y PECUARIO,2011,11886135473
1-PROGRAMAS DE ADMINISTRACION,353-DISEMINACION DEL CONOCIMIENTO CIENTIFICO Y TECNOLOGICO,2011,11721763169
3-PROGRAMAS DE INVERSIÓN,181-INVERSIÓN EN ADMINISTRACIÓN GUBERNAMENTAL,2015,11706281318
3-PROGRAMAS DE INVERSIÓN,111-LEGISLATIVA,2014,11551379857
1-PROGRAMAS DE ADMINISTRACION,132-ADMINISTRACIÓN GENERAL,2015,11223303905
1-PROGRAMAS DE ADMINISTRACION,454-CREDITO AGRICOLA Y PECUARIO,2013,11143643259
3-PROGRAMAS DE INVERSIÓN,325-SERVICIOS SOCIALES DE LOS GOB. DEPARTAMENTALES,2013,11025970702
1-PROGRAMAS DE ADMINISTRACION,454-CREDITO AGRICOLA Y PECUARIO,2012,10905880919
2-PROGRAMAS DE ACCIÓN,133-SERVICIO EXTERIOR,2014,10880343064
3-PROGRAMAS DE INVERSIÓN,433-TRANSPORTE FLUVIAL,2012,10769400389
2-PROGRAMAS DE ACCIÓN,621-REGULACIÓN Y CONTROL DE SERVICIOS DE TRANSPORTE,2013,10741605780
2-PROGRAMAS DE ACCIÓN,135-ADMINISTRACIÓN GUBERNAMENTAL S/DISCRIMINAR,2012,10548631930
1-PROGRAMAS DE ADMINISTRACION,142-CONTROL FISCAL,2016,10475768526
2-PROGRAMAS DE ACCIÓN,631-REGULACIÓN Y CONTROL DE SERVICIOS DE AGUA POTABLE Y ALCANTAR,2015,10423281141
3-PROGRAMAS DE INVERSIÓN,433-TRANSPORTE FLUVIAL,2013,10349448854
2-PROGRAMAS DE ACCIÓN,349-EDUCACION Y CULTURA SIN DISCRIMINAR,2011,10327177422
2-PROGRAMAS DE ACCIÓN,133-SERVICIO EXTERIOR,2013,10307962817
1-PROGRAMAS DE ADMINISTRACION,354-SERVICIOS CIENTIFICOS Y TECNOLOGICOS,2015,10109982237
1-PROGRAMAS DE ADMINISTRACION,651-REGULACIÓN Y CONTROL DE LAS COOPERATIVAS,2011,10001647635
3-PROGRAMAS DE INVERSIÓN,323-SERVICIOS DE ACCIÓN SOCIAL,2011,9975807491
2-PROGRAMAS DE ACCIÓN,452-SERVICIOS PECUARIOS,2016,9910797823
3-PROGRAMAS DE INVERSIÓN,342-EDUCACION MEDIA Y TECNICA,2012,9890211780
2-PROGRAMAS DE ACCIÓN,672-REG. Y CONTROL DE LOS SERV. DE REG.DE PROP. INTELECTUAL,2014,9821418531
2-PROGRAMAS DE ACCIÓN,471-COMERCIALIZACIÓN Y PROMOCIÓN DE PRODUCTOS,2013,9745235105
2-PROGRAMAS DE ACCIÓN,353-DIFUSION DEL CONOCIMIENTO CIENTIFICO Y TECNOLOGICO,2013,9724818532
2-PROGRAMAS DE ACCIÓN,345-DEPORTE Y RECREACION,2011,9603556942
1-PROGRAMAS DE ADMINISTRACION,125-JUSTICIA ELECTORAL,2012,9447716880
2-PROGRAMAS DE ACCIÓN,471-COMERCIALIZACIÓN Y PROMOCIÓN DE PRODUCTOS,2012,9434118299
2-PROGRAMAS DE ACCIÓN,352-INVESTIGACION Y DESARROLLO EXPERIMENTAL,2011,9310404227
2-PROGRAMAS DE ACCIÓN,"329-PROMOCION,ASISTENCIA Y ACCION SOCIAL SIN DISCRIMINAR",2011,9180101726
2-PROGRAMAS DE ACCIÓN,133-SERVICIO EXTERIOR,2012,9144302883
3-PROGRAMAS DE INVERSIÓN,142-CONTROL FISCAL,2011,9123801879
1-PROGRAMAS DE ADMINISTRACION,352-INVESTIGACION Y DESARROLLO EXPERIMENTAL,2014,9077785233
2-PROGRAMAS DE ACCIÓN,432-TRANSPORTE AEREO,2016,9075760822
3-PROGRAMAS DE INVERSIÓN,461-PRODUCCION INDUSTRIAL,2012,9056599029
1-PROGRAMAS DE ADMINISTRACION,631-REGULACIÓN Y CONTROL DE SERVICIOS DE AGUA POTABLE Y ALCANTAR,2014,9028609350
3-PROGRAMAS DE INVERSIÓN,143-ADMINISTRACION FINANCIERA Y CONTROL GUBERNAMENTAL,2013,8953635545
1-PROGRAMAS DE ADMINISTRACION,313-PROMOCIÓN Y ASISTENCIA,2012,8848786077
1-PROGRAMAS DE ADMINISTRACION,122-DEFENSORIA DEL PUEBLO,2012,8844212677
2-PROGRAMAS DE ACCIÓN,621-REGULACIÓN Y CONTROL DE SERVICIOS DE TRANSPORTE,2012,8830098503
3-PROGRAMAS DE INVERSIÓN,323-SERVICIOS DE ACCIÓN SOCIAL,2015,8756032785
1-PROGRAMAS DE ADMINISTRACION,442-SERVICIOS DEL MEDIO AMBIENTE,2014,8690154222
2-PROGRAMAS DE ACCIÓN,353-DIFUSION DEL CONOCIMIENTO CIENTIFICO Y TECNOLOGICO,2014,8642713117
3-PROGRAMAS DE INVERSIÓN,343-EDUCACION SUPERIOR Y UNIVERSITARIA,2013,8599798151
1-PROGRAMAS DE ADMINISTRACION,313-PROMOCIÓN Y ASISTENCIA,2013,8570631465
3-PROGRAMAS DE INVERSIÓN,325-SERVICIOS SOCIALES DE LOS GOB. DEPARTAMENTALES,2011,8561391333
3-PROGRAMAS DE INVERSIÓN,353-DISEMINACION DEL CONOCIMIENTO CIENTIFICO Y TECNOLOGICO,2012,8555007312
2-PROGRAMAS DE ACCIÓN,352-INVESTIGACION Y DESARROLLO EXPERIMENTAL,2012,8408995997
1-PROGRAMAS DE ADMINISTRACION,442-SERVICIOS DEL MEDIO AMBIENTE,2013,8392498966
1-PROGRAMAS DE ADMINISTRACION,353-DISEMINACION DEL CONOCIMIENTO CIENTIFICO Y TECNOLOGICO,2012,8386099144
1-PROGRAMAS DE ADMINISTRACION,442-SERVICIOS DEL MEDIO AMBIENTE,2012,8345625424
2-PROGRAMAS DE ACCIÓN,133-SERVICIO EXTERIOR,2015,8337703370
2-PROGRAMAS DE ACCIÓN,471-COMERCIALIZACIÓN Y PROMOCIÓN DE PRODUCTOS,2011,8298908813
3-PROGRAMAS DE INVERSIÓN,226-SERVICIO DEL REGISTRO CIVIL,2012,8197729413
2-PROGRAMAS DE ACCIÓN,621-REGULACIÓN Y CONTROL DE SERVICIOS DE TRANSPORTE,2014,8017875748
1-PROGRAMAS DE ADMINISTRACION,343-EDUCACION SUPERIOR Y UNIVERSITARIA,2016,8004906683
2-PROGRAMAS DE ACCIÓN,352-INVESTIGACION Y DESARROLLO EXPERIMENTAL,2013,7946348027
1-PROGRAMAS DE ADMINISTRACION,313-PROMOCIÓN Y ASISTENCIA,2014,7906921354
3-PROGRAMAS DE INVERSIÓN,321-ASISTENCIA  A PERSONAS CON NECESIDADES ESPECIALES,2011,7732205333
1-PROGRAMAS DE ADMINISTRACION,141-CONT. Y AUD. GUBERNAMENTAL,2016,7603438047
3-PROGRAMAS DE INVERSIÓN,344-CULTURA,2013,7598266740
1-PROGRAMAS DE ADMINISTRACION,354-SERVICIOS CIENTIFICOS Y TECNOLOGICOS,2012,7543863312
1-PROGRAMAS DE ADMINISTRACION,325-SERVICIOS SOCIALES DE LOS GOB. DEPARTAMENTALES Y MUNICIPALES,2016,7543614652
2-PROGRAMAS DE ACCIÓN,133-SERVICIO EXTERIOR,2011,7448005976
2-PROGRAMAS DE ACCIÓN,611-REGULACIÓN Y CONTROL DE SERVICIOS DE TELECOMUNICACIÓN,2013,7402137087
3-PROGRAMAS DE INVERSIÓN,355-SERVICIOS ESTADISTICOS,2015,7265489983
1-PROGRAMAS DE ADMINISTRACION,122-DEFENSORIA DEL PUEBLO,2011,7236979494
3-PROGRAMAS DE INVERSIÓN,344-CULTURA,2012,7197071243
3-PROGRAMAS DE INVERSIÓN,121-JUDICIAL,2011,7074844491
3-PROGRAMAS DE INVERSIÓN,353-DIFUSION DEL CONOCIMIENTO CIENTIFICO Y TECNOLOGICO,2016,7032785523
3-PROGRAMAS DE INVERSIÓN,371-VIVIENDA Y URBANISMO,2016,7014317510
3-PROGRAMAS DE INVERSIÓN,221-ORDEN PÚBLICO Y SEGURIDAD INTERIOR,2013,7001739544
2-PROGRAMAS DE ACCIÓN,"661-REGULACIÓN  Y CONTROL DEL SISTEMA MONETARIO, CRED. Y CAMBIAR",2013,7000000000
3-PROGRAMAS DE INVERSIÓN,143-ADMINISTRACION FINANCIERA Y CONTROL GUBERNAMENTAL,2011,6975250310
1-PROGRAMAS DE ADMINISTRACION,354-SERVICIOS CIENTIFICOS Y TECNOLOGICOS,2011,6874124516
2-PROGRAMAS DE ACCIÓN,454-CREDITO AGRICOLA Y PECUARIO,2016,6841916485
3-PROGRAMAS DE INVERSIÓN,342-EDUCACION MEDIA Y TECNICA,2015,6683201118
2-PROGRAMAS DE ACCIÓN,231-RECLUSIÓN PENAL,2016,6677795991
3-PROGRAMAS DE INVERSIÓN,353-DISEMINACION DEL CONOCIMIENTO CIENTIFICO Y TECNOLOGICO,2011,6643595579
3-PROGRAMAS DE INVERSIÓN,353-DIFUSION DEL CONOCIMIENTO CIENTIFICO Y TECNOLOGICO,2013,6582342251
3-PROGRAMAS DE INVERSIÓN,221-ORDEN PÚBLICO Y SEGURIDAD INTERIOR,2014,6581973499
3-PROGRAMAS DE INVERSIÓN,451-SERVICIOS AGRICOLAS,2015,6557626480
3-PROGRAMAS DE INVERSIÓN,143-ADMINISTRACION FINANCIERA Y CONTROL GUBERNAMENTAL,2012,6532615669
3-PROGRAMAS DE INVERSIÓN,133-SERVICIO EXTERIOR,2012,6474970935
3-PROGRAMAS DE INVERSIÓN,"329-PROMOCION,ASISTENCIA Y ACCION SOCIAL SIN DISCRIMINAR",2015,6459069683
1-PROGRAMAS DE ADMINISTRACION,131-CONDUCCIÓN POLITICA,2016,6350469916
2-PROGRAMAS DE ACCIÓN,492-INVERSIÓN SERVICIOS ECONÓMICOS,2016,6328895629
1-PROGRAMAS DE ADMINISTRACION,451-SERVICIOS AGRICOLAS,2016,6270181584
1-PROGRAMAS DE ADMINISTRACION,312-SANEAMIENTO AMBIENTAL,2011,6245049580
3-PROGRAMAS DE INVERSIÓN,355-SERVICIOS ESTADISTICOS,2014,6202711456
1-PROGRAMAS DE ADMINISTRACION,631-REGULACIÓN Y CONTROL DE SERVICIOS DE AGUA POTABLE Y ALCANTAR,2013,6133478563
3-PROGRAMAS DE INVERSIÓN,433-TRANSPORTE FLUVIAL,2015,6048894620
1-PROGRAMAS DE ADMINISTRACION,313-PROMOCIÓN Y ASISTENCIA,2011,5849529500
1-PROGRAMAS DE ADMINISTRACION,"419-ENERGIA, COMBUSTIBLES Y MINERIA SIN DISCRIMINAR",2014,5829361035
2-PROGRAMAS DE ACCIÓN,361-RELACIONES LABORALES,2016,5778039268
1-PROGRAMAS DE ADMINISTRACION,631-REGULACIÓN Y CONTROL DE SERVICIOS DE AGUA POTABLE Y ALCANTAR,2012,5771880452
2-PROGRAMAS DE ACCIÓN,621-REGULACIÓN Y CONTROL DE SERVICIOS DE TRANSPORTE,2016,5767010285
1-PROGRAMAS DE ADMINISTRACION,631-REGULACIÓN Y CONTROL DE SERVICIOS DE AGUA POTABLE Y ALCANTAR,2011,5717959095
1-PROGRAMAS DE ADMINISTRACION,432-TRANSPORTE AEREO,2016,5667559490
1-PROGRAMAS DE ADMINISTRACION,433-TRANSPORTE FLUVIAL,2016,5664110188
2-PROGRAMAS DE ACCIÓN,132-ADMINISTRACIÓN GENERAL,2014,5548179448
1-PROGRAMAS DE ADMINISTRACION,353-DIFUSION DEL CONOCIMIENTO CIENTIFICO Y TECNOLOGICO,2013,5522671631
3-PROGRAMAS DE INVERSIÓN,143-ADMINISTRACION FINANCIERA Y CONTROL GUBERNAMENTAL,2015,5369195272
1-PROGRAMAS DE ADMINISTRACION,353-DIFUSION DEL CONOCIMIENTO CIENTIFICO Y TECNOLOGICO,2014,5336874265
3-PROGRAMAS DE INVERSIÓN,323-SERVICIOS DE ACCIÓN SOCIAL,2014,5326681881
2-PROGRAMAS DE ACCIÓN,471-COMERCIALIZACIÓN Y PROMOCIÓN DE PRODUCTOS,2015,5318056054
1-PROGRAMAS DE ADMINISTRACION,"419-ENERGIA, COMBUSTIBLES Y LUBRICANTES SIN DISCRIMINAR",2013,5295191598
1-PROGRAMAS DE ADMINISTRACION,"419-ENERGIA, COMBUSTIBLES Y LUBRICANTES SIN DISCRIMINAR",2012,5137673776
3-PROGRAMAS DE INVERSIÓN,143-ADMINISTRACION FINANCIERA Y CONTROL GUBERNAMENTAL,2014,5093477358
3-PROGRAMAS DE INVERSIÓN,121-JUDICIAL,2014,5080918160
2-PROGRAMAS DE ACCIÓN,143-ADMINISTRACION FINANCIERA Y CONTROL GUBERNAMENTAL,2016,4970114269
2-PROGRAMAS DE ACCIÓN,354-SERVICIOS CIENTIFICOS Y TECNOLOGICOS,2013,4966654454
2-PROGRAMAS DE ACCIÓN,313-PROMOCIÓN Y ASISTENCIA,2015,4959088780
2-PROGRAMAS DE ACCIÓN,441-SERVICIOS FORESTALES,2015,4771373248
2-PROGRAMAS DE ACCIÓN,441-SERVICIOS FORESTALES,2011,4677267028
1-PROGRAMAS DE ADMINISTRACION,354-SERVICIOS CIENTIFICOS Y TECNOLOGICOS,2013,4642074915
1-PROGRAMAS DE ADMINISTRACION,"419-ENERGIA, COMBUSTIBLES Y LUBRICANTES SIN DISCRIMINAR",2011,4560472696
3-PROGRAMAS DE INVERSIÓN,226-SERVICIO DEL REGISTRO CIVIL,2011,4542117605
2-PROGRAMAS DE ACCIÓN,441-SERVICIOS FORESTALES,2012,4537777922
1-PROGRAMAS DE ADMINISTRACION,412-PETROLEO Y GAS,2016,4419331845
2-PROGRAMAS DE ACCIÓN,651-REGULACIÓN Y CONTROL DE LAS COOPERATIVAS,2014,4378697667
1-PROGRAMAS DE ADMINISTRACION,442-SERVICIOS DEL MEDIO AMBIENTE,2011,4306172344
1-PROGRAMAS DE ADMINISTRACION,452-SERVICIOS PECUARIOS,2016,4274625782
3-PROGRAMAS DE INVERSIÓN,342-EDUCACION MEDIA Y TECNICA,2014,4058102000
3-PROGRAMAS DE INVERSIÓN,472-TURISMO,2013,4000913321
3-PROGRAMAS DE INVERSIÓN,121-JUDICIAL,2013,3989979901
1-PROGRAMAS DE ADMINISTRACION,326-SERVICIOS SOCIALES PARA LA REFORMA AGRARIA Y COLONIZACION,2016,3977231478
2-PROGRAMAS DE ACCIÓN,651-REGULACIÓN Y CONTROL DE LAS COOPERATIVAS,2015,3907583998
3-PROGRAMAS DE INVERSIÓN,142-CONTROL FISCAL,2015,3859969265
3-PROGRAMAS DE INVERSIÓN,472-TURISMO,2015,3814090328
2-PROGRAMAS DE ACCIÓN,651-REGULACIÓN Y CONTROL DE LAS COOPERATIVAS,2013,3809102804
1-PROGRAMAS DE ADMINISTRACION,482-SEGUROS Y FINANZAS,2011,3775483215
3-PROGRAMAS DE INVERSIÓN,121-JUDICIAL,2015,3751843035
3-PROGRAMAS DE INVERSIÓN,321-ASISTENCIA  A PERSONAS CON NECESIDADES ESPECIALES,2012,3714128662
2-PROGRAMAS DE ACCIÓN,673-REG. Y CONTROL DE SERV. DE PROTECCION Y DEF. AL CONSUMIDOR,2015,3697731358
2-PROGRAMAS DE ACCIÓN,233-PROMOCIÓN Y ACCIÓN CORRECTIVA,2015,3634630571
2-PROGRAMAS DE ACCIÓN,331-ADMINISTRACION DE LOS SERVICIOS DE SEGURIDAD SOCIAL,2016,3553532554
1-PROGRAMAS DE ADMINISTRACION,"671-REG. Y CONTROL DEL SIST. NAC, CONTRATC PUB",2016,3515532046
3-PROGRAMAS DE INVERSIÓN,121-JUDICIAL,2012,3473811817
1-PROGRAMAS DE ADMINISTRACION,143-ADMINISTRACION FINANCIERA Y CONTROL GUBERNAMENTAL,2016,3448757671
1-PROGRAMAS DE ADMINISTRACION,233-PROMOCIÓN Y ACCIÓN CORRECTIVA,2014,3437640617
2-PROGRAMAS DE ACCIÓN,431-TRANSPORTE TERRESTRE,2015,3433206994
3-PROGRAMAS DE INVERSIÓN,472-TURISMO,2014,3418379114
3-PROGRAMAS DE INVERSIÓN,142-CONTROL FISCAL,2013,3375148057
2-PROGRAMAS DE ACCIÓN,228-DEMARCACIÓN Y VIGILANCIA DE LÍMITES,2015,3349772315
1-PROGRAMAS DE ADMINISTRACION,471-COMERCIALIZACIÓN Y PROMOCIÓN DE PRODUCTOS,2016,3340285776
2-PROGRAMAS DE ACCIÓN,132-ADMINISTRACIÓN GENERAL,2012,3246399510
2-PROGRAMAS DE ACCIÓN,344-CULTURA,2016,3224108872
1-PROGRAMAS DE ADMINISTRACION,439-TRANSPORTE SIN DISCRIMINAR,2014,3193686266
2-PROGRAMAS DE ACCIÓN,651-REGULACIÓN Y CONTROL DE LAS COOPERATIVAS,2012,3178966622
1-PROGRAMAS DE ADMINISTRACION,361-RELACIONES LABORALES,2016,3161132862
2-PROGRAMAS DE ACCIÓN,673-REG. Y CONTROL DE SERV. DE PROTECCION Y DEF. AL CONSUMIDOR,2014,3151122751
1-PROGRAMAS DE ADMINISTRACION,641-REGULACIÓN Y CONTROL DE SERVICIOS BURSATILES Y COMERCIALES,2013,3132275229
2-PROGRAMAS DE ACCIÓN,421-SERVICIOS POSTALES,2016,3105551200
2-PROGRAMAS DE ACCIÓN,291-SEGURIDAD SIN DISCRIMINAR,2016,3048805853
3-PROGRAMAS DE INVERSIÓN,131-CONDUCCIÓN POLITICA,2015,3035199393
3-PROGRAMAS DE INVERSIÓN,142-CONTROL FISCAL,2012,2978395411
2-PROGRAMAS DE ACCIÓN,326-SERVICIOS SOCIALES PARA LA REFORMA AGRARIA Y COLONIZACION,2016,2952545359
1-PROGRAMAS DE ADMINISTRACION,449-ECOLOGIA Y MEDIO AMBIENTE SIN DISCRIMINAR,2011,2932505013
1-PROGRAMAS DE ADMINISTRACION,641-REGULACIÓN Y CONTROL DE SERVICIOS BURSATILES Y COMERCIALES,2014,2907661428
1-PROGRAMAS DE ADMINISTRACION,641-REGULACIÓN Y CONTROL DE SERVICIOS BURSATILES Y COMERCIALES,2015,2907296071
2-PROGRAMAS DE ACCIÓN,353-DISEMINACION DEL CONOCIMIENTO CIENTIFICO Y TECNOLOGICO,2012,2865645651
3-PROGRAMAS DE INVERSIÓN,"671-SERVICIO DE REG. Y CONTROL DEL SIST. NAC, CONTRATC PUB",2011,2853941823
3-PROGRAMAS DE INVERSIÓN,133-SERVICIO EXTERIOR,2011,2837919900
3-PROGRAMAS DE INVERSIÓN,361-RELACIONES LABORALES,2015,2814786143
3-PROGRAMAS DE INVERSIÓN,319-SALUD SIN DISCRIMINAR,2012,2812497754
1-PROGRAMAS DE ADMINISTRACION,641-REGULACIÓN Y CONTROL DE SERVICIOS BURSATILES Y COMERCIALES,2012,2777370094
1-PROGRAMAS DE ADMINISTRACION,233-PROMOCIÓN Y ACCIÓN CORRECTIVA,2013,2764023726
1-PROGRAMAS DE ADMINISTRACION,110-LEGISLATIVA,2014,2748757896
2-PROGRAMAS DE ACCIÓN,441-SERVICIOS FORESTALES,2014,2711663864
3-PROGRAMAS DE INVERSIÓN,116-INVERSIÓN LEGISLATIVA,2012,2683857200
1-PROGRAMAS DE ADMINISTRACION,371-VIVIENDA Y URBANISMO,2016,2642460809
3-PROGRAMAS DE INVERSIÓN,469-INDUSTRIA SIN DISCRIMINAR,2013,2629520380
1-PROGRAMAS DE ADMINISTRACION,439-TRANSPORTE SIN DISCRIMINAR,2011,2619742305
1-PROGRAMAS DE ADMINISTRACION,331-ADMINISTRACION DE LOS SERVICIOS DE SEGURIDAD SOCIAL,2016,2609097590
2-PROGRAMAS DE ACCIÓN,222-MIGRACIONES,2016,2593521649
1-PROGRAMAS DE ADMINISTRACION,439-TRANSPORTE SIN DISCRIMINAR,2012,2543908165
3-PROGRAMAS DE INVERSIÓN,343-EDUCACION SUPERIOR Y UNIVERSITARIA,2016,2515082654
1-PROGRAMAS DE ADMINISTRACION,341-EDUCACION ELEMENTAL,2014,2481348187
3-PROGRAMAS DE INVERSIÓN,472-TURISMO,2012,2444552679
1-PROGRAMAS DE ADMINISTRACION,341-EDUCACION ELEMENTAL,2011,2384488340
2-PROGRAMAS DE ACCIÓN,"459-AGRICULTURA , GANADERIA, CAZA Y PESCA SIN DISCRIMINAR",2016,2367140195
1-PROGRAMAS DE ADMINISTRACION,341-EDUCACION ELEMENTAL,2012,2365773180
2-PROGRAMAS DE ACCIÓN,651-REGULACIÓN Y CONTROL DE LAS COOPERATIVAS,2011,2351259993
1-PROGRAMAS DE ADMINISTRACION,341-EDUCACION ELEMENTAL,2013,2304581692
1-PROGRAMAS DE ADMINISTRACION,449-ECOLOGIA Y MEDIO AMBIENTE SIN DISCRIMINAR,2012,2209397806
1-PROGRAMAS DE ADMINISTRACION,231-RECLUSIÓN PENAL,2016,2141055920
3-PROGRAMAS DE INVERSIÓN,461-PRODUCCION INDUSTRIAL,2013,2109038841
1-PROGRAMAS DE ADMINISTRACION,449-ECOLOGIA Y MEDIO AMBIENTE SIN DISCRIMINAR,2013,2088813220
2-PROGRAMAS DE ACCIÓN,"329-PROMOCION,ASISTENCIA Y ACCION SOCIAL SIN DISCRIMINAR",2016,2080777090
1-PROGRAMAS DE ADMINISTRACION,641-REGULACIÓN Y CONTROL DE SERVICIOS BURSATILES Y COMERCIALES,2011,2068366850
2-PROGRAMAS DE ACCIÓN,321-ASISTENCIA  A PERSONAS CON NECESIDADES ESPECIALES,2016,2050357131
3-PROGRAMAS DE INVERSIÓN,432-TRANSPORTE AEREO,2014,2000000000
2-PROGRAMAS DE ACCIÓN,132-ADMINISTRACIÓN GENERAL,2011,1931529253
3-PROGRAMAS DE INVERSIÓN,"359-CIENCIA , TECNOLOGIA Y DIFUSION SIN DISCRIMINAR",2015,1882703952
1-PROGRAMAS DE ADMINISTRACION,441-SERVICIOS FORESTALES,2016,1857350375
2-PROGRAMAS DE ACCIÓN,355-SERVICIOS ESTADISTICOS,2016,1759081007
3-PROGRAMAS DE INVERSIÓN,481-INTERMEDIACION FINANCIERA,2015,1757199088
3-PROGRAMAS DE INVERSIÓN,442-SERVICIOS DEL MEDIO AMBIENTE,2014,1755599045
3-PROGRAMAS DE INVERSIÓN,454-CREDITO AGRICOLA Y PECUARIO,2014,1749877638
1-PROGRAMAS DE ADMINISTRACION,439-TRANSPORTE SIN DISCRIMINAR,2013,1708126856
2-PROGRAMAS DE ACCIÓN,352-INVESTIGACION Y DESARROLLO EXPERIMENTAL,2016,1708122805
1-PROGRAMAS DE ADMINISTRACION,110-LEGISLATIVA,2011,1666724521
1-PROGRAMAS DE ADMINISTRACION,110-LEGISLATIVA,2013,1581689873
1-PROGRAMAS DE ADMINISTRACION,344-CULTURA,2016,1555403015
1-PROGRAMAS DE ADMINISTRACION,323-SERVICIOS DE ACCIÓN SOCIAL,2016,1539553287
2-PROGRAMAS DE ACCIÓN,451-SERVICIOS AGRICOLAS,2016,1476704363
3-PROGRAMAS DE INVERSIÓN,442-SERVICIOS DEL MEDIO AMBIENTE,2013,1421515000
1-PROGRAMAS DE ADMINISTRACION,110-LEGISLATIVA,2012,1411828134
2-PROGRAMAS DE ACCIÓN,354-SERVICIOS CIENTIFICOS Y TECNOLOGICOS,2016,1378529788
3-PROGRAMAS DE INVERSIÓN,469-INDUSTRIA SIN DISCRIMINAR,2012,1342324586
2-PROGRAMAS DE ACCIÓN,461-PRODUCCION INDUSTRIAL,2016,1316989099
1-PROGRAMAS DE ADMINISTRACION,442-SERVICIOS DEL MEDIO AMBIENTE,2016,1313343860
2-PROGRAMAS DE ACCIÓN,441-SERVICIOS FORESTALES,2013,1308879738
2-PROGRAMAS DE ACCIÓN,361-RELACIONES LABORALES,2014,1281594609
3-PROGRAMAS DE INVERSIÓN,226-SERVICIO DEL REGISTRO CIVIL,2013,1275441220
3-PROGRAMAS DE INVERSIÓN,"671-SERVICIO DE REG. Y CONTROL DEL SIST. NAC, CONTRATC PUB",2012,1244065741
2-PROGRAMAS DE ACCIÓN,483-CREDITO PECUARIO,2016,1232853336
2-PROGRAMAS DE ACCIÓN,319-SALUD SIN DISCRIMINAR,2016,1230571671
3-PROGRAMAS DE INVERSIÓN,142-CONTROL FISCAL,2014,1219450086
3-PROGRAMAS DE INVERSIÓN,141-CONT. Y AUD. GUBERNAMENTAL,2011,1206025241
3-PROGRAMAS DE INVERSIÓN,454-CREDITO AGRICOLA Y PECUARIO,2015,1155845082
3-PROGRAMAS DE INVERSIÓN,111-LEGISLATIVA,2013,1145065771
2-PROGRAMAS DE ACCIÓN,449-ECOLOGIA Y MEDIO AMBIENTE SIN DISCRIMINAR,2014,1133811495
2-PROGRAMAS DE ACCIÓN,226-REGISTRO CIVIL DE LAS PERSONAS,2016,1080590099
1-PROGRAMAS DE ADMINISTRACION,142-CONTROL FISCAL,2013,1067232698
2-PROGRAMAS DE ACCIÓN,472-TURISMO,2016,1050970415
2-PROGRAMAS DE ACCIÓN,132-ADMINISTRACIÓN GENERAL,2013,1044465373
2-PROGRAMAS DE ACCIÓN,422-SERV. DE TELECOMUNICACIONES Y TELEVISION,2016,1043757543
2-PROGRAMAS DE ACCIÓN,349-EDUCACION Y CULTURA SIN DISCRIMINAR,2016,1013545538
3-PROGRAMAS DE INVERSIÓN,361-RELACIONES LABORALES,2014,967366665
3-PROGRAMAS DE INVERSIÓN,344-CULTURA,2014,946463861
2-PROGRAMAS DE ACCIÓN,631-REG Y CONTROL DE SERVICIOS DE AGUA POTABLE Y ALCANTARILLADOS,2016,944196404
2-PROGRAMAS DE ACCIÓN,353-DIFUSION DEL CONOCIMIENTO CIENTIFICO Y TECNOLOGICO,2016,937515744
1-PROGRAMAS DE ADMINISTRACION,142-CONTROL FISCAL,2012,869129161
1-PROGRAMAS DE ADMINISTRACION,113-CAMARA DE DIPUTADOS,2012,810631982
2-PROGRAMAS DE ACCIÓN,132-ADMINISTRACIÓN GENERAL,2016,806822345
1-PROGRAMAS DE ADMINISTRACION,621-REGULACIÓN Y CONTROL DE SERVICIOS DE TRANSPORTE,2016,801114530
1-PROGRAMAS DE ADMINISTRACION,161-CULTO,2011,794153702
1-PROGRAMAS DE ADMINISTRACION,651-REGULACIÓN Y CONTROL DE COOPERATIVAS,2016,746298277
3-PROGRAMAS DE INVERSIÓN,132-ADMINISTRACIÓN GENERAL,2015,744849520
3-PROGRAMAS DE INVERSIÓN,472-TURISMO,2011,733165928
3-PROGRAMAS DE INVERSIÓN,"359-CIENCIA , TECNOLOGIA Y DIFUSION SIN DISCRIMINAR",2014,708936822
2-PROGRAMAS DE ACCIÓN,345-DEPORTE Y RECREACION,2016,692751443
2-PROGRAMAS DE ACCIÓN,672-REG. Y CONTROL DE LOS SERV. REG.DE PROP. INTELECTUAL,2016,667484853
3-PROGRAMAS DE INVERSIÓN,359-CIENCIA Y TECNOLOGIA SIN DISCRIMINAR,2013,665638872
1-PROGRAMAS DE ADMINISTRACION,132-ADMINISTRACIÓN GENERAL,2016,656345154
1-PROGRAMAS DE ADMINISTRACION,161-CULTO,2012,645708654
1-PROGRAMAS DE ADMINISTRACION,354-SERVICIOS CIENTIFICOS Y TECNOLOGICOS,2016,636828686
2-PROGRAMAS DE ACCIÓN,128-REGISTRO PÚBLICO DE BIENES,2012,614578226
3-PROGRAMAS DE INVERSIÓN,141-CONT. Y AUD. GUBERNAMENTAL,2013,603523668
3-PROGRAMAS DE INVERSIÓN,343-EDUCACION SUPERIOR Y UNIVERSITARIA,2014,602220022
3-PROGRAMAS DE INVERSIÓN,442-SERVICIOS DEL MEDIO AMBIENTE,2012,546913667
1-PROGRAMAS DE ADMINISTRACION,113-CAMARA DE DIPUTADOS,2011,544350915
3-PROGRAMAS DE INVERSIÓN,349-EDUCACION Y CULTURA SIN DISCRIMINAR,2016,500126585
1-PROGRAMAS DE ADMINISTRACION,142-CONTROL FISCAL,2011,493552890
2-PROGRAMAS DE ACCIÓN,431-TRANSPORTE TERRESTRE,2016,487087710
3-PROGRAMAS DE INVERSIÓN,454-CREDITO AGRICOLA Y PECUARIO,2013,464041760
2-PROGRAMAS DE ACCIÓN,449-ECOLOGIA Y MEDIO AMBIENTE SIN DISCRIMINAR,2013,461442005
2-PROGRAMAS DE ACCIÓN,442-SERVICIOS DEL MEDIO AMBIENTE,2016,453892077
2-PROGRAMAS DE ACCIÓN,233-PROMOCIÓN Y ACCIÓN CORRECTIVA,2016,434914780
3-PROGRAMAS DE INVERSIÓN,132-ADMINISTRACIÓN GENERAL,2014,433934063
2-PROGRAMAS DE ACCIÓN,141-CONT. Y AUD. GUBERNAMENTAL,2016,432573432
3-PROGRAMAS DE INVERSIÓN,161-CULTO,2013,421965300
3-PROGRAMAS DE INVERSIÓN,161-CULTO,2012,421965300
2-PROGRAMAS DE ACCIÓN,681-REG. Y CONTROL EN LA LIBRE COMPETENCIA EN LOS MERCADOS,2015,390774276
3-PROGRAMAS DE INVERSIÓN,319-SALUD SIN DISCRIMINAR,2011,389606170
3-PROGRAMAS DE INVERSIÓN,454-CREDITO AGRICOLA Y PECUARIO,2012,313125000
3-PROGRAMAS DE INVERSIÓN,323-SERVICIOS DE ACCIÓN SOCIAL,2016,302417023
3-PROGRAMAS DE INVERSIÓN,221-ORDEN PÚBLICO Y SEGURIDAD INTERIOR,2011,301934982
3-PROGRAMAS DE INVERSIÓN,131-CONDUCCIÓN POLITICA,2016,280906430
3-PROGRAMAS DE INVERSIÓN,221-ORDEN PÚBLICO Y SEGURIDAD INTERIOR,2015,276890145
1-PROGRAMAS DE ADMINISTRACION,161-CULTO,2014,264432000
2-PROGRAMAS DE ACCIÓN,133-SERVICIO EXTERIOR,2016,259391725
1-PROGRAMAS DE ADMINISTRACION,641-REGULACIÓN Y CONTROL DE SERVICIOS BURSATILES Y COMERCIALES,2016,259308483
3-PROGRAMAS DE INVERSIÓN,221-ORDEN PÚBLICO Y SEGURIDAD INTERIOR,2012,255071737
3-PROGRAMAS DE INVERSIÓN,211-SERVICIOS DE SEGURIDAD NACIONAL,2015,231578240
3-PROGRAMAS DE INVERSIÓN,116-INVERSIÓN LEGISLATIVA,2011,228418310
3-PROGRAMAS DE INVERSIÓN,141-CONT. Y AUD. GUBERNAMENTAL,2014,220481784
2-PROGRAMAS DE ACCIÓN,225-IDENTIFICACIONES,2016,217404000
2-PROGRAMAS DE ACCIÓN,228-DEMARCACIÓN Y VIGILANCIA DE LÍMITES,2016,216073943
2-PROGRAMAS DE ACCIÓN,373-ORDENACION URBANA Y RURAL,2016,204108832
2-PROGRAMAS DE ACCIÓN,681-REG. Y CONTROL EN LA LIBRE COMPETENCIA EN LOS MERCADOS,2016,200454750
3-PROGRAMAS DE INVERSIÓN,311-ATENCION MEDICA,2014,199015008
3-PROGRAMAS DE INVERSIÓN,355-SERVICIOS ESTADISTICOS,2016,186701667
3-PROGRAMAS DE INVERSIÓN,344-CULTURA,2015,175000000
3-PROGRAMAS DE INVERSIÓN,481-INTERMEDIACION FINANCIERA,2014,165576600
3-PROGRAMAS DE INVERSIÓN,143-ADMINISTRACION FINANCIERA Y CONTROL GUBERNAMENTAL,2016,160862998
3-PROGRAMAS DE INVERSIÓN,454-CREDITO AGRICOLA Y PECUARIO,2011,160075000
2-PROGRAMAS DE ACCIÓN,673-REG Y CONTROL DE LOS SERV. DE PROTECCION Y DEF AL CONSUMIDOR,2016,159981322
3-PROGRAMAS DE INVERSIÓN,621-REGULACIÓN Y CONTROL DE SERVICIOS DE TRANSPORTE,2011,158513009
2-PROGRAMAS DE ACCIÓN,313-PROMOCIÓN Y ASISTENCIA,2016,154248110
3-PROGRAMAS DE INVERSIÓN,"329-PROMOCION,ASISTENCIA Y ACCION SOCIAL SIN DISCRIMINAR",2016,147403334
3-PROGRAMAS DE INVERSIÓN,N/A,2014,145114589
3-PROGRAMAS DE INVERSIÓN,352-INVESTIGACION Y DESARROLLO EXPERIMENTAL,2016,124515192
2-PROGRAMAS DE ACCIÓN,"419-ENERGIA, COMBUSTIBLES Y MINERIA SIN DISCRIMINAR",2016,117008651
1-PROGRAMAS DE ADMINISTRACION,319-SALUD SIN DISCRIMINAR,2016,110496800
3-PROGRAMAS DE INVERSIÓN,471-COMERCIALIZACIÓN Y PROMOCIÓN DE PRODUCTOS,2016,88482354
3-PROGRAMAS DE INVERSIÓN,121-JUDICIAL,2016,68593344
2-PROGRAMAS DE ACCIÓN,"359-CIENCIA , TECNOLOGIA Y DIFUSION SIN DISCRIMINAR",2016,67629050
3-PROGRAMAS DE INVERSIÓN,412-PETROLEO Y GAS,2015,63636364
2-PROGRAMAS DE ACCIÓN,471-COMERCIALIZACIÓN Y PROMOCIÓN DE PRODUCTOS,2016,60294590
3-PROGRAMAS DE INVERSIÓN,181-INVERSIÓN EN ADMINISTRACIÓN GUBERNAMENTAL,2016,50880000
2-PROGRAMAS DE ACCIÓN,441-SERVICIOS FORESTALES,2016,39324330
1-PROGRAMAS DE ADMINISTRACION,391-OTROS  SERVICIOS SOCIALES,2016,35746560
2-PROGRAMAS DE ACCIÓN,433-TRANSPORTE FLUVIAL,2016,32230000
3-PROGRAMAS DE INVERSIÓN,132-ADMINISTRACIÓN GENERAL,2013,30727500
3-PROGRAMAS DE INVERSIÓN,472-TURISMO,2016,28350000
3-PROGRAMAS DE INVERSIÓN,142-CONTROL FISCAL,2016,21644441
2-PROGRAMAS DE ACCIÓN,651-REGULACIÓN Y CONTROL DE COOPERATIVAS,2016,14800000
2-PROGRAMAS DE ACCIÓN,611-REGULACIÓN Y CONTROL DE SERVICIOS DE TELECOMUNICACIONES,2016,12943782
3-PROGRAMAS DE INVERSIÓN,361-RELACIONES LABORALES,2016,3561920
1-PROGRAMAS DE ADMINISTRACION,161-CULTO,2013,2424000
2-PROGRAMAS DE ACCIÓN,413-ELECTRICIDAD,2016,0
3-PROGRAMAS DE INVERSIÓN,342-EDUCACION MEDIA Y TECNICA,2011,0
3-PROGRAMAS DE INVERSIÓN,311-ATENCION MEDICA,2013,0
3-PROGRAMAS DE INVERSIÓN,391-OTROS  SERVICIOS SOCIALES,2011,0
1-PROGRAMAS DE ADMINISTRACION,312-SANEAMIENTO AMBIENTAL,2012,0
3-PROGRAMAS DE INVERSIÓN,481-INTERMEDIACION FINANCIERA,2016,0
3-PROGRAMAS DE INVERSIÓN,319-SALUD SIN DISCRIMINAR,2016,0
3-PROGRAMAS DE INVERSIÓN,481-INTERMEDIACION FINANCIERA,2013,0
4-PROGRAMAS DEL SERVICIO DE LA DEUDA PÚBLICA,510-SERVICIOS DE LA DEUDA PUBLICA,2011,0
3-PROGRAMAS DE INVERSIÓN,161-CULTO,2016,0
3-PROGRAMAS DE INVERSIÓN,111-LEGISLATIVA,2016,0
2-PROGRAMAS DE ACCIÓN,312-SANEAMIENTO AMBIENTAL,2016,0
3-PROGRAMAS DE INVERSIÓN,454-CREDITO AGRICOLA Y PECUARIO,2016,0
1-PROGRAMAS DE ADMINISTRACION,413-ELECTRICIDAD,2016,0
3-PROGRAMAS DE INVERSIÓN,"459-AGRICULTURA , GANADERIA, CAZA Y PESCA SIN DISCRIMINAR",2016,0
3-PROGRAMAS DE INVERSIÓN,344-CULTURA,2016,0
3-PROGRAMAS DE INVERSIÓN,312-SANEAMIENTO AMBIENTAL,2016,0
1-PROGRAMAS DE ADMINISTRACION,N/A,2014,0
3-PROGRAMAS DE INVERSIÓN,461-PRODUCCION INDUSTRIAL,2016,0
3-PROGRAMAS DE INVERSIÓN,621-REGULACIÓN Y CONTROL DE SERVICIOS DE TRANSPORTE,2012,0
3-PROGRAMAS DE INVERSIÓN,132-ADMINISTRACIÓN GENERAL,2011,0
3-PROGRAMAS DE INVERSIÓN,171-APOYO A LOS GOBIERNOS DEPARTAMENTALES,2011,0
1-PROGRAMAS DE ADMINISTRACION,461-PRODUCCION INDUSTRIAL,2016,0
3-PROGRAMAS DE INVERSIÓN,343-EDUCACION SUPERIOR Y UNIVERSITARIA,2015,0
3-PROGRAMAS DE INVERSIÓN,321-ASISTENCIA  A PERSONAS CON NECESIDADES ESPECIALES,2013,0
3-PROGRAMAS DE INVERSIÓN,"359-CIENCIA , TECNOLOGIA Y DIFUSION SIN DISCRIMINAR",2016,0
3-PROGRAMAS DE INVERSIÓN,132-ADMINISTRACIÓN GENERAL,2012,0
3-PROGRAMAS DE INVERSIÓN,211-SERVICIOS DE SEGURIDAD NACIONAL,2014,0
3-PROGRAMAS DE INVERSIÓN,179-INVERSIÓN DE GOBIERNOS DEPARTAMENTALES,2011,0
3-PROGRAMAS DE INVERSIÓN,111-LEGISLATIVA,2015,0
3-PROGRAMAS DE INVERSIÓN,413-ELECTRICIDAD,2016,0
3-PROGRAMAS DE INVERSIÓN,433-TRANSPORTE FLUVIAL,2016,0
