key,region,subregion,value
Afghanistan,Asia,Southern Asia,25500100
Åland Islands,Europe,Northern Europe,28502
Albania,Europe,Southern Europe,2821977
Algeria,Africa,Northern Africa,37900000
American Samoa,Oceania,Polynesia,55519
Andorra,Europe,Southern Europe,76246
Angola,Africa,Middle Africa,20609294
Anguilla,Americas,Caribbean,13452
Antarctica,,,-1
Antigua and Barbuda,Americas,Caribbean,86295
Argentina,Americas,South America,40117096
Armenia,Asia,Western Asia,3024100
Aruba,Americas,Caribbean,101484
Australia,Oceania,Australia and New Zealand,23254142
Austria,Europe,Western Europe,8501502
Azerbaijan,Asia,Western Asia,9235100
Bahamas,Americas,Caribbean,-1
Bahrain,Asia,Western Asia,1234571
Bangladesh,Asia,Southern Asia,152518015
Barbados,Americas,Caribbean,274200
Belarus,Europe,Eastern Europe,9465500
Belgium,Europe,Western Europe,11175653
Belize,Americas,Central America,312971
Benin,Africa,Western Africa,10323000
Bermuda,Americas,Northern America,64237
Bhutan,Asia,Southern Asia,740990
Bolivia,Americas,South America,10027254
Bonaire,Americas,Caribbean,-1
Bosnia and Herzegovina,Europe,Southern Europe,3791622
Botswana,Africa,Southern Africa,2024904
Bouvet Island,,,-1
Brazil,Americas,South America,201032714
British Indian Ocean Territory,Africa,Eastern Africa,-1
British Virgin Islands,Americas,Caribbean,29537
Brunei,Asia,South-Eastern Asia,393162
Bulgaria,Europe,Eastern Europe,7282041
Burkina Faso,Africa,Western Africa,17322796
Burundi,Africa,Eastern Africa,10163000
Cambodia,Asia,South-Eastern Asia,15135000
Cameroon,Africa,Middle Africa,20386799
Canada,Americas,Northern America,35158304
Cape Verde,Africa,Western Africa,491875
Cayman Islands,Americas,Caribbean,55456
Central African Republic,Africa,Middle Africa,4616000
Chad,Africa,Middle Africa,12825000
Chile,Americas,South America,16634603
China,Asia,Eastern Asia,1361170000
Christmas Island,Oceania,Australia and New Zealand,2072
Cocos (Keeling) Islands,Oceania,Australia and New Zealand,550
Colombia,Americas,South America,47330000
Comoros,Africa,Eastern Africa,724300
Republic of the Congo,Africa,Middle Africa,4448000
Democratic Republic of the Congo,Africa,Middle Africa,67514000
Cook Islands,Oceania,Polynesia,14974
Costa Rica,Americas,Central America,4667096
Côte d'Ivoire,Africa,Western Africa,-1
Croatia,Europe,Southern Europe,4290612
Cuba,Americas,Caribbean,11167325
Curaçao,Americas,Caribbean,150563
Cyprus,Asia,Western Asia,865878
Czech Republic,Europe,Eastern Europe,10512900
Denmark,Europe,Northern Europe,5623501
Djibouti,Africa,Eastern Africa,864618
Dominica,Americas,Caribbean,71293
Dominican Republic,Americas,Caribbean,9445281
Ecuador,Americas,South America,15617900
Egypt,Africa,Northern Africa,83661000
El Salvador,Americas,Central America,6340000
Equatorial Guinea,Africa,Middle Africa,1622000
Eritrea,Africa,Eastern Africa,6333000
Estonia,Europe,Northern Europe,1286540
Ethiopia,Africa,Eastern Africa,86613986
Falkland Islands,Americas,South America,2563
Faroe Islands,Europe,Northern Europe,48509
Fiji,Oceania,Melanesia,858038
Finland,Europe,Northern Europe,5445883
France,Europe,Western Europe,65806000
French Guiana,Americas,South America,229040
French Polynesia,Oceania,Polynesia,268270
French Southern and Antarctic Lands,,,-1
Gabon,Africa,Middle Africa,1672000
Gambia,Africa,Western Africa,-1
Georgia,Asia,Western Asia,-1
Germany,Europe,Western Europe,80523700
Ghana,Africa,Western Africa,24658823
Gibraltar,Europe,Southern Europe,29752
Greece,Europe,Southern Europe,10815197
Greenland,Americas,Northern America,56370
Grenada,Americas,Caribbean,103328
Guadeloupe,Americas,Caribbean,403355
Guam,Oceania,Micronesia,159358
Guatemala,Americas,Central America,15438384
Guernsey,Europe,Northern Europe,62431
Guinea,Africa,Western Africa,10824200
Guinea-Bissau,Africa,Western Africa,1704000
Guyana,Americas,South America,784894
Haiti,Americas,Caribbean,10413211
Heard Island and McDonald Islands,,,-1
Vatican City,Europe,Southern Europe,800
Honduras,Americas,Central America,8555072
Hong Kong,Asia,Eastern Asia,7184000
Hungary,Europe,Eastern Europe,9906000
Iceland,Europe,Northern Europe,325010
India,Asia,Southern Asia,1236670000
Indonesia,Asia,South-Eastern Asia,237641326
Iran,Asia,Southern Asia,77068000
Iraq,Asia,Western Asia,34035000
Ireland,Europe,Northern Europe,-1
Isle of Man,Europe,Northern Europe,84497
Israel,Asia,Western Asia,8092700
Italy,Europe,Southern Europe,59829079
Jamaica,Americas,Caribbean,2711476
Japan,Asia,Eastern Asia,127290000
Jersey,Europe,Northern Europe,97857
Jordan,Asia,Western Asia,6512600
Kazakhstan,Asia,Central Asia,17099000
Kenya,Africa,Eastern Africa,44354000
Kiribati,Oceania,Micronesia,106461
Kuwait,Asia,Western Asia,3582054
Kyrgyzstan,Asia,Central Asia,5551900
Laos,Asia,South-Eastern Asia,6580800
Latvia,Europe,Northern Europe,2014000
Lebanon,Asia,Western Asia,4822000
Lesotho,Africa,Southern Africa,2074000
Liberia,Africa,Western Africa,4294000
Libya,Africa,Northern Africa,6202000
Liechtenstein,Europe,Western Europe,36842
Lithuania,Europe,Northern Europe,2950684
Luxembourg,Europe,Western Europe,537000
Macau,Asia,Eastern Asia,-1
Macedonia,Europe,Southern Europe,-1
Madagascar,Africa,Eastern Africa,20696070
Malawi,Africa,Eastern Africa,16363000
Malaysia,Asia,South-Eastern Asia,29793600
Maldives,Asia,Southern Asia,317280
Mali,Africa,Western Africa,15302000
Malta,Europe,Southern Europe,416055
Marshall Islands,Oceania,Micronesia,56086
Martinique,Americas,Caribbean,394173
Mauritania,Africa,Western Africa,3461041
Mauritius,Africa,Eastern Africa,1257900
Mayotte,Africa,Eastern Africa,212600
Mexico,Americas,Central America,118395054
Micronesia,Oceania,Micronesia,-1
Moldova,Europe,Eastern Europe,3559500
Monaco,Europe,Western Europe,36136
Mongolia,Asia,Eastern Asia,2754685
Montenegro,Europe,Southern Europe,620029
Montserrat,Americas,Caribbean,4922
Morocco,Africa,Northern Africa,33087700
Mozambique,Africa,Eastern Africa,23700715
Myanmar,Asia,South-Eastern Asia,-1
Namibia,Africa,Southern Africa,2113077
Nauru,Oceania,Micronesia,9945
Nepal,Asia,Southern Asia,26494504
Netherlands,Europe,Western Europe,16807300
New Caledonia,Oceania,Melanesia,258958
New Zealand,Oceania,Australia and New Zealand,4478810
Nicaragua,Americas,Central America,6071045
Niger,Africa,Western Africa,17129076
Nigeria,Africa,Western Africa,173615000
Niue,Oceania,Polynesia,1613
Norfolk Island,Oceania,Australia and New Zealand,2302
North Korea,Asia,Eastern Asia,24895000
Northern Mariana Islands,Oceania,Micronesia,53883
Norway,Europe,Northern Europe,5077798
Oman,Asia,Western Asia,3929000
Pakistan,Asia,Southern Asia,184845000
Palau,Oceania,Micronesia,20901
Palestine,Asia,Western Asia,-1
Panama,Americas,Central America,3405813
Papua New Guinea,Oceania,Melanesia,7059653
Paraguay,Americas,South America,6783374
Peru,Americas,South America,30475144
Philippines,Asia,South-Eastern Asia,98678000
Pitcairn Islands,Oceania,Polynesia,56
Poland,Europe,Eastern Europe,38533299
Portugal,Europe,Southern Europe,10562178
Puerto Rico,Americas,Caribbean,3667084
Qatar,Asia,Western Asia,2024707
Republic of Kosovo,Europe,Eastern Europe,1733842
Réunion,Africa,Eastern Africa,821136
Romania,Europe,Eastern Europe,20121641
Russia,Europe,Eastern Europe,143500000
Rwanda,Africa,Eastern Africa,10537222
Saint Barthélemy,Americas,Caribbean,8938
Saint Helena,Africa,Western Africa,-1
Saint Kitts and Nevis,Americas,Caribbean,54000
Saint Lucia,Americas,Caribbean,166526
Saint Martin,Americas,Caribbean,-1
Saint Pierre and Miquelon,Americas,Northern America,6081
Saint Vincent and the Grenadines,Americas,Caribbean,109000
Samoa,Oceania,Polynesia,187820
San Marino,Europe,Southern Europe,32509
São Tomé and Príncipe,Africa,Middle Africa,187356
Saudi Arabia,Asia,Western Asia,29994272
Senegal,Africa,Western Africa,13567338
Serbia,Europe,Southern Europe,7181505
Seychelles,Africa,Eastern Africa,90945
Sierra Leone,Africa,Western Africa,6190280
Singapore,Asia,South-Eastern Asia,5399200
Sint Maarten,Americas,Caribbean,37429
Slovakia,Europe,Eastern Europe,5412008
Slovenia,Europe,Southern Europe,2061405
Solomon Islands,Oceania,Melanesia,561000
Somalia,Africa,Eastern Africa,10496000
South Africa,Africa,Southern Africa,52981991
South Georgia,Americas,South America,-1
South Korea,Asia,Eastern Asia,50219669
South Sudan,Africa,Middle Africa,11296000
Spain,Europe,Southern Europe,46704314
Sri Lanka,Asia,Southern Asia,20277597
Sudan,Africa,Northern Africa,37964000
Suriname,Americas,South America,534189
Svalbard and Jan Mayen,Europe,Northern Europe,2655
Swaziland,Africa,Southern Africa,1250000
Sweden,Europe,Northern Europe,9625444
Switzerland,Europe,Western Europe,8085300
Syria,Asia,Western Asia,21898000
Taiwan,Asia,Eastern Asia,23361147
Tajikistan,Asia,Central Asia,8000000
Tanzania,Africa,Eastern Africa,44928923
Thailand,Asia,South-Eastern Asia,65926261
Timor-Leste,Asia,South-Eastern Asia,-1
Togo,Africa,Western Africa,6191155
Tokelau,Oceania,Polynesia,1411
Tonga,Oceania,Polynesia,103036
Trinidad and Tobago,Americas,Caribbean,1328019
Tunisia,Africa,Northern Africa,10833431
Turkey,Asia,Western Asia,75627384
Turkmenistan,Asia,Central Asia,5240000
Turks and Caicos Islands,Americas,Caribbean,31458
Tuvalu,Oceania,Polynesia,11323
Uganda,Africa,Eastern Africa,35357000
Ukraine,Europe,Eastern Europe,45461627
United Arab Emirates,Asia,Western Asia,8264070
United Kingdom,Europe,Northern Europe,63705000
United States,Americas,Northern America,317101000
United States Minor Outlying Islands,Americas,Northern America,-1
United States Virgin Islands,Americas,Caribbean,106405
Uruguay,Americas,South America,3286314
Uzbekistan,Asia,Central Asia,30183400
Vanuatu,Oceania,Melanesia,264652
Venezuela,Americas,South America,28946101
Vietnam,Asia,South-Eastern Asia,90388000
Wallis and Futuna,Oceania,Polynesia,13135
Western Sahara,Africa,Northern Africa,567000
Yemen,Asia,Western Asia,24527000
Zambia,Africa,Eastern Africa,13092666
Zimbabwe,Africa,Eastern Africa,12973808
