nivel,entidad,key,value
25-EMPRESAS PÚBLICAS,06-PETRÓLEOS PARAGUAYOS,"1- ABASTECIMIENTO REGULAR DE LOS COMBUSTIBLES EN TODO EL PAIS, MANTENIENDO UN STOCK PARA 2 MESES",79596842116824
12-PODER EJECUTIVO,13-MINISTERIO DE OBRAS PÚBLICAS Y COMUNICACIONES,1- *,36824360212884
12-PODER EJECUTIVO,06-MINISTERIO DE HACIENDA,2- 49.100 BENEFICIARIOS RECIBEN SUS JUBILACIONES Y PENSIONES.,36544320685212
25-EMPRESAS PÚBLICAS,02-ADMINISTRACIÓN NACIONAL DE ELECTRICIDAD,"3- - AVANCE FINANCIERO DE LAS DISTINTAS OBRAS
- AVANCE DE CRONOGRAMA DEL PROGRAMA
- AVANCE DE CRONOGRAMA DEL PROYECTO
- SERVICIOS DE CONSULTORIA RECIBIDOS
- AVANCE DE CRONOGRAMA DE LAS DISTINTAS OBRAS",36174172283160
25-EMPRESAS PÚBLICAS,02-ADMINISTRACIÓN NACIONAL DE ELECTRICIDAD,2- KWH DE ENERGÍA COMERCIALIZADA.,31956270985308
24-ENTIDADES PÚBLICAS DE SEGURIDAD SOCIAL,01-INSTITUTO DE PREVISIÓN SOCIAL,2- *,28821596812140
12-PODER EJECUTIVO,07-MINISTERIO DE EDUCACIÓN Y CULTURA,4- - ALUMNOS FORMADOS,27856887687852
27-ENTIDADES FINANCIERAS OFICIALES,01-BANCO NACIONAL DE FOMENTO (BNF),"1- -SE PRETENDE ALCANZAR A 50.000 BENEFICIARIOS DE LOS SECTORES AGRÍCOLAS, INDUSTRIALES Y COMERCIALES, CON UN NIVEL DE DESEMBOLSOS DE 350.000 MILLONES DE GUARANIES.
",25782576337428
24-ENTIDADES PÚBLICAS DE SEGURIDAD SOCIAL,01-INSTITUTO DE PREVISIÓN SOCIAL,3- *,20351501084292
12-PODER EJECUTIVO,06-MINISTERIO DE HACIENDA,1- *,19753232121648
12-PODER EJECUTIVO,03-MINISTERIO DEL INTERIOR,2- -REALIZACION DE 2000 SERV DE PREVENC DE HECHOS PUNIBLES- ATENCION DE 984 CASOS EN BIENESTAR POLICIAL- INVESTIGACION DE 1150 HECHOS PUNIBLES- REALIZAC DE 480 INTERVENCIONES DE APOYO TACTICO- CAPACITACION DE 4603 OFIC Y SUBOFIC- ELABORACION DE 892000 DOCU (...),19177915889304
12-PODER EJECUTIVO,07-MINISTERIO DE EDUCACIÓN Y CULTURA,12- *,15533791010448
12-PODER EJECUTIVO,06-MINISTERIO DE HACIENDA,"7- -TRANSFERENCIA DE RECURSOS FINANCIEROS A GOBIERNOS SUBNACIONALES.
-TIEMPO DE GESTIÓN Y TRÁMITES ADMINISTRATIVOS REALIZADOS.",15173224931604
12-PODER EJECUTIVO,08-MINISTERIO DE SALUD PÚBLICA Y BIENESTAR SOCIAL,"1- -PROMOVER LA PARTICIPACIÓN CIUDADANA EN EL ACCIONAR DEL SISTEMA NACIONAL DE SALUD MEDIANTE PROCESOS DE INFORMACIÓN, EDUCACIÓN Y COMUNICACIÓN, QUE FOMENTEN LA PROMOCIÓN DE LA SALUD Y LA PREVENCIÓN DE ENFERMEDADES, EN EL ÁMBITO COLECTIVO, FAMILIAR E INDIV (...)",12933396165984
12-PODER EJECUTIVO,06-MINISTERIO DE HACIENDA,8- APOYO OPORTUNO PARA LAS INVERSIONES.,12554313278352
12-PODER EJECUTIVO,07-MINISTERIO DE EDUCACIÓN Y CULTURA,"11- COBERTURA AUMENTADA CON EQUIDAD EN EL ACCESO EN UN 56,1% A LA EDUCACION MEDIA , Y MEJORAMIENTO DE LA CALIDAD, CON UNA TASA DE APROBADOS DEL 76%",10383264551160
25-EMPRESAS PÚBLICAS,02-ADMINISTRACIÓN NACIONAL DE ELECTRICIDAD,"1- -CAPACITACION DE RECURSOS HUMANOS.
-PROCESOS ADMINISTRATIVOS IMPLEMENTADOS.
-COMPROMISO DE TODA LA ORGANIZACIÓN EN TODOS LOS PLANES A SER DESARROLLADOS.",10345446853692
12-PODER EJECUTIVO,06-MINISTERIO DE HACIENDA,"6- -TRANSFERENCIA DE RECURSOS FINANCIEROS A GOBIERNOS SUBNACIONALES.
-TIEMPO DE GESTIÓN Y TRÁMITES ADMINISTRATIVOS REALIZADOS.
",9879922188492
12-PODER EJECUTIVO,06-MINISTERIO DE HACIENDA,"3- PAGO A BENEFICIARIOS VETERANOS, HEREDEROS, PENSION ALIMENTARIA ADULTOS MAYORES, SUBSIDIOS A VETERANOS Y LISIADOS, PENSION GRACIABLE, GASTOS DE SEPELIO Y HABERES ATRASADOS POR RESOLUCION DPNC.",9326239680000
27-ENTIDADES FINANCIERAS OFICIALES,07-AGENCIA FINANCIERA DE DESARROLLO,1- *,8966668053660
23-ENTES AUTÓNOMOS Y AUTÁRQUICOS,23-SECRETARIA NACIONAL DE LA VIVIENDA Y EL HABITAT,1- *,8191580343684
12-PODER EJECUTIVO,08-MINISTERIO DE SALUD PÚBLICA Y BIENESTAR SOCIAL,3- *,7887521158380
12-PODER EJECUTIVO,05-MINISTERIO DE DEFENSA NACIONAL,"3- - INFORME FINANCIERO, CONTABLE Y PATRIMONIALES ELABORADOS.
- MANUAL DE ORGANIZACIÓN Y FUNCIONES ELABORADO.
- DOCUMENTACIONES PRESENTADOS EN TIEMPO UTIL.
- EJECUCIÓN PRESUPUESTARIA EN UN 95 % PARA EL PERIODO 2009.
- DISMINUIR EN UN 70 % LAS REPROGRAMACIO (...)",7049414674884
12-PODER EJECUTIVO,10-MINISTERIO DE AGRICULTURA Y GANADERÍA,7- *,6982517714640
25-EMPRESAS PÚBLICAS,07-INDUSTRIA NACIONAL DEL CEMENTO,"1-   SUB/PRY/PROD          DEN. DEL PROD.    CANTIDAD   UNID. DE MEDIDA
EXPL. Y ELAB DE CLINKER CLINKER           515.000         TON/AÑO
MOLIENDA DE CEMENTO     CEMENTO PORTLAND  598.449         TON/AÑO
MOLIENDA DE CAL AGRICOLA         70.000 TON/AÑO
",6980139002268
24-ENTIDADES PÚBLICAS DE SEGURIDAD SOCIAL,03-CAJA DE JUBILACIONES Y PENSIONES DEL PERSONAL DE LA ANDE,1- MEJORAMIENTO EN LA CALIDAD DE VIDA DE LOS AFILIADOS.,6900472735788
12-PODER EJECUTIVO,06-MINISTERIO DE HACIENDA,5- ENTREGA OPORTUNA DE LOS RECURSOS FINANCIEROS,6693003415512
12-PODER EJECUTIVO,06-MINISTERIO DE HACIENDA,23- *,6205978208232
12-PODER EJECUTIVO,08-MINISTERIO DE SALUD PÚBLICA Y BIENESTAR SOCIAL,"20- INDIVIDUOS, GRUPOS Y COMUNIDADES ATENDIDOS EN LOS SERVICIOS SOCIALES.
SISTEMAS DE AGUA POTABLE CONSTRUIDOS Y MEJORADOS Y EFECTOS DE RIESGOS AMBIENTALES MITIGADOS.
ACTIVIDADES PARA EL CONTROL DE ESTABLECIMIENTOS Y PRODUCTOS DE CONSUMO DE LA POBLACIÓN.
Z (...)",5653173605256
12-PODER EJECUTIVO,08-MINISTERIO DE SALUD PÚBLICA Y BIENESTAR SOCIAL,"2- -MEJORAR LAS CONDICIONES DE SALUD DE LA POBLACIÓN ASIGNADA A NIVEL NACIONAL, MEDIANTE ACCIONES DE PROMOCIÓN, PREVENCIÓN, CONSULTAS E INTERNACIONES.",5336052813960
12-PODER EJECUTIVO,07-MINISTERIO DE EDUCACIÓN Y CULTURA,"1- - TIEMPO DE GESTIÓN DE LOS TRÁMITES ADMINISTRATIVOS.
- RECURSOS DEL MEC SALVAGUARDADOS.
- REMUNERACIONES BASICAS DEL PERSONAL OTORGADAS EN TIEMPO Y FORMA.
- BECAS OFRECIDAS POR LOS ORGANISMOS INTERNACIONALES DIFUNDIDAS EN FORMA OPORTUNA Y ADJUDICADAS CO (...)",5137318148988
21-BANCA CENTRAL DEL ESTADO,01-BANCO CENTRAL DEL PARAGUAY,"1- -POLÍTICA CAMBIARIA Y MONETARIA DEL PAÍS.
-FUNCIONARIOS CAPACITADOS.
-TIEMPO DE GESTIÓN Y TRÁMITES ADMINISTRATIVOS.",5030690874348
28-UNIVERSIDADES NACIONALES,01-UNIVERSIDAD NACIONAL DE ASUNCIÓN,"3- -ATENCIÓN MÉDICA BRINDADA A LA COMUNIDAD
-ACTIVIDADES DE EXTENSIÓN UNIVERSITARIA REALIZADAS
-CAMPO DE PRÁCTICAS HOSPITALARIAS PARA LAS ACTIVIDADES DOCENTES, ASISTENCIALES Y DE INVESTIGACIÓN PROVEÍDOS",4830846365376
24-ENTIDADES PÚBLICAS DE SEGURIDAD SOCIAL,04-CAJA DE JUBILACIONES Y PENSIONES DE EMPL. DE BANCOS Y AFINES,"1- -IMPLEMENTAR METODOS DE CALIDAD TOTAL, CON RECURSOS HUMANOS EFICIENTES, EFICAZ Y COMPETITIVO.
-TIEMPO DE PROCESAMIENTO DEL PAGO DE LAS OBLIGACIONES CONTRAIDAS.
-DECISIONES IMPARTIDAS A NIVEL GERENCIAL",4715330867760
12-PODER EJECUTIVO,08-MINISTERIO DE SALUD PÚBLICA Y BIENESTAR SOCIAL,"7- -PROMOCIONES Y PREVENCIONES REALIZADAS.
-CONSULTA E INVESTIGACIONES CONCLUIDAS.
-CAPACITACIONES REALIZADAS",3903221040732
13-PODER JUDICIAL,02-JUSTICIA ELECTORAL,"1- - TIEMPO DE GESTIÓN Y TRÁMITES ADMINISTRATIVOS ESPERADOS.
- TIEMPO DE PROCESAMIENTO DE PAGO DE LAS OBLIGACIONES CONTRAÍDAS.
",3783847056540
13-PODER JUDICIAL,02-JUSTICIA ELECTORAL,2- INSCRIPCION DE 40.000 CIUDADANOS.,3688656505668
27-ENTIDADES FINANCIERAS OFICIALES,01-BANCO NACIONAL DE FOMENTO (BNF),"1- - TIEMPO DE GESTION Y TRAMITES ADMINISTRATIVOS ESPERADOS. 
- CALIDAD Y RAPIDEZ DE LA ATENCION AL CLIENTE.
- DESARROLLO DE PROGRAMAS TECNOLOGICOS.
-FUNCIONARIOS CAPACITADOS EN CURSOS Y SEMINARIOS.
",3662252133720
23-ENTES AUTÓNOMOS Y AUTÁRQUICOS,15-DIRECCION NACIONAL DE ADUANAS,"1- -RECURSOS FINANCIEROS PROVEIDOS 
-PROCESOS ADMINISTRATIVOS OPTIMIZADOS CON MIRAS A OBTENER CERTIFICACIÓN DE CALIDAD INTERNACIONAL.",3637784646060
23-ENTES AUTÓNOMOS Y AUTÁRQUICOS,03-INSTITUTO NACIONAL DE DESARROLLO RURAL Y DE LA TIERRA,1- FORTALECER EL SERVICIO DE MENSURA TITULACION,3630723564876
24-ENTIDADES PÚBLICAS DE SEGURIDAD SOCIAL,01-INSTITUTO DE PREVISIÓN SOCIAL,"1- EXCEDENTES FINANCIEROS SON COLOCADOS EN CONDICIONES FAVORABLES DE SEGURIDAD, TRANSPARENCIA Y RENTABILIDAD.
RECAUDACIONES PROVENIENTES DE APORTES OBRERO PATRONAL QUE AUMENTAN EN PROMEDIO ANUAL POR ENCIMA DEL 10%.
RENTABILIDAD DE LOS ACTIVOS FINANCIEROS Y (...)",3318848207856
27-ENTIDADES FINANCIERAS OFICIALES,03-CRÉDITO AGRÍCOLA DE HABILITACIÓN,1- EFICIENTE ASIGNACIÓN DE LOS RECURSOS ADMINISTRATIVOS DE LA INSTITUCIÓN.,3080173667208
12-PODER EJECUTIVO,01-PRESIDENCIA DE LA REPÚBLICA,4- LA COORDINACIÓN INTERINSTITUCIONAL ADMINISTRATIVA Y FINANCIERA A LOS PROGRAMAS Y PROYECTOS EJECUTADOS POR LA SAS.,2997973366488
12-PODER EJECUTIVO,04-MINISTERIO DE RELACIONES EXTERIORES,"3- - NEGOCIACIONES INTERNACIONALES Y REGIONALES EFECTUADAS.
- COOPERACIONES INTERNACIONALES CONCRETADAS.
- COORDINACIÓN DE POLÍTICAS NEGOCIADAS E IMPLEMENTADAS.
- PROMOCIÓN DE LOS PRODUCTOS NACIONALES EN EL EXTERIOR REALIZADAS.
- PROMOCIÓN DE LOS ATRACTIVO (...)",2909602482768
12-PODER EJECUTIVO,10-MINISTERIO DE AGRICULTURA Y GANADERÍA,"1- - REALIZACIÓN Y PRESENTACIÓN DEL ANTEPROYECTO DE PRESUPUESTO EN TIEMPO Y FORMA
- GESTIONES ADMINISTRATIVAS INTERNAS Y EXTERNAS REALIZADAS CON EFICIENCIA
- TRÁMITES ADMINISTRATIVOS SIMPLIFICADOS Y AGILIZADOS
- RECURSOS HUMANOS CAPACITADOS SEGÚN RECURSOS  (...)",2781266972940
24-ENTIDADES PÚBLICAS DE SEGURIDAD SOCIAL,04-CAJA DE JUBILACIONES Y PENSIONES DE EMPL. DE BANCOS Y AFINES,1- *,2773776297840
13-PODER JUDICIAL,01-CORTE SUPREMA DE JUSTICIA,"1- - REDUCCIÓN DEL TIEMPO DE GESTIÓN Y TRAMITES ADMINISTRATIVOS.
- REDUCCIÓN DEL TIEMPO DE PROCESAMIENTO DE PAGO DE LAS OBLIGACIONES CONTRAIDAS.
- MEJORA EN LA CALIDAD Y OPORTUNIDAD EN LA EMISIÓN DE LA INFORMACIÓN.
- SUMINISTRAR BIENES DE CONSUMO Y MUEBLES (...)",2715908603628
12-PODER EJECUTIVO,08-MINISTERIO DE SALUD PÚBLICA Y BIENESTAR SOCIAL,"1- - ESTRATEGIAS DE LA POLÍTICA DE SALUD APROBADAS Y REGLAMENTADAS.
- EJECUCIÓN DE LAS LÍNEAS DE ACCIÓN EN SALUD IMPULSADAS.
- DESARROLLO Y ADMINISTRACIÓN DE LOS RECURSOS HUMANOS EN SALUD REALIZADOS
- IMPACTO DE LA IMPLEMENTACIÓN DE LA POLÍTICA NACIONAL DE (...)",2702519097384
11-PODER LEGISLATIVO,03-CÁMARA DE DIPUTADOS,"1- -TIEMPO DE GESTIÓN Y TRÁMITES ADMINISTRATIVOS ESPERADOS.
-CALIDAD Y OPORTUNIDAD EN LA EMISIÓN DE LA INFORMACIÓN ESPERADA.",2690058745692
12-PODER EJECUTIVO,08-MINISTERIO DE SALUD PÚBLICA Y BIENESTAR SOCIAL,"4- -PREVENCIÓN, EDUCACIÓN E INVESTIGACIÓN, REALIZADA.
-CONSULTAS EFECTUADAS.
-INTERNACIONES EFECTIVAS.
-ASISTENCIA INICIAL EN CASOS DE URGENCIAS, EFECTUADAS.",2611988419728
12-PODER EJECUTIVO,03-MINISTERIO DEL INTERIOR,7- *,2485386379224
12-PODER EJECUTIVO,06-MINISTERIO DE HACIENDA,"1- RECAUDACIONES INCREMENTADAS EN EL AMBITO DE MEDIANOS, PEQUEÑOS Y GRANDES CONTRIBUYENTES 5%",2464508719176
12-PODER EJECUTIVO,01-PRESIDENCIA DE LA REPÚBLICA,1- *,2419306193976
12-PODER EJECUTIVO,07-MINISTERIO DE EDUCACIÓN Y CULTURA,14- - PERSONAS CAPACITADAS,2408708802468
13-PODER JUDICIAL,06-MINISTERIO DE LA DEFENSA PUBLICA,1- *,2395765165980
25-EMPRESAS PÚBLICAS,02-ADMINISTRACIÓN NACIONAL DE ELECTRICIDAD,1- CUMPLIMIENTO DE LAS OBLIGACIONES CONTRAIDAS POR LA ANDE POR CONTRATACION Y UTILIZACIÓN DE RECURSOS DE DIFERENTES ORGANISMOS FINANCIEROS.,2167277413404
12-PODER EJECUTIVO,05-MINISTERIO DE DEFENSA NACIONAL,"6- - REDUCCION DEL TIEMPO DE GESTION Y TRAMITES ADMINISTRATIVOS ESPERADOS.
- REDUCCION DEL TIEMPO DE PROCESAMIENTO DE PAGO DE LAS OBLIGACIONES CONTRAIDAS.
- MEJORA EN LA CALIDAD Y OPORTUNIDAD EN LA EMISION DE LA INFORMACION ESPERADAS.",2132371628100
12-PODER EJECUTIVO,09-MINISTERIO DE JUSTICIA Y TRABAJO,4- ASISTIR ADMINISTRATIVAMENTE A 14 PENITENCIARIAS DEL PAIS,2069779166304
23-ENTES AUTÓNOMOS Y AUTÁRQUICOS,10-COMISIÓN NACIONAL DE TELECOMUNICACIONES,1- -TRÁMITES ADMINISTRATIVOS REALIZADOS EN TIEMPO Y FORMA.,2066974887348
12-PODER EJECUTIVO,10-MINISTERIO DE AGRICULTURA Y GANADERÍA,6- *,1913175763860
12-PODER EJECUTIVO,08-MINISTERIO DE SALUD PÚBLICA Y BIENESTAR SOCIAL,"2- MEJORAR LAS CONDICIONES DE VIDA A COMUNIDADES INDIGENAS DOTANDO DE SISTEMAS DE AGUA POTABLE, LETRINAS SANITARIAS, SISTEMAS DE ALCANTARILLADO",1877380252344
12-PODER EJECUTIVO,06-MINISTERIO DE HACIENDA,11- -TIEMPO DE GESTIÓN DE LOS TRÁMITES ADMINISTRATIVOS PARA EL OTORGAMIENTO DE LAS INDEMNIZACIONES A VICTIMAS DE LA DICTADURA Y EX OBRERO DE ACEPAR Y CAJA BANCARIA PARA PAGO DE JUBILADOS,1869027797100
23-ENTES AUTÓNOMOS Y AUTÁRQUICOS,15-DIRECCION NACIONAL DE ADUANAS,"1- - INCREMENTAR LA RECAUDACIÓN FISCAL MEJORANDO LA APLICACIÓN DE LAS TÉCNICAS ADUANERAS.
",1733119702644
27-ENTIDADES FINANCIERAS OFICIALES,07-AGENCIA FINANCIERA DE DESARROLLO,4- PAGO OPORTUNO DE LA DEUDA,1674840000000
12-PODER EJECUTIVO,06-MINISTERIO DE HACIENDA,13- *,1664295850644
12-PODER EJECUTIVO,06-MINISTERIO DE HACIENDA,"1- INFORMACIONES CONFIABLES Y PRECISAS.
DISMINUCIÓN DE JUICIOS POR DEUDAS PRESCRIPTAS A CONTRIBUYENTES CUYAS POSIBILIDAD DE EFECTIVIZACIÓN SEAN NULAS.
CONCURSO DE MERITOS PARA ACCESO A PROMOCIONES O VACANCIAS.
PROVISIÓN DE INSUMOS EN TIEMPO Y FORMA.
PAGO A (...)",1598726468880
12-PODER EJECUTIVO,05-MINISTERIO DE DEFENSA NACIONAL,"5- -BUENA CAPACIDAD FISICA DE LA INFRAESTRUCTURA EDILICIA PARA EL DESARROLLO DE LA CONDUCCIÓN Y EL PLANEAMIENTO ESTRATEGICO DE LA FUERZA AEREA.
-NIVEL ACEPTABLE DE MANTENIMIENTO DE EQUIPOS INFORMATICOS Y DE COMUNICACIÓN",1598289007572
12-PODER EJECUTIVO,08-MINISTERIO DE SALUD PÚBLICA Y BIENESTAR SOCIAL,7- *,1597559880852
12-PODER EJECUTIVO,01-PRESIDENCIA DE LA REPÚBLICA,"6- 1- SITUACIONES DE EMERGENCIA NACIONAL Y DESASTRES PREVENIDOS, MITIGADOS Y REHABILITADOS.
2- 115 NIÑOS HUÉRFANOS DEL 1-A ASISTIDOS CON UNA MENSUALIDAD DE 105 U$S.
",1587130319148
11-PODER LEGISLATIVO,02-CÁMARA DE SENADORES,"1- -TIEMPO DE GESTIÓN Y TRÁMITES ADMINISTRATIVOS ESPERADOS
-CALIDAD Y OPORTUNIDAD EN LA EMISIÓN DE LA INFORMACIÓN ESPERADA",1565880292524
12-PODER EJECUTIVO,05-MINISTERIO DE DEFENSA NACIONAL,"2- * INCREMENTAR LOS NIVELES DE SEGURIDAD Y CUSTODIA DEL ESPACIO AÉREO NACIONAL DE MANERA EFICIENTE Y EFICAZ, A TRAVÉS DEL ADIESTRAMIENTO DE TRIPULACIONES AÉREAS, TÉCNICOS DE AERONAVES Y LA ADECUADA FORMACIÓN ESPECIALIZADA Y CAPACITACIÓN ACADÉMICA DEL PERS (...)",1497870167556
12-PODER EJECUTIVO,04-MINISTERIO DE RELACIONES EXTERIORES,"1- - NEGOCIACIONES NACIONALES E INTERNACIONALES REALIZADAS.
- PRESUPUESTO RACIONALIZADO.
- RECURSOS MATERIALES DISTRIBUIDOS OPORTUNAMENTE.
- RECURSOS HUMANOS DISTRIBUIDOS Y CONTROLADOS EFICIENTEMENTE.


",1488849333204
12-PODER EJECUTIVO,08-MINISTERIO DE SALUD PÚBLICA Y BIENESTAR SOCIAL,20- *,1463721024912
12-PODER EJECUTIVO,07-MINISTERIO DE EDUCACIÓN Y CULTURA,"11- MENOR NÚMERO DE INDÍGENAS MARGINADOS.

",1386194600952
13-PODER JUDICIAL,03-MINISTERIO PÚBLICO,"1- -INFORME DEL SISTEMA ORGANIZACIONAL IMPLEMENTADO
-INFORME DEL EQUIPO TECNICO SOBRE LA IMPLEMENTACIÓN DEL SISTEMA.
-INFORME DE GESTIÓN ADMINISTRATIVA Y FINANCIERA
-SISTEMA DE PLANIFICACIÓN Y DISTRIBUCIÓN DE RECURSOS IMPLEMENTADOS
-PROCESOS DEL MINISTERIO (...)",1384826971740
25-EMPRESAS PÚBLICAS,05-DIRECCIÓN NACIONAL DE AERONAÚTICA CIVIL,"2- EFICIENCIA, CALIDAD Y SEGURIDAD; EN LOS SERVICIOS PRESTADOS A LAS AERONAVES Y PASAJEROS, POR OPERACIONES REALIZ. EN TIERRA. CON PERSONAL CAPACITADO; INFRAESTRUCTURAS, INSTALACIONES, EQUIPOS, HERRAMIENTAS E INSUMOS EN OPTIMAS CONDICIONES Y ADECUADAS.",1331309718072
23-ENTES AUTÓNOMOS Y AUTÁRQUICOS,06-INSTITUTO PARAGUAYO DEL INDÍGENA,1- *,1305279778032
23-ENTES AUTÓNOMOS Y AUTÁRQUICOS,16-SERVICIO NACIONAL DE CALIDAD Y SALUD ANIMAL,"1- SON LAS ACCIONES INSTITUCIONALES REALIZADAS EN EL MARCO DE LA CALIDAD Y SALUD ANIMAL CON EL OBJETO DE MANTENER Y MEJORAR EL STATUS SANITARIO ANIMAL NACIONAL, VOLVER A SUS PRODUCTOS Y SUBPRODUCTOS MAS COMPETITIVOS GARANTIZANDO SU INOCUIDAD PARA EL CONSUM (...)",1285363302504
13-PODER JUDICIAL,03-MINISTERIO PÚBLICO,3- *,1243117625316
27-ENTIDADES FINANCIERAS OFICIALES,04-FONDO GANADERO,1- ASISTENCIA TÉCNICA Y FINANCIERA AL SECTOR PECUARIO NACIONAL.,1241737235508
24-ENTIDADES PÚBLICAS DE SEGURIDAD SOCIAL,05-CAJA DE JUBILACIONES Y PENSIONES DEL PERSONAL MUNICIPAL,1- *,1215010217676
12-PODER EJECUTIVO,05-MINISTERIO DE DEFENSA NACIONAL,9- - SATISFACER EN 100% LAS NECESIDADES BÁSICAS DE ALIMENTACIÓN Y SOL EL 40% DEL EQUIPAMIENTO EN UNIFORMES IMPRESCINDIBLES DEL PERSONAL MILITAR DE LAS DISTINTAS UNIDADES DEL EJERCITO Y UNIDADES DEL COMANDO DE LAS FFMM A LAS CUALES LA DISERINTE PROVEE.,1208123793984
12-PODER EJECUTIVO,06-MINISTERIO DE HACIENDA,"4- SISTEMA INFORMÁTICO DESARROLLADO (PRESUPUESTO)
CAPACITACIONES REALIZADAS (PRESUPUESTO)
REINGENIERÍA DEL SISTEMA (TESORO)
ENTIDADES INCORPORADAS AL SISTEMA (CONTABILIDAD)
SISTEMAS DE SEGUIMIENTO DE DEUDA Y CONTROL DE PROYECTOS IMPLEMENTADOS (CRÉDITO Y DE (...)",1178418834060
13-PODER JUDICIAL,01-CORTE SUPREMA DE JUSTICIA,"1- DENOMINACION         META         U.M.     INDICADOR       RESULTADO
1-EDIF.SAN LZO.-CONTR.FIRMADOS- 5.000M2- RECEP.SUSCRITAS- EDIF.FUNCI
2-PALAC.CONCEP.-70% O.CIVILES.- 5.100M2- CRONOG.EN PLAZO- EDIF.CONST
3-PALAC.PILAR.- 40% O.CIVILES.- 2.000M2- CRONO (...)",1136089821600
25-EMPRESAS PÚBLICAS,04-ADMINISTRACIÓN NACIONAL DE NAVEGACIÓN Y PUERTOS,"1- -TIEMPO EMPLEADO EN LA GESTIÓN ADMINISTRATIVA A USUARIOS DE LOS SERVICIOS.
-DESTINO ADECUADO DE LOS RECURSOS FINACIEROS PARA CUMPLIR CON LAS ACTIVIDADES PREVISTAS EN EL PROGRAMA.",1127867793648
12-PODER EJECUTIVO,08-MINISTERIO DE SALUD PÚBLICA Y BIENESTAR SOCIAL,2- EFICIENCIA DE TÉCNICAS EMPLEADAS PARA LA SUPERVISIÓN Y EVALUACIÓN DE LAS POLÍTICAS SANITARIAS.,1121929549704
23-ENTES AUTÓNOMOS Y AUTÁRQUICOS,10-COMISIÓN NACIONAL DE TELECOMUNICACIONES,1- *,1117457875440
12-PODER EJECUTIVO,13-MINISTERIO DE OBRAS PÚBLICAS Y COMUNICACIONES,1- SUBSIDIOS DE TRNASPORTE URBANO REALIZADO,1112397312420
23-ENTES AUTÓNOMOS Y AUTÁRQUICOS,24-DIRECCION NACIONAL DE CORREOS DEL PARAGUAY,1- *,1102559758572
12-PODER EJECUTIVO,06-MINISTERIO DE HACIENDA,10- -CUMPLIMIENTO DE DISPOSICIONES LEGALES PARA LA EFECTIVIZACIÓN DE LOS PAGOS.,1101586060572
13-PODER JUDICIAL,01-CORTE SUPREMA DE JUSTICIA,2- *,1093406082468
13-PODER JUDICIAL,01-CORTE SUPREMA DE JUSTICIA,1- *,1067981936868
22-GOBIERNOS DEPARTAMENTALES,11-GOBIERNO DEPARTAMENTAL DE CENTRAL,1- *,1065481822116
13-PODER JUDICIAL,01-CORTE SUPREMA DE JUSTICIA,21- *,1058868130356
13-PODER JUDICIAL,03-MINISTERIO PÚBLICO,5- *,1045752552804
23-ENTES AUTÓNOMOS Y AUTÁRQUICOS,03-INSTITUTO NACIONAL DE DESARROLLO RURAL Y DE LA TIERRA,3- PROGRAMA EMBLEMÁTICO. CONSOLIDACIÓN Y ARRAIGO DE LAS FAMILIAS RURALES Y EL POTENCIAMIENTO DEL BIENESTAR RURAL.,1033011443760
12-PODER EJECUTIVO,01-PRESIDENCIA DE LA REPÚBLICA,"23- AUMENTAR LOS BENEFICIOS Y EL MEJORAMIENTO EN SUS DESARROLLOS, CON ENFASIS EN EL INTERIOR DEL PAIS, DONDE VISIBLEMENTE SE DEBEN ADECUAR LOS ESCENARIOS. CON IMPLEMENTOS E INDUMENTARIAS, COMO DE RECURSOS HUMANOS QUE REDUNDEN EN MANTENER PARA SUS CORRECTAS (...)",1012452000000
24-ENTIDADES PÚBLICAS DE SEGURIDAD SOCIAL,03-CAJA DE JUBILACIONES Y PENSIONES DEL PERSONAL DE LA ANDE,"1- - TIEMPO DE GESTION Y TRAMITES ADMINISTRATIVOS.
- ACTUALIZACION PERMANENTE DEL MANUAL DE PROCEDIMIENTOS ADMINISTRATIVOS.
- CALIDAD Y OPORTUNIDAD EN LA EMISION DE LA INFORMACION.",997141046004
12-PODER EJECUTIVO,07-MINISTERIO DE EDUCACIÓN Y CULTURA,"2- - INFORMACIONES ESTADISTICA BRINDADA EN FORMA CONTINUA Y OPORTUNA. 
- MEJORAMIENTO DEL FUNCIONAMIENTO DE LAS DISTINTAS DEPENDENCIAS.
- FUNCIONARIOS CAPACITADOS.
",965904029520
12-PODER EJECUTIVO,13-MINISTERIO DE OBRAS PÚBLICAS Y COMUNICACIONES,"6- - OBRAS VIALES PLANIFICADAS, EJECUTADAS Y SUPERVISADAS.
- CONTRATOS DE CONCESIÓN SUPERVISADOS Y ADMINISTRADOS.
- ESTUDIOS DE FACTIBILIDAD TÉCNICO ECONÓMICO PARA LA IMPLANTACIÓN DE CONCESIONES VIALES LOGRADOS.
- SUELDOS Y OTRAS COMPENSACIONES AL PERSONAL (...)",941266648068
11-PODER LEGISLATIVO,01-CONGRESO NACIONAL,"1- UN INDICADOR CUALITATIVO RESULTA DIFICIL DE ESTABLECER EN ESTAS CIRCUNSTANCIAS, SIN EMBARGO LA VALORACIÓN DEL TRABAJO EN MATERIA DE ADMINISTRACIÓN Y COORDINACIÓN GENERAL ES LA ORGANIZACIÓN Y FUNCIONAMIENTO DE LAS INSTALACIONES DEL CONGRESO EN CONDICIONE (...)",934054520136
22-GOBIERNOS DEPARTAMENTALES,10-GOBIERNO DEPARTAMENTAL DE ALTO PARANÁ,1- *,928524532944
12-PODER EJECUTIVO,05-MINISTERIO DE DEFENSA NACIONAL,1- FUNCIONAMIENTO OPERATIVO,877055990772
12-PODER EJECUTIVO,13-MINISTERIO DE OBRAS PÚBLICAS Y COMUNICACIONES,"1- - ACTIVIDADES DEL GABINETE COORDINADAS.
- DICTAMENES, SUMARIOS ADMINISTRATIVOS Y ASESORAMIENTO JURIDICO, LOGRADOS.
- AUDITORÍAS LOGRADAS.
- SERVICIO DE APOYO DOCUMENTAL A LAS GESTIONES DEL MOPC, LOGRADOS.
- SOPORTE PROTOCOLAR, COMUNICACIONES Y PUBLICITA (...)",873509092920
13-PODER JUDICIAL,03-MINISTERIO PÚBLICO,"1- FISCALIAS PENALES 
VELAR POR EL RESPETO DE LOS DERECHOS Y GARANTIAS CONSTITUCIONALES.
PROMOVER LA ACCION PARA DEFENDER EL PATRIMONIO PUBLICO Y SOCIAL DEL MADIO AMBIENTE Y DE LOS OTROS INTERESES DIFUSOS Y DE LOS DERECHOS DE LOS PUEBLOS INDIGENAS.
EJERCER (...)",850663085664
12-PODER EJECUTIVO,05-MINISTERIO DE DEFENSA NACIONAL,"10- - INTEGRIDAD TERRITORIAL Y DEFENSA DE AUTORIDADES LEGITIMAMENTE CONSTITUIDAS, ASEGURADAS.
",849592038708
22-GOBIERNOS DEPARTAMENTALES,07-GOBIERNO DEPARTAMENTAL DE ITAPUA,7- *,843678262224
12-PODER EJECUTIVO,07-MINISTERIO DE EDUCACIÓN Y CULTURA,"19- -INSTITUCIONES BENEFICIADAS, AULAS CONSTRUIDAS, AULAS EQUIPADAS.",830957534496
12-PODER EJECUTIVO,09-MINISTERIO DE JUSTICIA Y TRABAJO,8- HABILITACIÓN DE 4933 CURSOS Y 91352 MATRÍCULAS,808266938604
14-CONTRALORÍA GENERAL DE LA REPÚBLICA,01-CONTRALORÍA GENERAL DE LA REPÚBLICA,"1- CONSISTE EN REALIZAR LA DIRECCIÓN, COORDINACIÓN Y CONTROL DE LAS TAREAS DE NATURALEZA ADMINISTRATIVA Y FINANCIERA, ADEMÁS DE LA PLANIFICACIÓN, ASISTENCIA, ASESORAMIENTO TÉCNICO, JURÍDICO Y DE CALIDAD A LAS UNIDADES ORGANIZACIONALES Y DE CONDUCCIÓN SUPER (...)",800567476056
25-EMPRESAS PÚBLICAS,05-DIRECCIÓN NACIONAL DE AERONAÚTICA CIVIL,"1- -CONTROLES INTERNOS IMPLEMENTADOS.
-TIEMPO EMPLEADO EN GESTIÓN Y TRÁMITES ADMINISTRATIVOS.",765201206256
28-UNIVERSIDADES NACIONALES,01-UNIVERSIDAD NACIONAL DE ASUNCIÓN,"5- -FORMAR PROFESIONALES EN CONTADURIA PUBLICA, ECONOMIA Y ADMINISTRACION. 
-REALIZAR TRABAJOS DE INVESTIGACION EN EL AREA DE LAS CIENCIAS ECONOMICAS. 
-PRESTAR SERVICIOS DE ASISTENCIA TECNICA Y CAPACITACION PROFESIONAL. -REALIZAR DE CURSOS DE POSGRADO EN  (...)",760775442192
25-EMPRESAS PÚBLICAS,07-INDUSTRIA NACIONAL DEL CEMENTO,"1- LOS PRINCIPALES INDICADORES DEL PROGRAMA DE ADMINISTRACIÓN PARA EL AÑO 2012 SON:
- PROCEDIMIENTOS ADMINISTRATIVOS MEJORADOS.
- PROGRAMAS DE PROMOCIÓN Y ASISTENCIA TÉCNICA.
- POTENCIAR NUEVOS MERCADOS PARA EL USO DEL CEMENTO EN OBRAS NO TRADICIONALES.",760704544212
13-PODER JUDICIAL,01-CORTE SUPREMA DE JUSTICIA,13- *,760044388932
12-PODER EJECUTIVO,01-PRESIDENCIA DE LA REPÚBLICA,30- *,752559294120
28-UNIVERSIDADES NACIONALES,01-UNIVERSIDAD NACIONAL DE ASUNCIÓN,1- EFECTIVIDAD EN LA GESTION ADMINISTRATIVA,741333208116
12-PODER EJECUTIVO,05-MINISTERIO DE DEFENSA NACIONAL,3- *,740096114916
12-PODER EJECUTIVO,01-PRESIDENCIA DE LA REPÚBLICA,5- SNPPI INSTALADO Y FORTALECIDO. FORTALECIMIENTO DEL CAPITAL SOCIAL.,732544427580
23-ENTES AUTÓNOMOS Y AUTÁRQUICOS,03-INSTITUTO NACIONAL DE DESARROLLO RURAL Y DE LA TIERRA,1- GESTIÓN ADMINISTRATIVA EFICIENTE A FIN DE COADYUVAR AL CUMPLIMIENTO DE FINES INSTITUCIONALES,732492829704
28-UNIVERSIDADES NACIONALES,01-UNIVERSIDAD NACIONAL DE ASUNCIÓN,9- -FORMAR PROFESIONALES EN CIENCIAS VETERINARIAS. REALIZAR TRABAJOS DE INVESTIGACION EN EL AREA PECUARIA. PRESTAR SERVICIOS DE ASISTENCIA TECNICA Y CAPACITACION PROFESIONAL.PRESTAR SERVICIOS DE ASISTENCIA MEDICA-HOSPITALARIA.PRESTAR SERVICIOS LABORATORIAL (...),732140437980
12-PODER EJECUTIVO,03-MINISTERIO DEL INTERIOR,6- *,724549449060
23-ENTES AUTÓNOMOS Y AUTÁRQUICOS,18-SERVICIO NACIONAL DE CALIDAD Y SANIDAD VEGETAL Y DE SEMILLAS,"1- TENIENDO EN CUENTA QUE EL SENAVE SE ENCUENTRA EN PROCESO DE CRESIMIENTO INSTITUCIONAL SOBRE LA BASE DEL CONSTANTE AUMENTO DE LA DEMANDA DE SERVICIOS POR PARTE DE LOS USUARIOS , RELACIONADOS A LA PRODUCCION Y AL COMERCIO AGRICOLA, SE REQUIERE MEJORAR , P (...)",721265754576
12-PODER EJECUTIVO,13-MINISTERIO DE OBRAS PÚBLICAS Y COMUNICACIONES,"2- - GESTIÓN ADMINISTRATIVA, PRESUPUESTARIA, FINANCIERA Y ECONÓMICAS,   LOGRADAS.
- RECAUDACIÓN DE RECURSOS PROPIOS Y PAGO DE OBLIGACIONES CONTRAIDAS,   LOGRADAS.
- PLANIFICACIÓN ECONÓMICA, PRESUPUESTARIA Y FINANCIERA, LOGRADAS.
- ADMINISTRACIÓN DE ADQUISI (...)",720429033000
28-UNIVERSIDADES NACIONALES,01-UNIVERSIDAD NACIONAL DE ASUNCIÓN,"13- -DESARROLLAR LOS CONTENIDOS CURRICULARES DEL PLAN DE ESTUDIOS, INVOLUCRANDO PARTICULARMENTE A LOS DOCENTES Y ALUMNOS, DE TAL FORMA A LOGRAR LA CALIDAD DE LA EDUCACION SUPERIOR, LA RENOVACIÓN DE LAS ENSEÑANZAS Y EL APRENDIZAJE PARA LA FORMACIÓN DE UN NU (...)",674667349320
12-PODER EJECUTIVO,11-MINISTERIO DE INDUSTRIA Y COMERCIO,"1- PROGRAMAS INTERNOS Y EXTERNOS COORDINADOS CON EL SECTOR PRIVADO.
RECURSOS HUMANOS Y FINANCIEROS ADMINISTRADOS EFICIENTEMENTE.
DICTÁMENES DE EVALUACIÓN DE PROYECTOS EFECTUADOS.
INFORMES FINANCIEROS Y CONTABLES EMITIDOS EN TIEMPO Y FORMA.
",654182428896
13-PODER JUDICIAL,03-MINISTERIO PÚBLICO,"12- PROYECTO DE INFRAESTRUCTURA
ESPACIOS FISICOS MINIMOS PARA EL CUMPLIMIENTO DE OBLIGACIONES CONSTITUCIONALES Y LEGALES.",648744447156
13-PODER JUDICIAL,01-CORTE SUPREMA DE JUSTICIA,12- *,642638919480
22-GOBIERNOS DEPARTAMENTALES,05-GOBIERNO DEPARTAMENTAL DE CAAGUAZÚ,1- *,634754800272
12-PODER EJECUTIVO,07-MINISTERIO DE EDUCACIÓN Y CULTURA,15- -ALUMNOS FORMADOS,608747053800
27-ENTIDADES FINANCIERAS OFICIALES,01-BANCO NACIONAL DE FOMENTO (BNF),"4- -CUMPLIMIENTO DE LAS OBLIGACIONES FINANCIERAS ASUMIDAS, EN TIEMPO Y FORMA",606706423716
12-PODER EJECUTIVO,06-MINISTERIO DE HACIENDA,20- *,600049549800
12-PODER EJECUTIVO,03-MINISTERIO DEL INTERIOR,"1- -IMPLEMENTACIÓN DE PLANES RELATIVOS A LA SEGURIDAD.
",597360866040
23-ENTES AUTÓNOMOS Y AUTÁRQUICOS,22-INSTITUTO PARAGUAYO DE TECNOLOGIA  AGRARIA,1- *,576489083112
28-UNIVERSIDADES NACIONALES,01-UNIVERSIDAD NACIONAL DE ASUNCIÓN,"3- -DOTACIÓN DE INSUMOS EN TIEMPO Y FORMA OPORTUNA.
-TIEMPO DE LOS TRAMITES ADMINISTRATIVOS.
-NIVEL DE RECAUDACIONES O DE MATRICULADOS.
",574491945732
22-GOBIERNOS DEPARTAMENTALES,12-GOBIERNO DEPARTAMENTAL DE ÑEEMBUCÚ,1- *,572403669216
12-PODER EJECUTIVO,03-MINISTERIO DEL INTERIOR,"3- -ASISTENCIA OTORGADA AL PERSONAL POLICIAL.
-ALIMENTOS Y VESTUARIOS ENTREGADOS.
-MEDIDAS DE CONTROL INTERNO Y EXTERNO IMPLEMENTADAS.


",556408716864
23-ENTES AUTÓNOMOS Y AUTÁRQUICOS,19-DIRECCIÓN NACIONAL DE CONTRATACIONES PÚBLICAS,1- *,545463016632
12-PODER EJECUTIVO,06-MINISTERIO DE HACIENDA,9- -BENEFICIAR A FAMILIAS  CON TARIFA DIFERNCIADA.,541350280980
22-GOBIERNOS DEPARTAMENTALES,08-GOBIERNO DEPARTAMENTAL DE MISIONES,1- *,535877691852
12-PODER EJECUTIVO,01-PRESIDENCIA DE LA REPÚBLICA,"6- -PROGRAMAS CULTURALES DIFUNDIDOS.
-ENLACES INFORMATICOS INTERNACIONALES REALIZADOS.
-DIFUSION DE CAMPAÑAS DE VACUNACION REFERENTES A LA SALUD.
-DIFUSION DE PROGRAMAS DE INTERES GENERAL(FUNCION PUBLICA, FISCALIA, JUBILADOS Y CAMPESINADO)",528073010244
22-GOBIERNOS DEPARTAMENTALES,14-GOBIERNO DEPARTAMENTAL DE CANINDEYU,1- *,524806040880
12-PODER EJECUTIVO,01-PRESIDENCIA DE LA REPÚBLICA,5- *,524755881816
12-PODER EJECUTIVO,01-PRESIDENCIA DE LA REPÚBLICA,"10- DISMINUCIÓN SIGNIFICATIVA DE LA OFERTA Y DEMANDA DE DROGAS;  LA PRODUCCÓN, TRÁFICO Y CONSUMO DE DROGAS, ASI COMO LOS DELITOS CONEXOS
DISMINUCION DEL INDICE DE CONSUMO DE DROGAS EN ADOLESCENTES EN SITUACION DE RIESGO
AUMENTAR EL CONOCIMIENTO DE LA POBLA (...)",524203585032
28-UNIVERSIDADES NACIONALES,01-UNIVERSIDAD NACIONAL DE ASUNCIÓN,"4- -REGLAMENTACION ACADEMICA REVISADA Y APROBADA.
-SISTEMA DE MEJORAMIENTO CONTINUO DE CATEDRAS A TRAVES DE LA EVALUACION DEL DESEMPEÑO DOCENTE, IMPLEMENTADO.
-CAPACITACION PORFESIONAL EN DIDACTIVA Y EVALUACION, REALIZADOS.
-UNIDAD DE COORDINACION DE CAPAC (...)",521976669540
23-ENTES AUTÓNOMOS Y AUTÁRQUICOS,16-SERVICIO NACIONAL DE CALIDAD Y SALUD ANIMAL,"1- REPRESENTACIÓN OFICIAL DE LA INSTITUCIÓN Y DEL SECTOR PECUARIO EJERCIDA POR EL PRESIDENTE EN EVENTOS NACIONALES E INTERNACIONALES,  COORDINA Y GERENCIA LAS ACCIONES INSTITUCIONALES A OBJETO DE CUMPLIR CON SU MISIÓN
LA DIGEAF ES LA ENCARGAD DE LA ADMINIS (...)",519135407448
25-EMPRESAS PÚBLICAS,05-DIRECCIÓN NACIONAL DE AERONAÚTICA CIVIL,"1- - PERS. TECN. DE DIVERS. AEREAS DE LA DINAC. CAPAC. Y ACTUALIZADOS.
- VUELOS Y SOBREVUELOS SEG. Y EFIC. CON EQUIPOS RECUP.Y RENOV. CON RECURSOS HUMANOS CAPACITADOS.
- PRESTAR LOS SERV. REQUER. PARA SATISF. LAS NECES. DE LAS DISTINTAS ACTIV. DEPEND. DE L (...)",514505490384
12-PODER EJECUTIVO,03-MINISTERIO DEL INTERIOR,5- *,513919357668
28-UNIVERSIDADES NACIONALES,01-UNIVERSIDAD NACIONAL DE ASUNCIÓN,"2- - ATENCIÓN DE 10.300 ALUMNOS EN LOS CURSOS DE GRADO, CARRERAS DE DERECHO, NOTARIADO, CIENCIAS SOCIALES Y POLITICAS DE LA SEDE CENNTRAL Y LAS 9 FILIALES DEL INTERIOR DEL PAIS.
- ATENCION DE 2.100 ALUMNOS EN EL CURSO DE ADMISION, SEDE CENTRAL Y FILIALES.
 (...)",508914561564
28-UNIVERSIDADES NACIONALES,01-UNIVERSIDAD NACIONAL DE ASUNCIÓN,"10- * FORMACION DE INGENIEROS AGRONOMOS, INGENIEROS FORESTALES, INGENIEROS EN ECOLOGIA HUMANA, INGENIEROS AMBIENTALES Y LICENCIADOS EN ADMINISTRACION AGROPECUARIA",505340791212
12-PODER EJECUTIVO,09-MINISTERIO DE JUSTICIA Y TRABAJO,"1- -REDUCCIÓN DEL TIEMPO DE GESTIÓN Y TRÁMITES ADMINISTRATIVOS ESPERADOS.
-REDUCCIÓN DEL TIEMPO DE PROCESAMIENTO DE PAGO DE LAS OBLIGACIONES CONTRAÍDAS.
-MEJORA EN LA CALIDAD DE DECISIONES A NIVEL GERENCIAL IMPARTIDAS.
-MAYOR CREDIBILIDAD Y CONFIANZA DE LO (...)",502466556672
11-PODER LEGISLATIVO,01-CONGRESO NACIONAL,3- *,497758306152
13-PODER JUDICIAL,02-JUSTICIA ELECTORAL,1- RESOLVER LOS CONFLICTOS.,490783078380
22-GOBIERNOS DEPARTAMENTALES,09-GOBIERNO DEPARTAMENTAL DE PARAGUARÍ,1- *,480434061276
12-PODER EJECUTIVO,07-MINISTERIO DE EDUCACIÓN Y CULTURA,22- *,479988772776
12-PODER EJECUTIVO,05-MINISTERIO DE DEFENSA NACIONAL,16- *,475789373148
11-PODER LEGISLATIVO,01-CONGRESO NACIONAL,"2- -ESTUDIOS Y PROYECTOS ELABORADOS. 
-POLITICAS LEGISLATIVAS DE INTEGRACIÓN IMPLEMENTADAS.
-REUNIONES REALIZADAS CON OTROS PAISES.",472950719220
28-UNIVERSIDADES NACIONALES,01-UNIVERSIDAD NACIONAL DE ASUNCIÓN,12- FORMACION DE PROFESIONALES ARQUITECTOS,468883914120
13-PODER JUDICIAL,01-CORTE SUPREMA DE JUSTICIA,3- *,462963255540
23-ENTES AUTÓNOMOS Y AUTÁRQUICOS,18-SERVICIO NACIONAL DE CALIDAD Y SANIDAD VEGETAL Y DE SEMILLAS,"1- CONSIDERANDO QUE EL PAIS SE ENCUENTRA EN PROCESO DE FORTALECIMIENTO DE LA ECONOMIA NACIONAL, Y ESTA A SU VES SE FUNDAMENTA EN LA PRODUCCION A GRICOLA QUE LLEVA CONSIGO EL AUMENTO DE LA DEMANDA DE SERVICIO BRINDADO POR EL SENAVE, POR LO QUE SE REQUIERE P (...)",462329006448
12-PODER EJECUTIVO,08-MINISTERIO DE SALUD PÚBLICA Y BIENESTAR SOCIAL,"5- -PERSONAS INFORMADAS, CAPACITADAS Y ATENDIDAS.
-PROMOCIONES, PREVENCIONES Y CONSULTAS REALIZADAS.",456647052072
12-PODER EJECUTIVO,05-MINISTERIO DE DEFENSA NACIONAL,"7- - REDUCCION DEL TIEMPO DE GESTION Y TRAMITES ADMINISTRATIVOS ESPERADOS.
- REDUCCION DEL TIEMPO DE PROCESAMIENTO DE PAGO DE LAS OBLIGACIONES CONTRAIDAS.
- MAYOR CREDIBILIDAD Y CONFIANZA DE LOS PROVEEDORES EN LOS PROCESOS DE ADQUISICIONES REALIZADAS.
- ME (...)",448444181880
12-PODER EJECUTIVO,03-MINISTERIO DEL INTERIOR,"2- -EFICAZ DISTRIBUCION DE LOS RECURSOS ADMINISTRATIVOS A LOS DISTINTOS CENTROS FINANCIEROS DE LA POLICIA NACIONAL.
- OPORTUNA Y EFICAZ GESTION ANTE EL MINISTERIO DE HACIENDA SOBRE LAS SOLICITUDES DE LA COMANDANCIA DE LA POLICIA NACIONAL",440536419984
13-PODER JUDICIAL,01-CORTE SUPREMA DE JUSTICIA,9- CASOS,437987623896
11-PODER LEGISLATIVO,01-CONGRESO NACIONAL,2- *,437700000000
22-GOBIERNOS DEPARTAMENTALES,03-GOBIERNO DEPARTAMENTAL DE CORDILLERA,1- *,433457181252
12-PODER EJECUTIVO,06-MINISTERIO DE HACIENDA,4- *,431395315068
12-PODER EJECUTIVO,01-PRESIDENCIA DE LA REPÚBLICA,14- *,430963126740
11-PODER LEGISLATIVO,01-CONGRESO NACIONAL,"11- COMO INDICADOR CUALITATIVO CONSTITUYE, LA DIFUSIÓN DE NUESTRA CULTURA, A TRAVÉS DE LAS DIFERENTES EXPOSICIONES, CONCURSOS LITERARIOS, FOTOGRAFICOS, ASÍ COMO EL VALORAR A LOS ARTISTAS NACIONALES Y RENDIR EL DEBIDO HOMENAJE MERECIDO, DANDO A CONOCER SUS  (...)",421504709604
23-ENTES AUTÓNOMOS Y AUTÁRQUICOS,20-INSTITUTO FORESTAL NACIONAL,"1- CONSISTE EN ADMINISTRAR EFICIENTEMENTE LOS RECURSOS CON QUE CUENTA LA INSTITUCIÓN CONFORME A LAS DISPOSICIONES LEGALES VIGENTES, A LOS EFECTOS DE AFIANZAR EL CUMPLIMIENTO DE LOS OBJETIVOS INSTITUCIONALES",417155191476
28-UNIVERSIDADES NACIONALES,01-UNIVERSIDAD NACIONAL DE ASUNCIÓN,"1- - 1 PRESTACIÓN DE SERVICIOS ACÁDEMICOS Y CIENTÍFICOS 64.027 SERVICIOS 12.629.025.560.
- 2 CURSOS DE ESPECIALIZACIÓN Y POSTGRADO 1.158 ALUMNOS 1.239.165.269.
- 3 EXTENSIÓN UNIVERSITARIA E INVESTIGACIÓN CIENTÍFICA 2 INVESTIGACIONES 224.783.996.
- 4 INCENT (...)",416768967780
12-PODER EJECUTIVO,03-MINISTERIO DEL INTERIOR,"3- REESTRUCTURAR, REORIENTAR Y REDEFINIR EL MARCO LEGAL DE LA POLITICA MIGRATORIA NACIONAL Y PROFESIONALIZAR A LOS RECURSOS HUMANOS DE LA DIRECCIÓN GENERAL DE MIGRACIONES.
CONTRIBUIR A LA SEGURIDAD Y AL DESARROLLO NACIONAL, PROMOVIENDO LA CORRIENTE POBLACI (...)",416364793200
14-CONTRALORÍA GENERAL DE LA REPÚBLICA,01-CONTRALORÍA GENERAL DE LA REPÚBLICA,1- CONSISTE EN REALIZAR ACTIVIDADES DE CONTROL A TODOS LOS ORGANISMOS Y ENTIDADES DEL ESTADO.,412615049580
12-PODER EJECUTIVO,10-MINISTERIO DE AGRICULTURA Y GANADERÍA,8- *,411717972408
12-PODER EJECUTIVO,13-MINISTERIO DE OBRAS PÚBLICAS Y COMUNICACIONES,"10- - CIRCULACIÓN VIAL VIGILADO.
- DOTACIÓN DE SEGURIDAD Y VIGILANCIA EN SERVICIOS ESPECIALES,   LOGRADOS.
- BASE DE DATOS DE CONSULTA, CONTROL Y REGISTRO DE ESTADÍSTICAS Y   OTRAS APLICACIONES LOGRADOS.
- FALTAS Y CONTRAVENCIONES COMETIDAS AL REGLAMENTO G (...)",409891924776
12-PODER EJECUTIVO,07-MINISTERIO DE EDUCACIÓN Y CULTURA,12- -DOCENTES FORMADOS,407313441216
23-ENTES AUTÓNOMOS Y AUTÁRQUICOS,04-DIRECCIÓN DE BENEFICENCIA Y AYUDA SOCIAL,"1- CONSISTE EN UN SERVICIO DE ATENCION INDIVIDUALIZADA REALIZADA POR EL DEPARTAMENTO DE SERVICIO SOCIAL INDIVIDUAL PARA LA PROVISION DE INSUMOS COMO MARCAPASOS, MATERIALES TRAUMATOLOGICOS, MEDICAMENTOS ONCOLOGICOS, VALVULAS, ETC, Y/O AYUDA ECONOMICA. TRANS (...)",400796425920
27-ENTIDADES FINANCIERAS OFICIALES,03-CRÉDITO AGRÍCOLA DE HABILITACIÓN,"4- -REDUCCIÓN DEL TIEMPO DE PROCESAMIENTO DE PAGO DE LAS OBLIGACIONES CONTRAÍDAS.
-MAYOR CREDIBILIDAD Y CONFIANZA DE LOS PROVEEDORES EN LOS PROCESOS DE ADQUISICIONES REALIZADAS.
",382168225020
12-PODER EJECUTIVO,09-MINISTERIO DE JUSTICIA Y TRABAJO,7- 711 CURSOS,378828588000
23-ENTES AUTÓNOMOS Y AUTÁRQUICOS,"01-INSTITUTO NACIONAL DE TECNOLOGÍA, NORMALIZACIÓN Y METROLOGIA","1- CONSISTE EN EL ESTUDIO, APROBACION Y DIFUSION DE LAS NORMAS TECNICAS. REALIZACION DEL CONTROL METROLOGICO POR PARTE DEL ESTADO DE LOS INSTRUMENTOS REGLAMENTADOS Y MEDIDAS, ASI COMO EN LOS SERVICIOS DE CALIBRACION DE INSTRUMENTOS DE MEDICION Y MEDIDAS. 
 (...)",372992816796
13-PODER JUDICIAL,01-CORTE SUPREMA DE JUSTICIA,4- *,372897307356
13-PODER JUDICIAL,03-MINISTERIO PÚBLICO,"11- CENTRO DE INVESTIGACION JUDICIAL
APLICACION INTEGRAL DE LOS ARTS. 63, 10 Y CONCORDANTES DE LA LEY 1562/00 ""LEY ORGANICA DEL MINISTERIO PUBLICO",
"APOYO EN EL CUMPLIMIENTO DEL ART. 73 DE LA LEY ORGANICA 1562/00""",369507415332,,
28-UNIVERSIDADES NACIONALES,02-UNIVERSIDAD NACIONAL DEL ESTE,"1- -INFORMACION OPORTUNA Y CONFIABLE.
-NUMERO DE TRAMITES Y GESTION ADMINISTRATIVA REALIZADA.
-CREDIBILIDAD Y CONFIANZA DE LOS PROVEEDORES.
-INFORMACIONES OPORTUNA Y DE CALIDAD.",363483854460
22-GOBIERNOS DEPARTAMENTALES,02-GOBIERNO DEPARTAMENTAL DE SAN PEDRO,2- *,361235389548
22-GOBIERNOS DEPARTAMENTALES,16-GOBIERNO DEPARTAMENTAL DE BOQUERON,17- *,359424909984
12-PODER EJECUTIVO,01-PRESIDENCIA DE LA REPÚBLICA,9- VIVIENDAS ENCUESTADAS,356911001256
13-PODER JUDICIAL,01-CORTE SUPREMA DE JUSTICIA,7- *,353416220064
12-PODER EJECUTIVO,09-MINISTERIO DE JUSTICIA Y TRABAJO,"2- - INSCRIPCIÒN Y EXPEDICIÓN DE CERTIFICADOS DE HECHOS VITALES (NACIMIENTOS, MATRIMONIOS, DEFUNCIONES)

",353153712108
28-UNIVERSIDADES NACIONALES,01-UNIVERSIDAD NACIONAL DE ASUNCIÓN,11- *,350268975840
12-PODER EJECUTIVO,01-PRESIDENCIA DE LA REPÚBLICA,"2- MEDIDAS DE SEGURIDAD APLICADAS Y REALIZADAS.
COORDINACIÓN PERMANENTE CON OTRAS ORGANIZACIONES DE SEGURIDAD REALIZADA.",343903732140
12-PODER EJECUTIVO,05-MINISTERIO DE DEFENSA NACIONAL,"1- -RECURSOS HUMANOS CAPACITADOS.
-REDUCCION DEL TIEMPO DE GESTION Y TRAMITES ADMINISTRATIVOS ESPERADOS.",337764781320
22-GOBIERNOS DEPARTAMENTALES,13-GOBIERNO DEPARTAMENTAL DE AMAMBAY,1- *,337557058476
12-PODER EJECUTIVO,09-MINISTERIO DE JUSTICIA Y TRABAJO,"9- INFRAESTRUCTURA PENITENCIARIA, MEJORADA",336000000000
12-PODER EJECUTIVO,08-MINISTERIO DE SALUD PÚBLICA Y BIENESTAR SOCIAL,8- FAMILIAS POBRES Y DE EXTREMA POBREZA ASISTIDAS.,335628876240
22-GOBIERNOS DEPARTAMENTALES,15-GOBIERNO DEPARTAMENTAL DE PRESIDENTE HAYES,15- *,323094494016
12-PODER EJECUTIVO,05-MINISTERIO DE DEFENSA NACIONAL,4- *,320697016800
28-UNIVERSIDADES NACIONALES,01-UNIVERSIDAD NACIONAL DE ASUNCIÓN,"2- - DOTACION DE INSUMOS Y EQUIPAMIENTOS ADECUADOS, EN TIEMPO Y FORMA.
- FUNCIONARIOS CAPACITADOS.
- TIEMPO DE TRAMITES ADMINISTRATIVOS Y ACADEMICOS.
- PORCENTAJE DE EJECUCION PRESUPUESTARIA.
- PORCENTAJE DE EJECUCION DE INGRESOS.",316629481752
12-PODER EJECUTIVO,01-PRESIDENCIA DE LA REPÚBLICA,"23- - DISCIPLINAS DEPORTIVAS FOMENTADAS
- 52 INSTITUCIONES DEPORTIVAS APOYADAS ECONOMICAMENTE
- PROFESIONALES CONTRATADOS PARA LA DIFUSIÓN Y CONCIENTIZACIÓN DEPORTIVA.",316163206584
12-PODER EJECUTIVO,06-MINISTERIO DE HACIENDA,7- *,314832200496
25-EMPRESAS PÚBLICAS,04-ADMINISTRACIÓN NACIONAL DE NAVEGACIÓN Y PUERTOS,1- CUANTITATIVO,312404372604
13-PODER JUDICIAL,05-JURADO DE ENJUICIAMIENTO DE MAGISTRADOS,1- *,301703869344
28-UNIVERSIDADES NACIONALES,01-UNIVERSIDAD NACIONAL DE ASUNCIÓN,"8- - 1 FORMACIÓN DE PROF. EN CIENICAS DE LAS HUMANIDADES - CASA CENTRAL 2.181.ALUMNOS G. 7.143.059.766.
- 1 FORMACIÓN DE PROFESIONALES EN LENGUAS 153 ALUMNOS G. 187.846.419.
- 1 FORMACIÓN DE PROFESIONALES EN TRABAJOS SOCIAL 173 ALUMNOS G. 183.294.854.
- 1  (...)",295042727784
13-PODER JUDICIAL,01-CORTE SUPREMA DE JUSTICIA,6- *,294111388152
13-PODER JUDICIAL,03-MINISTERIO PÚBLICO,2- *,286881207132
23-ENTES AUTÓNOMOS Y AUTÁRQUICOS,14-INSTITUTO NACIONAL DE COOPERATIVISMO,"1- -GESTIÓN Y TRÁMITES ADMINISTRATIVOS REALIZADOS
-BIENES DE CAPITAL ADQUIRIDOS
-RECURSOS FINANCIEROS APLICADOS 
-NORMAS Y DISPOSICIONES LEGALES VIGENTES DIFUNDIDAS",284013947496
23-ENTES AUTÓNOMOS Y AUTÁRQUICOS,11-DIRECCION NACIONAL DE TRANSPORTE,"1- -IMPLEMENTAR SISTEMA DE CONTROL EN LAS DISTINTAS DEPENDENCIAS RELACIONADAS A LA RECUDACIÒN A FIN DE MEJORAR LOS INGRESOS EN UN MÌNIMO DEL 10% Y EN UN MÀXIMO DEL 20%
-CAPACITAR AL 40% DE LOS FUNCIONARIOS TANTO EN ÀREA ADMINISTRATIVA COMO OPERATIVA.
-MEJO (...)",283298072460
28-UNIVERSIDADES NACIONALES,01-UNIVERSIDAD NACIONAL DE ASUNCIÓN,"14- -LA CAPACITACION DE RRHH CALIFICADOS EN ENFERMERIA Y OBSTETRICIA, DE NIVEL UNIVERSITARIO, PARA FORTALECER LOS SERVICIOS SOCIALES Y DE SALUD, REGIONALES Y NACIONALES.",280643956272
13-PODER JUDICIAL,01-CORTE SUPREMA DE JUSTICIA,5- *,278072654616
12-PODER EJECUTIVO,08-MINISTERIO DE SALUD PÚBLICA Y BIENESTAR SOCIAL,9- *,272334878124
12-PODER EJECUTIVO,07-MINISTERIO DE EDUCACIÓN Y CULTURA,24- *,271703060772
12-PODER EJECUTIVO,01-PRESIDENCIA DE LA REPÚBLICA,28- *,271436265420
12-PODER EJECUTIVO,09-MINISTERIO DE JUSTICIA Y TRABAJO,"6- - 45.000 PARTICIPACIONES EN FUNCION AL CUMPLIMIENTO DE LAS NORMAS LABORALES (MEDIACIÓN, CONCILIACIÓN Y ARBITRAJE, INSPECCIONES DE HIGIENE Y SEGURIDAD",270544461732
13-PODER JUDICIAL,03-MINISTERIO PÚBLICO,10- *,268517763600
28-UNIVERSIDADES NACIONALES,01-UNIVERSIDAD NACIONAL DE ASUNCIÓN,"13- - DOTAR A LAS DISTINTAS DEPENDENCIAS DE INSUMOS EN TIEMPO Y FORMA OPORTUNA.
- MAYOR EFICIENCIA EN  LOS TRAMITES ADMINISTRATIVOS.
- AUMENTO DE LAS RECAUDACIONES O CRECIMIENTO DE MATRICULADOS (EFICACIA)
- FUNCIONARIOS CAPACITADOS Y ENTRENADOS.
",267516919464
28-UNIVERSIDADES NACIONALES,01-UNIVERSIDAD NACIONAL DE ASUNCIÓN,4- EFECTIVIDAD EN LA GESTION ADMINISTRATIVA,266913726972
12-PODER EJECUTIVO,01-PRESIDENCIA DE LA REPÚBLICA,21- CANTIDAD DE COMUNIDADES Y SEGMENTOS CULTURALES DEL PARAGUAY,257574683736
22-GOBIERNOS DEPARTAMENTALES,17-GOBIERNO DEPARTAMENTAL DE ALTO PARAGUAY,1- *,248834186472
24-ENTIDADES PÚBLICAS DE SEGURIDAD SOCIAL,05-CAJA DE JUBILACIONES Y PENSIONES DEL PERSONAL MUNICIPAL,"1- REALIZAR UN TRABAJO CON ALTO GRADO DE PRODUCTIVIDAD Y EFICIENCIA, A TRAVES DE LA ADQUISICION DE BIENES DE CAPITAL Y CREDITOS PRESUPUESTARIOS ASIGNADOS A  GASTOS DE FUNCIONAMIENTO U OPERATIVOS",248157264840
22-GOBIERNOS DEPARTAMENTALES,06-GOBIERNO DEPARTAMENTAL DE CAAZAPÁ,2- *,240354990600
12-PODER EJECUTIVO,06-MINISTERIO DE HACIENDA,24- *,238268261556
13-PODER JUDICIAL,01-CORTE SUPREMA DE JUSTICIA,8- CASOS,237310500432
13-PODER JUDICIAL,01-CORTE SUPREMA DE JUSTICIA,15- *,236015556672
12-PODER EJECUTIVO,11-MINISTERIO DE INDUSTRIA Y COMERCIO,3- *,236011680984
12-PODER EJECUTIVO,01-PRESIDENCIA DE LA REPÚBLICA,"3- 17 DEPARTAMENTOS FORTALECIDOS
ONA FORTALECIDO
INTN FORTALECIDO
40 NORMAS PROMULGADAS
3 INSTITUCIONES FORTALECIDAS
",230674460880
12-PODER EJECUTIVO,03-MINISTERIO DEL INTERIOR,4- *,229885183284
12-PODER EJECUTIVO,11-MINISTERIO DE INDUSTRIA Y COMERCIO,"2- 1 - LOGRAR LA REVERSIÓN DE LA SITUACIÓN DE LA BALANZA COMERCIAL.
2 - DISMINUIR LA INFORMALIDAD EN EL COMERCIO DE SERVICIOS.
3 - ORDENAR Y REGLAMENTAR EL MERCADO DE COMBUSTIBLES DERIVADOS DEL PETRÓLEO.
4 - PROTEGER, REGULAR, DIFUNDIR LOS DERECHOS DEL CON (...)",227901317868
13-PODER JUDICIAL,01-CORTE SUPREMA DE JUSTICIA,11- *,226560840456
13-PODER JUDICIAL,01-CORTE SUPREMA DE JUSTICIA,14- *,225589835676
12-PODER EJECUTIVO,06-MINISTERIO DE HACIENDA,"2- ASESORAR Y RECOMENDAR CURSOS DE ACCIÒN, QUE PERMITA EL MEJORAMIENTO ESTRUCTURAL DEL PAIS.
ESTUDIAR LOS EFECTOS DE LAS MEDIDAS DE POLITICAS ECONOMICAS SOBRE LA ECONOMIA GENERAL Y LAS FINANZAS PUBLICAS DEL PAIS.
ELABORAR Y PROPONER ORIENTACIONES Y MEDIDAS (...)",223571967888
28-UNIVERSIDADES NACIONALES,01-UNIVERSIDAD NACIONAL DE ASUNCIÓN,"7- -FORMAR PROFESIONALES CAPACITADOS EN EL AREA DE LA BIOQUIMICA, FARMACIA, INGENIERIA QUIMICA, LIC. EN TECNOLOGIA DE ALIMENTOS, QUIMICA INDUSTRIAL, INGENIERIA DE ALIMENTOS  Y LIC. EN NUTRICION, DENTRO DEL MARCO DE LA MEJORA CONTINUA DE LA GESTIÓN ACADÉMIC (...)",223266510420
12-PODER EJECUTIVO,05-MINISTERIO DE DEFENSA NACIONAL,"4- - REDUCCION DEL TIEMPO DE GESTION Y TRAMITES ADMINISTRATIVOS ESPERADOS.
- REDUCCION DEL TIEMPO DE PROCESAMIENTO DE PAGO DE LAS OBLIGACIONES CONTRAIDAS.
- MEJORA EN LA CALIDAD Y OPORTUNIDAD EN LA EMISION DE LA INFORMACION ESPERADOS.",216187815600
22-GOBIERNOS DEPARTAMENTALES,01-GOBIERNO DEPARTAMENTAL DE CONCEPCION,1- *,209576638896
28-UNIVERSIDADES NACIONALES,06-UNIVERSIDAD NACIONAL DE VILLARRICA DEL ESPIRITU SANTO,1- *,204633008748
12-PODER EJECUTIVO,11-MINISTERIO DE INDUSTRIA Y COMERCIO,2- -CONSUMIDORES Y USUARIOS DENUNCIANTES QUE SE PRESENTAN A LA DIRECCIÓN GENERAL DE DEFENSA DEL CONSUMIDOR O A LOS MUNICIPIOS PARTICIPANTES MANIFIESTAN SU SATISFACCIÓN EN EL MANEJO DE SUS CASOS: 15000 -CONSUMIDORES ASIGNACIÓN PRESUPUESTARIA 2.300.-,202708475952
22-GOBIERNOS DEPARTAMENTALES,04-GOBIERNO DEPARTAMENTAL DE GUAIRÁ,"1- - APOYO A LA EDUCACION Y CULTURA
- APOYO AL SECTOR SALUD
- APOYO A LA MUJER, NIÑEZ Y ADOLESCENCIA
- APOYO A LA JUVENTUD",202596174528
28-UNIVERSIDADES NACIONALES,01-UNIVERSIDAD NACIONAL DE ASUNCIÓN,"10- * PROVISION DE BIENES DE CONSUMO E INSUMOS EN TIEMPO Y FORMA.
* CELERIDAD DE LOS TRAMITES ADMINISTRATIVOS.
* NUMERO DE ALUMNOS MATRICULADOS
* ALUMNOS INSCRIPTOS EN EL CURSO PROBATORIO DE INGRESO
",200131038612
13-PODER JUDICIAL,01-CORTE SUPREMA DE JUSTICIA,10- CASOS,198722725440
22-GOBIERNOS DEPARTAMENTALES,01-GOBIERNO DEPARTAMENTAL DE CONCEPCION,2- *,193102281132
12-PODER EJECUTIVO,11-MINISTERIO DE INDUSTRIA Y COMERCIO,"1- - IMPLEMENTAR LA POLITICA DE APOYO INDUSTRIAL Y CONCERTARLA CON   SECTORES PRODUCTIVOS.
- APOYAR AL CONSEJO DE INVERSIONES EN TODAS LAS DILIGENCIAS   NECESARIAS
- REALIZAR EL ACTA DE LAS REUNIONES DEL CONSEJO Y TRAMITAR ANTE LAS   INSTITUCIONES DEL ESTA (...)",188857920864
13-PODER JUDICIAL,01-CORTE SUPREMA DE JUSTICIA,16- *,186760101780
12-PODER EJECUTIVO,01-PRESIDENCIA DE LA REPÚBLICA,"3- -ASESORAMIENTOS INTEGRALES AL SECTOR PÚBLICO REALIZADOS.
-INTERVENCIONES ASISTIDAS AL DEPARTAMENTO DE DELITOS ECONOMICOS DE LA POLICIA NACIONAL.
-INTERVENIR EN CASOS DE DAÑO AL PATRIMONIO DEL ESTADO.",186089980800
23-ENTES AUTÓNOMOS Y AUTÁRQUICOS,18-SERVICIO NACIONAL DE CALIDAD Y SANIDAD VEGETAL Y DE SEMILLAS,2- ATENDIENDO LA VARIABILIDAD Y LA PRESENCIA DE FACTORES DE RIESGOS IMPREVISIBLES EN LA PRODUCCION AGRICOLA Y FUNDAMENTALMENTE EN EL AREA FITOSANITARIA Y DE SEMILLAS ES NECESARIA LA IMPLEMENTACION DE ACTIVIDADES QUE REQUIEREN UNA MAYOR INTENCIDAD DE EJECUC (...),183600000000
12-PODER EJECUTIVO,01-PRESIDENCIA DE LA REPÚBLICA,"16- 1)UNIDAD EJECUTORA Y ACTORES INVOLUCRADOS AL SISTEMA NACIONAL DE INNOVACION FORTALECIDOS EN GESTION TECNOLOGICA E INNOVACION.
2)PROYECTOS PILOTOS DE INNOVACION DE EMPRESAS E INVESTIGACION DE UNIVERSIDADES Y CENTROS DE INVESTIGACION SELECCIONADOS Y PARC (...)",182547596448
12-PODER EJECUTIVO,11-MINISTERIO DE INDUSTRIA Y COMERCIO,"1- - ASISTIR A LAS PEQUEÑAS Y MEDIANAS EMPRESAS (PYMES), 150 PYMES ASISTIDAS POR EL PROGRAMA.",180764322312
24-ENTIDADES PÚBLICAS DE SEGURIDAD SOCIAL,01-INSTITUTO DE PREVISIÓN SOCIAL,4- *,180000000000
12-PODER EJECUTIVO,01-PRESIDENCIA DE LA REPÚBLICA,27- *,179779100364
12-PODER EJECUTIVO,01-PRESIDENCIA DE LA REPÚBLICA,21- *,175003754532
25-EMPRESAS PÚBLICAS,05-DIRECCIÓN NACIONAL DE AERONAÚTICA CIVIL,3- *,174407305440
27-ENTIDADES FINANCIERAS OFICIALES,03-CRÉDITO AGRÍCOLA DE HABILITACIÓN,"1- -REDUCCIÓN DEL TIEMPO DE GESTIÓN Y TRÁMITES ADMINISTRATIVOS.
-REDUCCIÓN DEL TIEMPO DE PROCESAMIENTO DE PAGO DE LAS OBLIGACIONES CONTRAÍDAS.
-MEJORA EN LA CALIDAD DE LAS DECISIONES A NIVEL GERENCIAL IMPARTIDAS.
-MAYOR CREDIBILIDAD Y CONFIANZA DE LOS PROV (...)",173490034632
23-ENTES AUTÓNOMOS Y AUTÁRQUICOS,21-SECRETARÍA DEL AMBIENTE,1- *,172564941396
28-UNIVERSIDADES NACIONALES,02-UNIVERSIDAD NACIONAL DEL ESTE,"4- -FORMAR PROFESIONALES EN EL AREA DE LAS CIENCIAS ECONOMICAS.
-CAPACITAR Y  ACTUALIZAR A FUNCIONARIOS, PROFESORES Y EGRESADOS.
",170293229328
12-PODER EJECUTIVO,05-MINISTERIO DE DEFENSA NACIONAL,"8- - ASISTENCIA MEDICA AL PERSONAL MILITAR Y CIVIL QUE CONCURRAN A LA INSTITUCION.
- AUMENTAR EL NUMERO DEL PERSONAL DISPONIBLE EN LAS DISTINTAS CATEGORIAS (MEDICOS, PARAMEDICOS E IDONEOS).
- MEJORAR EL EQUIPAMIENTO DE SUS INSTALACIONES, DE SUERTE A ELEVAR (...)",170224586760
22-GOBIERNOS DEPARTAMENTALES,04-GOBIERNO DEPARTAMENTAL DE GUAIRÁ,"2- - APOYO AL SECTOR PRODUCTIVO
- APOYO AL MEDIO AMBIENTE Y RECURSOS NATURALES
- APOYO AL SECTOR DE OBRAS PÚBLICAS",167328647100
27-ENTIDADES FINANCIERAS OFICIALES,07-AGENCIA FINANCIERA DE DESARROLLO,"1- - GESTIÓN ADMINISTRATIVA EJECUTIVA COORDINADA Y EJECUTADA.
- TIEMPO DE GESTIÓN Y TRAMITES ADMINISTRATIVOS ESPERADOS.
- CALIDAD Y OPORTUNIDAD EN LA EMISIÓN DE LA INFORMACIÓN ESPERADAS.",166823878200
12-PODER EJECUTIVO,01-PRESIDENCIA DE LA REPÚBLICA,"12- ACOMPAÑAMIENTO Y APOYO EN EL PROCESO DE RETORNO DEFINITIVO AL PAIS, DEL CONNANCIONAL TENDIENTE A LA REINSERCION POSITIVA AL ENTORNO SOCIO ECONOMICO, IMPLEMENTADO Y LOGRADO.",165833965992
12-PODER EJECUTIVO,07-MINISTERIO DE EDUCACIÓN Y CULTURA,16- - ALUMNOS FORMADOS EN EL AREA MUSICAL Y ARTISTICA,163211241372
22-GOBIERNOS DEPARTAMENTALES,06-GOBIERNO DEPARTAMENTAL DE CAAZAPÁ,3- *,161014512936
13-PODER JUDICIAL,04-CONSEJO DE LA MAGISTRATURA,"1- -EDICTOS PUBLICADOS.
-CANDIDATOS EN TERNAS SELECCIONADAS.
-LLAMADOS A CONCURSO.
-INFRAESTRUCTURA EDILICIA E INFORMATICA MEJORADA.",160875482508
12-PODER EJECUTIVO,01-PRESIDENCIA DE LA REPÚBLICA,25- *,156862916952
28-UNIVERSIDADES NACIONALES,02-UNIVERSIDAD NACIONAL DEL ESTE,"2- - PROFESIONALES FORMADOS EN EL ÁREA TÉCNICA
",155929727244
28-UNIVERSIDADES NACIONALES,03-UNIVERSIDAD NACIONAL DE PILAR,"1- * ACTUALIZACION DE LA ORGANIZACION, FUNCIONES Y PROCEDIMIENTOS ADMINISTRATIVOS.
*IMPLEMENTACION DE SISTEMA DE PLANIFICACION CONTINUA
* NUMERO DE CURSOS DE CAPACITACION DIRIGIDOS A FUNCIONARIOS.
* CANTIDAD DE FUNCIONARIOS CAPACITADOS.
* IMPLEMENTACION DE (...)",154953815544
12-PODER EJECUTIVO,07-MINISTERIO DE EDUCACIÓN Y CULTURA,13- - DOCENTES PROFESIONALIZADOS,151790058312
13-PODER JUDICIAL,04-CONSEJO DE LA MAGISTRATURA,1- -MEJORAR LA ADMINISTRACIÓN DE JUSTICIA A TRAVES DE LA ESPECIALIZACIÓN DE ABOGADOS.,149093996136
27-ENTIDADES FINANCIERAS OFICIALES,04-FONDO GANADERO,1- -CUMPLIMIENTO DE LOS PLAZOS EN LAS AMORTIZACIONES Y PAGO DE INTERESES DE LAS OBLIGACIONES ASUMIDAS POR EL FONDO GANADERO.,146952736872
12-PODER EJECUTIVO,04-MINISTERIO DE RELACIONES EXTERIORES,"1- - PERSONAL DIPLOMÁTICO Y CONSULAR CAPACITADO.
- PERSONAL ADMINISTRATIVO, TÉCNICO Y GENERAL CAPACITADO.
- HITOS CONTROLADOS Y KILÓMETROS DEMARCADOS.
- DOCUMENTOS REGISTRADOS.

",146396990520
28-UNIVERSIDADES NACIONALES,01-UNIVERSIDAD NACIONAL DE ASUNCIÓN,"5- -DOTACIÓN DE INSUMOS EN TIEMPO Y FORMA OPORTUNA.
-TIEMPO DE LOS TRAMITES ADMINISTRATIVOS.
-RECAUDACIONES O CRECIMIENTO DE MATRICULADOS.
",146259143160
23-ENTES AUTÓNOMOS Y AUTÁRQUICOS,17-INSTITUTO PARAGUAYO DE ARTESANIA,1- APOYO DE LOS LINEAMIENTOS ESTABLECIDOS POR EL INSTITUTO PARAGUAYO DE ARTESANÍA PARA EL DESARROLLO DE LAS ACTIVIDADES A FAVOR DE LA ARTESANÍA.,145275021672
13-PODER JUDICIAL,01-CORTE SUPREMA DE JUSTICIA,17- *,142177494744
12-PODER EJECUTIVO,01-PRESIDENCIA DE LA REPÚBLICA,4- *,141600000000
12-PODER EJECUTIVO,14-MINISTERIO DE LA MUJER,1- *,141353965764
28-UNIVERSIDADES NACIONALES,01-UNIVERSIDAD NACIONAL DE ASUNCIÓN,"11- -EFICIENCIA EN LA ADMINISTRACION DE LOS RECURSOS HUMANOS Y FINANCIEROS.
-POLITICAS, PLANES Y ACTIVIDADES ESTABLECIDAS POR LA INSTITUCION.
",140626680588
12-PODER EJECUTIVO,08-MINISTERIO DE SALUD PÚBLICA Y BIENESTAR SOCIAL,21- *,139788641436
12-PODER EJECUTIVO,05-MINISTERIO DE DEFENSA NACIONAL,"2- - EFICIENCIA EN LA ADMINISTRACION DE LOS RECURSOS MATERIALES Y FINANCIEROS Y LA REDUCCION DEL TIEMPO DE GESTION Y TRAMITES ADMINISTRATIVOS, LOGRADOS.
- PRODUCCION OPORTUNA Y CALIDAD EN LA EMISION DE LA INFORMACION, MOJORADOS.
- UTILES E INSUMOS DE OFICI (...)",139244512572
13-PODER JUDICIAL,01-CORTE SUPREMA DE JUSTICIA,18- *,138740617176
28-UNIVERSIDADES NACIONALES,01-UNIVERSIDAD NACIONAL DE ASUNCIÓN,"8- -DOTACIÓN DE INSUMOS EN TIEMPO Y FORMA OPORTUNA.
-TIEMPO DE LOS TRAMITES ADMINISTRATIVOS.
-NIVEL DE RECAUDACIONES POR LA VARIACION EN LA CANTIDAD DE MATRICULADOS.
",136923045336
25-EMPRESAS PÚBLICAS,07-INDUSTRIA NACIONAL DEL CEMENTO,"1- LOS PRINCIPALES INDICADORES DE ESTE PROGRAMA DEL SERVICIO DE LA DEUDA PARA EL AÑO 2011 SON:
1. CREAR LAS CONDICIONES NECESARIAS EN CUANTO A RECURSOS FINANCIEROS SER REFIERE, A FIN DE HONRAR LA TOTALIDAD DE LOS COMPROMISOS FINANCIEROS CON RECURSOS PROPIO (...)",135758700000
23-ENTES AUTÓNOMOS Y AUTÁRQUICOS,15-DIRECCION NACIONAL DE ADUANAS,1- *,134726688156
28-UNIVERSIDADES NACIONALES,04-UNIVERSIDAD NACIONAL DE ITAPÚA,"1- -TIEMPO DE GESTIÓN Y TRAMITES ADMINISTRATIVOS.
-TIEMPO DE PROCESAMIENTO DE PAGO DE LAS OBLIGACIONES CONTRAIDAS.
-CALIDAD DE LAS DECISIONES A NIVEL GERENCIAL IMPARTIDAS.
-CREDIBILIDAD Y CONFIANZA DE LOS PROVEEDORES EN LOS PROCESOS DE ADQUISICIONES REALIZ (...)",134031405396
12-PODER EJECUTIVO,07-MINISTERIO DE EDUCACIÓN Y CULTURA,18- *,133051794780
28-UNIVERSIDADES NACIONALES,01-UNIVERSIDAD NACIONAL DE ASUNCIÓN,20- FINANCIA EL 100% DE LOS GASTOS DEL PROGRAMA,133046933700
28-UNIVERSIDADES NACIONALES,07-UNIVERSIDAD NACIONAL DE CAAGUAZU,5- *,132718737108
28-UNIVERSIDADES NACIONALES,01-UNIVERSIDAD NACIONAL DE ASUNCIÓN,"6- - ATENCION A 600 ALUMNOS APROXIMADAMENTE (DE PRE-GRADO, GRADO Y POST GRADO) DURANTE EL EJERCICIO FISCAL 2005.
- 35.000 SERVICIOS ODONTOLOGICOS REALIZADOS DURANTE EL EJERCICIO FISCAL 2005 APROXIMADAMENTE.",132213639468
12-PODER EJECUTIVO,08-MINISTERIO DE SALUD PÚBLICA Y BIENESTAR SOCIAL,10- *,130403016060
28-UNIVERSIDADES NACIONALES,02-UNIVERSIDAD NACIONAL DEL ESTE,"3- -LOGRAR LA FORMACION INTEGRAL DE LOS DISTINTOS PROFESIONALES EN LAS DISTINTAS CARRERAS EXISTENTES COMO SER (CIENCIAS DE LA EDUCACION, PSICOLOGIA, CIENCIAS DE LA COMUNICACION, FILOSOFIA, HISTORIA Y MATEMATICAS)
-DOTAR A LA INSTITUCION DE EQUIPOS DE COMUN (...)",130112920176
22-GOBIERNOS DEPARTAMENTALES,16-GOBIERNO DEPARTAMENTAL DE BOQUERON,"17- -REDUCCIÓN DEL TIEMPO DE GESTION Y TRAMITES ADMINISTRATIVOS ESPERADOS.
-MEJORA EN LA CALIDAD DE LAS DECISIONES A NIVEL GERENCIAL IMPARTIDAS.
-MAYOR CREDIBILIDAD Y CONFIANZA DE LOS PROVEEDORES EN LOS PROCESOS DE ADQUISICIONES REALIZADAS.
-MEJORA EN LA C (...)",127700564964
12-PODER EJECUTIVO,14-MINISTERIO DE LA MUJER,10- *,126672310800
15-DEFENSORÍA DEL PUEBLO,01-DEFENSORÍA DEL PUEBLO,1- *,126600047208
23-ENTES AUTÓNOMOS Y AUTÁRQUICOS,"01-INSTITUTO NACIONAL DE TECNOLOGÍA, NORMALIZACIÓN Y METROLOGIA","1- CONSISTE EN REALIZAR ACCIONES DE APOYO A LA DIRECCIÓN GENERAL, Y  A LOS ORGANISMO TECNICOS, CONTROL Y CUMPLIMIENTO DE TODAS LAS DISPOSICIONES LEGALES, ASÍ COMO LA ADMINISTRACIÓN DE LOS RECURSOS HUMANOS Y FINANCIEROS DEL INTN, CONFORME A LAS LEGISLACIONE (...)",125847289008
13-PODER JUDICIAL,01-CORTE SUPREMA DE JUSTICIA,4- PORCENTAJE.,125362558584
12-PODER EJECUTIVO,01-PRESIDENCIA DE LA REPÚBLICA,"7- SISPLAN INSTALADO Y EN FUNCIONAMIENTO.
PLANES, PROGRAMAS Y PROYECTOS ORIENTADOS.
TALLERES DE CAPACITACION REALIZADAS.",124338380808
23-ENTES AUTÓNOMOS Y AUTÁRQUICOS,04-DIRECCIÓN DE BENEFICENCIA Y AYUDA SOCIAL,"1- EL AREA ADMINISTRATIVA-FINANCIERA, AGILIZA LOS PROCESOS PARA LA OBTENCIÓN DE LOS RECURSOS, ASIGNA Y ADMINISTRA LOS FONDOS EFICIENTEMENTE, POR MEDIO DE LAS DIVISIONES DE PRESUPUESTO, CONTABILIDAD, RENDICIÓN DE CUENTAS, TESORERÍA, ADQUISICIONES Y SERVICIO (...)",123959455896
24-ENTIDADES PÚBLICAS DE SEGURIDAD SOCIAL,02-CAJA DE SEGURIDAD SOCIAL DE EMPLEADOS Y OBREROS FERROVIARIOS,1- *,122697503232
21-BANCA CENTRAL DEL ESTADO,01-BANCO CENTRAL DEL PARAGUAY,1- - HONRAR LA GARANTIA DE DEPOSITOS.,120000000000
28-UNIVERSIDADES NACIONALES,01-UNIVERSIDAD NACIONAL DE ASUNCIÓN,"6- -EFICIENCIA EN LA ADMINISTRACION DE LOS RECURSOS Y APOYO A LAS ACTIVIDADES RELACIONADAS CON LA FORMACION DE LOS ESTUDIANTES DE PREGRADO, GRADO Y POSTGRADO.
-DOTACION DE INSUMOS EN TIEMPO Y FORMA.
-OPTIMIZACION EN EL TIEMPO DE LOS TRAMITES ADMINISTRATIVO (...)",119178051048
28-UNIVERSIDADES NACIONALES,01-UNIVERSIDAD NACIONAL DE ASUNCIÓN,"12- * EJECUCIÓN PRESUPUESTARIA EFICIENTE Y TRANSPARENTE QUE PERMITA EL LOGRO DE LOS OBJETIVOS INSTITUCIONALES.
* REDUCCIÓN DEL TIEMPO DE LOS TRAMITES ADMINISTRATIVOS.
* DOTACIÓN DE INSUMOS EN TIEMPO Y FORMA OPORTUNA.
* FUNCIONARIOS CAPACITADOS.",119039551212
28-UNIVERSIDADES NACIONALES,02-UNIVERSIDAD NACIONAL DEL ESTE,5- *,118244984676
12-PODER EJECUTIVO,06-MINISTERIO DE HACIENDA,21- *,117522899448
22-GOBIERNOS DEPARTAMENTALES,17-GOBIERNO DEPARTAMENTAL DE ALTO PARAGUAY,"1- -REDUCCIÓN DEL TIEMPO DE GESTION Y TRAMITES ADMINISTRATIVOS ESPERADOS.
-MEJORA EN LA CALIDAD DE LAS DECISIONES A NIVEL GERENCIAL IMPARTIDAS.
-MAYOR CREDIBILIDAD Y CONFIANZA DE LOS PROVEEDORES EN LOS PROCESOS DE ADQUISICIONES REALIZADAS.
-MEJORA EN LA CA (...)",116491876068
12-PODER EJECUTIVO,05-MINISTERIO DE DEFENSA NACIONAL,"14- - CONSTRUCCIÓN, MANTENIMIENTO Y REPARACIÓN DE CAMINOS (PROMEDIO 220 KM) - 60 %.
- ENSAYOS LABORATORIALES (40 UNIDADES).
- PERFORACIÓN DE POZOS ARTESIANOS (12 UNIDADES, PROFUNDIDAD MEDIA 130 M) - 60 %.
- MANTENIMIENTO Y REPARACION DE LAS INSTALACIONES ( (...)",116330345472
12-PODER EJECUTIVO,09-MINISTERIO DE JUSTICIA Y TRABAJO,"3- GUARDA, ALBERGUE,  MANUNTENCION Y ASISTENCIA DE MENORES",114244844004
12-PODER EJECUTIVO,02-VICEPRESIDENCIA DE LA REPÚBLICA,"12- -REDUCCIÓN DEL TIEMPO DE GESTIÓN Y TRÁMITES ADMINISTRATIVOS ESPERADOS.
-MEJORA EN LA CALIDAD DE LAS DECISIONES A NIVEL GERENCIAL IMPARTIDAS
-MEJORA EN LA CALIDAD Y OPORTUNIDAD EN LA EMISIÓN DE INFORMACIÓN ESPERADA.",110629546320
28-UNIVERSIDADES NACIONALES,02-UNIVERSIDAD NACIONAL DEL ESTE,6- ALUMNOS FORMADOS EN DERECHO Y CIENCIAS SOCIALES,110303612052
23-ENTES AUTÓNOMOS Y AUTÁRQUICOS,11-DIRECCION NACIONAL DE TRANSPORTE,1- CUANTITATIVO,107874182856
12-PODER EJECUTIVO,03-MINISTERIO DEL INTERIOR,1- *,107851832784
28-UNIVERSIDADES NACIONALES,01-UNIVERSIDAD NACIONAL DE ASUNCIÓN,3- *,107760000000
12-PODER EJECUTIVO,13-MINISTERIO DE OBRAS PÚBLICAS Y COMUNICACIONES,"3- - ACTIVIDADES SOSTENIDAS DE EXPLOTACIÓN, PROSPERACIÓN Y EXPLOTACIÓN   MINERA E HIDROCARBUROS (INCLUYENDO LOS RECURSOS HÍDRICOS) LOGRADOS. 
- USO DE LOS RECURSOS ENERGÉTICOS CONTROLADOS.
- PROYECTOS DE GAS NATURAL PROMOCIONADOS Y DESARROLLADOS PARA SU    (...)",107606600796
28-UNIVERSIDADES NACIONALES,03-UNIVERSIDAD NACIONAL DE PILAR,6- -FORMACIÓN DE PROFESIONALES,106887664596
12-PODER EJECUTIVO,14-MINISTERIO DE LA MUJER,2- *,104680451328
28-UNIVERSIDADES NACIONALES,02-UNIVERSIDAD NACIONAL DEL ESTE,7- TOTAL DE ALUMNOS EGRESADOS/TOTAL DE ALUMNOS FORMADOS,104378759052
22-GOBIERNOS DEPARTAMENTALES,11-GOBIERNO DEPARTAMENTAL DE CENTRAL,"1- -REDUCCIÓN DEL TIEMPO DE GESTION Y TRAMITES ADMINISTRATIVOS ESPERADOS.
-MEJORA EN LA CALIDAD DE LAS DECISIONES A NIVEL GERENCIAL IMPARTIDAS.
-MAYOR CREDIBILIDAD Y CONFIANZA DE LOS PROVEEDORES EN LOS PROCESOS DE ADQUISICIONES REALIZADAS.
-MEJORA EN LA CA (...)",104259992676
28-UNIVERSIDADES NACIONALES,03-UNIVERSIDAD NACIONAL DE PILAR,4- ACTUALIZACIÓN Y DESARROLLO DEL PLAN CURRICULAR EN UN 95 %,104231014092
28-UNIVERSIDADES NACIONALES,04-UNIVERSIDAD NACIONAL DE ITAPÚA,3- TOTAL DE ALUMNOS CAPACITADOS EN EL AREA DE SALUD POR AÑO.,103729826856
25-EMPRESAS PÚBLICAS,05-DIRECCIÓN NACIONAL DE AERONAÚTICA CIVIL,5- *,102164136360
28-UNIVERSIDADES NACIONALES,01-UNIVERSIDAD NACIONAL DE ASUNCIÓN,"9- -DOTACIÓN DE INSUMOS EN TIEMPO Y FORMA OPORTUNA.
-TIEMPO DE LOS TRAMITES ADMINISTRATIVOS.
-NIVEL DE LAS RECAUDACIONES.
",100616439540
12-PODER EJECUTIVO,01-PRESIDENCIA DE LA REPÚBLICA,"18- POLÍTICAS DE ESTADO, PLANES, PROGRAMAS Y PROYECTOS COMO INSTRUMENTOS Y ESTRATEGIAS DE DESARROLLO DE LA CIENCIA, LA TECNOLOGÍA, INNOVACIÓN Y CALIDAD, DISEÑADOS VALIDADOS Y EN PROCESO DE IMPLEMENTACIÓN EN CONCORDANCIA CON LOS PLANES NACIONALES DEL GOBIER (...)",100434675708
12-PODER EJECUTIVO,01-PRESIDENCIA DE LA REPÚBLICA,"8- FUNCIONARIOS CAPACITADOS EN AREAS ESPECIFICAS.
NORMAS TÉCNICAS REGLAMENTADAS.",100260793932
22-GOBIERNOS DEPARTAMENTALES,10-GOBIERNO DEPARTAMENTAL DE ALTO PARANÁ,"1- -REDUCCIÓN DEL TIEMPO DE GESTION Y TRAMITES ADMINISTRATIVOS ESPERADOS.
-MEJORA EN LA CALIDAD DE LAS DECISIONES A NIVEL GERENCIAL IMPARTIDAS.
-MAYOR CREDIBILIDAD Y CONFIANZA DE LOS PROVEEDORES EN LOS PROCESOS DE ADQUISICIONES REALIZADAS.
-MEJORA EN LA CA (...)",98917736748
23-ENTES AUTÓNOMOS Y AUTÁRQUICOS,20-INSTITUTO FORESTAL NACIONAL,2- FOMENTAR EL AUMENTO DE LOS RECURSOS FORESTALES A TRAVÉS DE LAS PLANTACIONES FORESTALES ESTABLECIDAS CON CRITERIOS E INDICADORES DE SOSTENIBILIDAD; PROMOCIONANDO E IMPLEMENTANDO NORMATIVAS GENERALES Y ESPECÍFICAS.,98863455480
12-PODER EJECUTIVO,01-PRESIDENCIA DE LA REPÚBLICA,"14- PLANES Y PROGRAMAS DE DESARROLLO TURISTICOS IMPLEMENTADOS,.
FERIAS Y EVENTOS TURISTICOS NACIONALES E INTERNACIONALES REALIZADOS",98618449980
28-UNIVERSIDADES NACIONALES,01-UNIVERSIDAD NACIONAL DE ASUNCIÓN,"7- -DOTACIÓN DE INSUMOS EN TIEMPO Y FORMA.
-TIEMPO DE LOS TRAMITES ADMINISTRATIVOS.
- NIVEL DE RECAUDACIONES POR VARIACION EN EL NIVEL DE MATRICULADOS Y  SERVICIOS PRESTADOS.
",98250480108
28-UNIVERSIDADES NACIONALES,01-UNIVERSIDAD NACIONAL DE ASUNCIÓN,"17- -PREPARAR A LOS JOVENES PARA SU ACCESO A LA EDUCACION SUPERIOR. -ORIENTARLOS HACIA UNA MADUREZ AFECTIVA Y MORAL ATRAVEZ DE LA PRACTICA CONSTANTE DE LOS VALORES ETICOS Y MORALES. 
-DESARROLLAR SU CAPACIDAD INTELECTUAL Y CRITICA ATRAVEZ DE CONOCIMIENTOS  (...)",97106886060
12-PODER EJECUTIVO,07-MINISTERIO DE EDUCACIÓN Y CULTURA,8- CARRERAS DE LA EDUCACIÓN SUPERIOR EVALUADAS Y ACREDITADAS A TRAVÉS DE MODELOS DEL MERCOSUR Y NACIONAL PARA GRADO Y POSGRADOS.,96316310052
28-UNIVERSIDADES NACIONALES,08-UNIVERSIDAD NACIONAL DE CANINDEYÚ,1- *,96168526752
12-PODER EJECUTIVO,05-MINISTERIO DE DEFENSA NACIONAL,7- - CUMPLIR EN FORMA EFICIENTE LA MISION ASIGNADA POR LA CONSTITUCION NACIONAL Y LAS LEYES.,96054519348
12-PODER EJECUTIVO,05-MINISTERIO DE DEFENSA NACIONAL,"15- - CONTROLAR, COORDINAR Y DIRIGIR LA APLICACIÓN DEL`PLAN ACADEMICO DE LOS INSTITUTOS MILITARES DEL EJERCITO.",95499116880
13-PODER JUDICIAL,03-MINISTERIO PÚBLICO,"4- CENTRO DE ADOPCIONES.
CONVENCION SOBRE LOS DERECHOS DE LOS NIÑOS. LEY 57/90 
CONVENCION DE LA HAYA EN MATERIA DE ADOPCION INTERNACIONAL 900/96.
LEY DE ADOPCIONES 1136/97.
CODIGO DE LA NIÑEZ Y LA ADOLESCENCIA.",93392803200
12-PODER EJECUTIVO,06-MINISTERIO DE HACIENDA,"1- LOS RESULTADOS DEL PROGRAMA SON: CONTRIBUIR A ELEVAR LA SEGURIDAD DE LOS TITULOS DE PROPIEDAD INMOBILIARIA, MEJORAR LA FORMACIÓN, ACTUALIZACIÓN Y MANTENIMIENTO CATASTRAL EN EL PAIS",92049873912
13-PODER JUDICIAL,03-MINISTERIO PÚBLICO,"6- CENTRO DE ENTRENAMIENTO
IMPLEMENTACION DE CURSOS Y SEMINARIOS DE CAPACITACION DE MAGISTRADOS Y FUNCIONARIOS DEL MINISTERIO PUBLICO PARA ESTABLECER UN REGIMEN DE ACTUALIZACION Y OPTIMIZACION DE RECURSOS HUMANOS SOBRE OBLIGACIONES QUE DEBEN CUMPLIRSE EN L (...)",91400862288
22-GOBIERNOS DEPARTAMENTALES,07-GOBIERNO DEPARTAMENTAL DE ITAPUA,"7- -REDUCCIÓN DEL TIEMPO DE GESTIÓN Y TRÁMITES ADMINISTRATIVOS ESPERADOS.
-MEJORA EN LA CALIDAD DE LAS DECISIONES A NIVEL GERENCIAL IMPARTIDAS.
-MAYOR CREDIBILIDAD Y CONFIANZA DE LOS PROVEEDORES EN LOS PROCESOS DE ADQUISICIONES REALIZADAS.
-MEJORA EN LA CA (...)",88345164120
12-PODER EJECUTIVO,01-PRESIDENCIA DE LA REPÚBLICA,31- *,87873466476
12-PODER EJECUTIVO,01-PRESIDENCIA DE LA REPÚBLICA,15- REDUCCION DE OPERACIONES ILICITAS REALIZADAS.,87137930400
12-PODER EJECUTIVO,10-MINISTERIO DE AGRICULTURA Y GANADERÍA,"4- - ACTIVIDADES DE COORDINACIÓN Y ADMINISTRACIÓN DE LOS PROYECTOS Y PROGRAMAS  REALIZADOS CON EFICIENCIA.
- INFORMES DE AVANCES DE PROYECTOS PRESENTADOS EN FORMA OPORTUNA.
",87013436196
23-ENTES AUTÓNOMOS Y AUTÁRQUICOS,21-SECRETARÍA DEL AMBIENTE,3- *,86063861172
23-ENTES AUTÓNOMOS Y AUTÁRQUICOS,21-SECRETARÍA DEL AMBIENTE,4- *,85426312896
23-ENTES AUTÓNOMOS Y AUTÁRQUICOS,08-FONDO NACIONAL DE LA CULTURA Y LAS ARTES,1- *,85273698768
28-UNIVERSIDADES NACIONALES,07-UNIVERSIDAD NACIONAL DE CAAGUAZU,1- CONTRIBUIR CON LA EDUCACIÓN UNIVERSITARIA EN LA FORMACIÓN DE RECURSOS HUMANOS CAPACES DE INTERACTUAR,84361075656
22-GOBIERNOS DEPARTAMENTALES,07-GOBIERNO DEPARTAMENTAL DE ITAPUA,2- *,81801732108
28-UNIVERSIDADES NACIONALES,04-UNIVERSIDAD NACIONAL DE ITAPÚA,5- TOTAL DE ALUMNOS FORMADOS EN LAS AREAS DE CIENCIAS SOCIALES Y CULTURA GUARANI POR AÑO.,81187479864
23-ENTES AUTÓNOMOS Y AUTÁRQUICOS,06-INSTITUTO PARAGUAYO DEL INDÍGENA,"1- - ORGANIGRAMA ACTUALIZADO 
- REGLAMENTO INTERNO APROBADO
- MANUAL DE FUNCIONES Y PROCEDIMIENTOS ELABORADO.
- FUNCIONARIOS CAPACITADOS.
",80914822920
22-GOBIERNOS DEPARTAMENTALES,04-GOBIERNO DEPARTAMENTAL DE GUAIRÁ,"4- - DAR CUMPLIMIENTO A LAS FUNCIONES ESTIPULADAS EN LA LEY 426/94
- APOYO LOGÍSTICO PARA EL PROGRAMA
- APORTE A CONSEJO DE GOBERNADORES",80098252452
28-UNIVERSIDADES NACIONALES,03-UNIVERSIDAD NACIONAL DE PILAR,8- *,79861117620
12-PODER EJECUTIVO,13-MINISTERIO DE OBRAS PÚBLICAS Y COMUNICACIONES,"7- - EDIFICIOS PÚBLICOS MEJORADOS, CONSERVADOS, MANTENIDOS, REPARADOS  Y   RESTAURADOS. 
- FUNCIONAMIENTO DE LAS DISTINTAS DEPENDENCIAS DE LA DIRECCIÓN DE   OBRAS PÚBLICAS (ARQUITECTURA, AGRIMENSURA Y GEODESIO, AVALÚO OFIC.,   ETC) LOGRADO.
- TESORO ARTÍST (...)",78465919752
12-PODER EJECUTIVO,01-PRESIDENCIA DE LA REPÚBLICA,"16- FORMULACION DE POLITICAS DE ESTADO, PLANES, PROGRAMAS Y PROYECTOS COMO INSTRUMENTOS Y ESTRATEGIAS DE DESARROLLO DE LA CIENCIA, LA TECNOLOGIA, INNOVACION Y CALIDAD DISEÑADOS, VALIDADOS Y EN PROCESO DE IMPLEMENTACIÓN EN CONCORDANCIA CON LOS PLANES NACION (...)",77206201932
28-UNIVERSIDADES NACIONALES,04-UNIVERSIDAD NACIONAL DE ITAPÚA,1- FORMACION DE ALUMNOS DE POSGRADO. CANTIDAD DE EGRESADOS POR AÑO.,77063370288
23-ENTES AUTÓNOMOS Y AUTÁRQUICOS,13-ENTE REGULADOR DE SERVICIOS SANITARIOS,"1- -REGLAMENTOS COMPLEMENTARIOS ELABORADOS.
-TABLA DE VALORES TARIFARIOS IMPLEMENTADOS.",76901660088
12-PODER EJECUTIVO,01-PRESIDENCIA DE LA REPÚBLICA,19- *,74538700104
12-PODER EJECUTIVO,08-MINISTERIO DE SALUD PÚBLICA Y BIENESTAR SOCIAL,17- 0,74071249008
12-PODER EJECUTIVO,05-MINISTERIO DE DEFENSA NACIONAL,"11- - UNIDADES, DESTACMENTOS Y PUESTOS MILITARES.
- CUSTODIAR LA FRONTERA TERRESTRE.
- PRESERVAR LA ECOLOGIA 
- DEFENDER A LAS AUTORIDADES LEGITIMAMENTE CONSTITUIDAS 
- INSTRUIR Y ENTRENAR A JOVENES EN EL SERVICIO MILITAR OBLIGATORIO.

",72679147632
22-GOBIERNOS DEPARTAMENTALES,13-GOBIERNO DEPARTAMENTAL DE AMAMBAY,"1- -REDUCCIÓN DEL TIEMPO DE GESTION Y TRAMITES ADMINISTRATIVOS ESPERADOS.
-MEJORA EN LA CALIDAD DE LAS DECISIONES A NIVEL GERENCIAL IMPARTIDAS.
-MAYOR CREDIBILIDAD Y CONFIANZA DE LOS PROVEEDORES EN LOS PROCESOS DE ADQUISICIONES REALIZADAS.
-MEJORA EN LA CA (...)",72471094476
11-PODER LEGISLATIVO,01-CONGRESO NACIONAL,"9- SESIONES ORDINARIAS Y EXTRAORDINARIAS REALIZADAS, HORAS TRABAJADAS, DICTÁMENES PRODUCIDOS.",72382330164
28-UNIVERSIDADES NACIONALES,05-UNIVERSIDAD NACIONAL DE CONCEPCIÓN,1- FORMACIÓN DE PROFESIONALES CON ALTO VALOR HUMANO Y ÉTICA PROFESIONAL.. ESPÍRITU CRÍTICO FRENTE AL CONOCIMIENTO. INCORPORACIÓN DE APORTES QUE LA CIENCIA Y LA TÉCNICA OFRECEN A LA PRÁCTICA.,72240863400
28-UNIVERSIDADES NACIONALES,05-UNIVERSIDAD NACIONAL DE CONCEPCIÓN,3- FORMACIÓN DE PROFESIONALES QUE ASUMAN EL COMPROMISO DE MANTENER LOS ALTOS VALORES HUMANOS Y LA ÉTICA PROFESIONAL EN EL MARCO DE SUS RESPONSABILIDADES LEGALES Y LA BÚSQUEDA CONSTANTE DEL BIEN COMÚN. ESTÉN ENTRENADOS PARA TRABAJAR EN EQUIPO E INTERDISCIPL (...),71797891092
28-UNIVERSIDADES NACIONALES,07-UNIVERSIDAD NACIONAL DE CAAGUAZU,2- *,71499402120
28-UNIVERSIDADES NACIONALES,04-UNIVERSIDAD NACIONAL DE ITAPÚA,"4- TOTAL DE ALUMNOS FORMADOS EN CIENCIAS ECONOMICAS, CONTABLES Y ADMINISTRATIVAS POR AÑO.",71343010560
13-PODER JUDICIAL,01-CORTE SUPREMA DE JUSTICIA,19- *,70274393964
28-UNIVERSIDADES NACIONALES,03-UNIVERSIDAD NACIONAL DE PILAR,2- -DESARROLLO DEL 100 % DEL PLAN CURRICULAR.,69644163060
28-UNIVERSIDADES NACIONALES,04-UNIVERSIDAD NACIONAL DE ITAPÚA,8- TOTAL DE ALUMNOS FORMADOS POR AÑO EN LAS CARRERAS DE CIENCIAS Y TECNOLOGIA.,68845490136
28-UNIVERSIDADES NACIONALES,05-UNIVERSIDAD NACIONAL DE CONCEPCIÓN,4- *,68630773800
12-PODER EJECUTIVO,01-PRESIDENCIA DE LA REPÚBLICA,7- GESTION DEL PODER EJECUTIVO AUDITADAS Y CONTROLADAS.,68485039116
22-GOBIERNOS DEPARTAMENTALES,03-GOBIERNO DEPARTAMENTAL DE CORDILLERA,"1- -REDUCCIÓN DEL TIEMPO DE GESTIÓN Y TRAMITES ADMINISTRATIVOS ESPERADOS.
-MEJORA EN LA CALIDAD DE LAS DECISIONES A NIVEL GERENCIAL IMPARTIDAS.
-MAYOR CREDIBILIDAD Y CONFIANZA DE LOS PROVEEDORES EN LOS PROCESOS DE ADQUISICIONES REALIZADAS.
-MEJORA EN LA CA (...)",67987677348
28-UNIVERSIDADES NACIONALES,05-UNIVERSIDAD NACIONAL DE CONCEPCIÓN,"1- CONOCER LA REALIDAD DE LA SALUD BUCO DENTAL DE SU COMUNIDAD. ASUMIR UNA CONDUCTA ÉTICA Y MORAL FRENTE AL PACIENTE, EL EQUIPO DE SALUD, LA COMUNIDAD, RESPETANDO LA DIGNIDAD Y PRIVACIDAD DE LAS PERSONAS. INTEPRETAR, INTERVENIER Y CONTRIBUIR, EN EL MARCO D (...)",67506878748
28-UNIVERSIDADES NACIONALES,05-UNIVERSIDAD NACIONAL DE CONCEPCIÓN,2- FORMACIÓN DE PROFESIONALES QUE ASUMAN EL COMPROMISO DE MANTENER LOS ALTOS VALORES HUMANOS Y LA ÉTICA PROFESIONAL EN EL MARCO DE SUS RESPONSABILIDADES LEGALES Y LA BÚSQUEDA CONSTANTE DEL BIEN COMÚN. ESTÉN ENTRENADOS PARA TRABAJAR EN EQUIPO E INTERDISCIPL (...),67078477308
28-UNIVERSIDADES NACIONALES,04-UNIVERSIDAD NACIONAL DE ITAPÚA,2- TOTAL DE ALUMNOS FORMADOS EN INGENIERIA POR AÑO.,66730828320
23-ENTES AUTÓNOMOS Y AUTÁRQUICOS,21-SECRETARÍA DEL AMBIENTE,2- *,65631855720
28-UNIVERSIDADES NACIONALES,01-UNIVERSIDAD NACIONAL DE ASUNCIÓN,"14- -EFICIENCIA EN LA ADMINISTRACION DE LOS RECURSOS HUMANOS, FINANCIEROS Y MATERIALES.
",65349840708
28-UNIVERSIDADES NACIONALES,03-UNIVERSIDAD NACIONAL DE PILAR,5- ACRECENTAR EN UN 20 % LA CAPTACION DE ALUMNOS EN LAS DISTINTAS CARRERAS DE LA FACULTAD.,65326772184
22-GOBIERNOS DEPARTAMENTALES,05-GOBIERNO DEPARTAMENTAL DE CAAGUAZÚ,"1- -REDUCCIÓN DEL TIEMPO DE GESTIÓN Y TRÁMITES ADMINISTRATIVOS ESPERADOS.
-MEJORA EN LA CALIDAD DE LAS DECISIONES A NIVEL GERENCIAL IMPARTIDAS.
-MAYOR CREDIBILIDAD Y CONFIANZA DE LOS PROVEEDORES EN LOS PROCESOS DE ADQUISICIONES REALIZADAS.
-MEJORA EN LA CA (...)",64775827776
25-EMPRESAS PÚBLICAS,05-DIRECCIÓN NACIONAL DE AERONAÚTICA CIVIL,4- *,62207118960
13-PODER JUDICIAL,01-CORTE SUPREMA DE JUSTICIA,22- *,62036915148
12-PODER EJECUTIVO,10-MINISTERIO DE AGRICULTURA Y GANADERÍA,9- *,61811422020
22-GOBIERNOS DEPARTAMENTALES,01-GOBIERNO DEPARTAMENTAL DE CONCEPCION,"1- -REDUCCIÓN DEL TIEMPO DE GESTIÓN Y TRÁMITES ADMINISTRATIVAS ESPERADOS.
-MEJORA EN LA CALIDAD DE LAS DECISIONES A NIVEL GERENCIAL IMPARTIDAS.
-MAYOR CREDIBILIDAD Y CONFIANZA DE LOS PROVEEDORES EN LOS PROCESOS DE ADQUISICIONES REALIZADAS.
-MEJORA EN LA CA (...)",60727956240
15-DEFENSORÍA DEL PUEBLO,02-COM. NAC. DE PREV. CONTRA LA TORTURA Y OTROS TRATOS O PENAS.,1- CANTIDAD DE CASOS ATENDIDOS,60000000000
22-GOBIERNOS DEPARTAMENTALES,15-GOBIERNO DEPARTAMENTAL DE PRESIDENTE HAYES,"15- -REDUCCIÓN DEL TIEMPO DE GESTION Y TRAMITES ADMINISTRATIVOS ESPERADOS.
-MEJORA EN LA CALIDAD DE LAS DECISIONES A NIVEL GERENCIAL IMPARTIDAS.
-MAYOR CREDIBILIDAD Y CONFIANZA DE LOS PROVEEDORES EN LOS PROCESOS DE ADQUISICIONES REALIZADAS.
-MEJORA EN LA C (...)",59197133748
12-PODER EJECUTIVO,13-MINISTERIO DE OBRAS PÚBLICAS Y COMUNICACIONES,"12- - PROCESOS ADMINISTRATIVOS COORDINADOS.
- INFORMES ADMINISTRATIVOS SUMINISTRADOS.
- ESTUDIOS Y PLANES DE CORTO, MEDIANO Y LARGO PLAZO, PARA EL   DESARROLLO INTEGRAL DEL TRANSPORTE NACIONAL E INTERNACIONAL   REALIZADOS
- PROYECTOS DE TRANSPORTE IDENTIFI (...)",58890721848
28-UNIVERSIDADES NACIONALES,01-UNIVERSIDAD NACIONAL DE ASUNCIÓN,"17- -EFICIENTE ADMINISTRACION DE LOS RECURSOS HUMANOS, MATERIALES Y FINANCIEROS DISPONIBLES.
-NIVEL DE COORDINACION, SUPERVISION Y APOYO A TODAS LAS ACTIVIDADES DE LAS DEPENDENCIAS QUE FORMAN PARTE DE LA ESTRUCTURA ORGANICA DEL COLEGIO.
-ALTERNATIVAS EMPLE (...)",58483782396
28-UNIVERSIDADES NACIONALES,07-UNIVERSIDAD NACIONAL DE CAAGUAZU,3- *,58082829540
28-UNIVERSIDADES NACIONALES,01-UNIVERSIDAD NACIONAL DE ASUNCIÓN,"20- -TIEMPO Y AGILIDAD DE LOS TRAMITES ADMINISTRATIVOS.
-DOTACION DE INSUMOS EN TIEMPO Y FORMA OPORTUNA.
-NIVELES DE EFICIENCIA ADMINISTRATIVA.",57892339668
28-UNIVERSIDADES NACIONALES,02-UNIVERSIDAD NACIONAL DEL ESTE,9- *,56738339532
13-PODER JUDICIAL,01-CORTE SUPREMA DE JUSTICIA,23- *,56151674316
23-ENTES AUTÓNOMOS Y AUTÁRQUICOS,14-INSTITUTO NACIONAL DE COOPERATIVISMO,1- *,55157079696
28-UNIVERSIDADES NACIONALES,03-UNIVERSIDAD NACIONAL DE PILAR,"3- -AMPLIAR LA CAPTACION DE ALUMNOS EN LA FACULTAD
-BRINDAR ASISTENCIA TECNICA AL DEPARTAMENTO.

",55096927356
28-UNIVERSIDADES NACIONALES,07-UNIVERSIDAD NACIONAL DE CAAGUAZU,4- *,55096505868
11-PODER LEGISLATIVO,01-CONGRESO NACIONAL,5- -ACTIVIDADES COORDINADAS Y REALIZADAS PARA LA DEFENSA AMBIENTAL,54875337132
13-PODER JUDICIAL,01-CORTE SUPREMA DE JUSTICIA,24- *,54611456808
11-PODER LEGISLATIVO,01-CONGRESO NACIONAL,15- *,53391401124
22-GOBIERNOS DEPARTAMENTALES,11-GOBIERNO DEPARTAMENTAL DE CENTRAL,"2- -REDUCCIÓN DEL TIEMPO DE GESTION Y TRAMITES ADMINISTRATIVOS ESPERADOS.
-MEJORA EN LA CALIDAD DE LAS DECISIONES A NIVEL GERENCIAL IMPARTIDAS.
-MAYOR CREDIBILIDAD Y CONFIANZA DE LOS PROVEEDORES EN LOS PROCESOS DE ADQUISICIONES REALIZADAS.
-MEJORA EN LA CA (...)",53353008960
27-ENTIDADES FINANCIERAS OFICIALES,01-BANCO NACIONAL DE FOMENTO (BNF),1- *,52593463800
22-GOBIERNOS DEPARTAMENTALES,08-GOBIERNO DEPARTAMENTAL DE MISIONES,"1- -REDUCCIÓN DEL TIEMPO DE GESTION Y TRAMITES ADMINISTRATIVOS ESPERADOS.
-MEJORA EN LA CALIDAD DE LAS DECISIONES A NIVEL GERENCIAL IMPARTIDAS.
-MAYOR CREDIBILIDAD Y CONFIANZA DE LOS PROVEEDORES EN LOS PROCESOS DE ADQUISICIONES REALIZADAS.
-MEJORA EN LA CA (...)",52588567980
28-UNIVERSIDADES NACIONALES,04-UNIVERSIDAD NACIONAL DE ITAPÚA,7- TOTAL DE ALUMNOS FORMADOS EN EL AREA DE LAS CIENCIAS AGROPECUARIAS POR AÑO.,52280159856
13-PODER JUDICIAL,01-CORTE SUPREMA DE JUSTICIA,2- INFORMATIZACION DE DATOS DE REGISTROS INMUEBLES DE TODO EL PAIS. CANTIDAD APROXIMADA 300.000,50438080080
28-UNIVERSIDADES NACIONALES,05-UNIVERSIDAD NACIONAL DE CONCEPCIÓN,5- *,50170109952
12-PODER EJECUTIVO,01-PRESIDENCIA DE LA REPÚBLICA,"28- DOS CENTROS COMUNITARIOS: 300 NIÑOS, NIÑAS Y ADOLESCENTES RECIBEN ATENCIÓN INTEGRAL Y PREVIENEN SU SALIDA A LA CALLE; EL 60% DE LAS MADRES RECIBEN ATENCION OPORTUNA EN SITUACIONES DE VIOLENCIA INTRAFAMILIAR.  DOS CENTROS DE ATENCION  PARA NIÑOS, NIÑAS  (...)",50071285056
22-GOBIERNOS DEPARTAMENTALES,02-GOBIERNO DEPARTAMENTAL DE SAN PEDRO,"1- -REDUCCIÓN DEL TIEMPO DE GESTIÓN Y TRÁMITES ADMINISTRATIVOS ESPERADOS.
-MEJORA EN LA CALIDAD DE LAS DECISIONES A NIVEL GERENCIAL IMPARTIDAS.
-MAYOR CREDIBILIDAD Y CONFIANZA DE LOS PROVEEDORES EN LOS PROCESOS DE ADQUISICIONES REALIZADAS.
-MEJORA EN LA CA (...)",49373771820
28-UNIVERSIDADES NACIONALES,07-UNIVERSIDAD NACIONAL DE CAAGUAZU,7- *,49358349216
23-ENTES AUTÓNOMOS Y AUTÁRQUICOS,09-COMISIÓN NACIONAL DE VALORES,"1- - SOCIEDADES EMISORAS DE OFERTA PÚBLICA, INSCRIPTAS: 69
- FIRMAS AUDITORAS (FÍSICAS Y JURÍDICAS): 51
- BOLSA DE VALORES: 1
- CASAS DE BOLSA: 7
- ADMINISTRADORA DE FONDOS: 1
",49290002256
22-GOBIERNOS DEPARTAMENTALES,06-GOBIERNO DEPARTAMENTAL DE CAAZAPÁ,"1- - DAR CUMPLIMIENTO A LAS FUNCIONES ESTIPULADAS EN LA LEY 346/94
- APOYO LOGÍSTICO PARA EL PROGRAMA",49186303008
22-GOBIERNOS DEPARTAMENTALES,09-GOBIERNO DEPARTAMENTAL DE PARAGUARÍ,"1- -REDUCCIÓN DEL TIEMPO DE GESTION Y TRAMITES ADMINISTRATIVOS ESPERADOS.
-MEJORA EN LA CALIDAD DE LAS DECISIONES A NIVEL GERENCIAL IMPARTIDAS.
-MAYOR CREDIBILIDAD Y CONFIANZA DE LOS PROVEEDORES EN LOS PROCESOS DE ADQUISICIONES REALIZADAS.
-MEJORA EN LA CA (...)",48055884636
13-PODER JUDICIAL,01-CORTE SUPREMA DE JUSTICIA,1- CUMPLIR ADECUADAMENTE CON LOS COMPROMISOS CONTRAIDOS CON ORGANISMOS FINANCIEROS INTERNACIONALES.,47268032400
22-GOBIERNOS DEPARTAMENTALES,12-GOBIERNO DEPARTAMENTAL DE ÑEEMBUCÚ,"1- -REDUCCIÓN DEL TIEMPO DE GESTION Y TRAMITES ADMINISTRATIVOS ESPERADOS.
-MEJORA EN LA CALIDAD DE LAS DECISIONES A NIVEL GERENCIAL IMPARTIDAS.
-MAYOR CREDIBILIDAD Y CONFIANZA DE LOS PROVEEDORES EN LOS PROCESOS DE ADQUISICIONES REALIZADAS.
-MEJORA EN LA CA (...)",46360471128
11-PODER LEGISLATIVO,01-CONGRESO NACIONAL,4- INFORMES,46292327748
23-ENTES AUTÓNOMOS Y AUTÁRQUICOS,12-SECRETARÍA DE TRANSPORTE ÁREA METROPOLITANA DE ASUNCION,"1- -TIEMPO DE GESTIÓN DE LOS TRAMITES ADMINISTRATIVOS.
-INFORMES Y ESTADOS FINANCIEROS MENSUALES TERMINADOS EN TIEMPO Y FORMA.",45008788020
28-UNIVERSIDADES NACIONALES,06-UNIVERSIDAD NACIONAL DE VILLARRICA DEL ESPIRITU SANTO,11- *,43859615268
12-PODER EJECUTIVO,05-MINISTERIO DE DEFENSA NACIONAL,6- - ALUMNOS CAPACITADOS,43811066016
28-UNIVERSIDADES NACIONALES,07-UNIVERSIDAD NACIONAL DE CAAGUAZU,8- *,43750278552
22-GOBIERNOS DEPARTAMENTALES,14-GOBIERNO DEPARTAMENTAL DE CANINDEYU,"1- -REDUCCIÓN DEL TIEMPO DE GESTION Y TRAMITES ADMINISTRATIVOS ESPERADOS.
-MEJORA EN LA CALIDAD DE LAS DECISIONES A NIVEL GERENCIAL IMPARTIDAS.
-MAYOR CREDIBILIDAD Y CONFIANZA DE LOS PROVEEDORES EN LOS PROCESOS DE ADQUISICIONES REALIZADAS.
-MEJORA EN LA CA (...)",42067731024
28-UNIVERSIDADES NACIONALES,07-UNIVERSIDAD NACIONAL DE CAAGUAZU,6- *,41676596460
27-ENTIDADES FINANCIERAS OFICIALES,03-CRÉDITO AGRÍCOLA DE HABILITACIÓN,3- *,41558934720
12-PODER EJECUTIVO,08-MINISTERIO DE SALUD PÚBLICA Y BIENESTAR SOCIAL,11- *,41293212648
12-PODER EJECUTIVO,13-MINISTERIO DE OBRAS PÚBLICAS Y COMUNICACIONES,"5- - CONSTRUCCIÓN DE RUTAS PLANIFICADAS, CON NUEVOS TRAZADOS EN LA   REGIÓN ORIENTAL Y OCCIDENTAL, TRATANDO DE INTEGRAR LOS CORREDORES   BIOCEANICOS Y CON NACIONES VECINAS EN EL AMBITO DEL MERCOSUR.
- RECAPADO DE RUTAS QUE CUMPLIERON SU VIDA ÚTIL PLANIFICA (...)",40671630528
12-PODER EJECUTIVO,13-MINISTERIO DE OBRAS PÚBLICAS Y COMUNICACIONES,"8- - PLANIFICACIÓN, PROGRAMACIÓN Y ELABORACIÓN DE PROYECTOS DE   CONSTRUCCIÓN Y MANTENIMIENTO DE CAMINOS VECINALES EN LA REPÚBLICA,   POR ADMINISTRACIÓN DIRECTA, POR TERCEROS Y A TRAVÉS DE LAS JUNTAS   VIALES REGIONALES, LOGRADOS.  
- CONVENIOS CON GOBIERN (...)",40121549820
28-UNIVERSIDADES NACIONALES,06-UNIVERSIDAD NACIONAL DE VILLARRICA DEL ESPIRITU SANTO,12- *,39977551320
12-PODER EJECUTIVO,06-MINISTERIO DE HACIENDA,22- *,39164237208
23-ENTES AUTÓNOMOS Y AUTÁRQUICOS,12-SECRETARÍA DE TRANSPORTE ÁREA METROPOLITANA DE ASUNCION,1- CUANTITATIVO,38225520624
28-UNIVERSIDADES NACIONALES,04-UNIVERSIDAD NACIONAL DE ITAPÚA,6- TOTAL DE ALUMNOS CAPACITADOS EN EL AREA DEL DERECHO POR AÑO.,38143911996
27-ENTIDADES FINANCIERAS OFICIALES,05-CAJA DE PRÉSTAMOS DEL MINISTERIO DE DEFENSA NACIONAL,"1- -TIEMPO DE GESTIÓN DE LOS TRÁMITES ADMINISTRATIVOS.
-INFORMACIONES EMITIDAS CONFIABLES Y PRECISAS.
",37835177256
12-PODER EJECUTIVO,01-PRESIDENCIA DE LA REPÚBLICA,11- *,37707977916
12-PODER EJECUTIVO,10-MINISTERIO DE AGRICULTURA Y GANADERÍA,5- *,37074149916
28-UNIVERSIDADES NACIONALES,02-UNIVERSIDAD NACIONAL DEL ESTE,8- *,36823015284
28-UNIVERSIDADES NACIONALES,06-UNIVERSIDAD NACIONAL DE VILLARRICA DEL ESPIRITU SANTO,9- *,36192415896
12-PODER EJECUTIVO,10-MINISTERIO DE AGRICULTURA Y GANADERÍA,"3- - MERCADOS DE LA CARNE MANTENIDOS E INCREMENTADOS
- REGISTROS PROFESIONALES EMITIDOS
- PROCESOS ADMINISTRATIVOS Y FINANCIEROS REALIZADOS
- DOCUMENTOS INTERNOS Y EXTERNOS ATENDIDOS Y DICTAMINADOS",35965558356
12-PODER EJECUTIVO,09-MINISTERIO DE JUSTICIA Y TRABAJO,7- INSCRIPCIONES,35730000000
12-PODER EJECUTIVO,08-MINISTERIO DE SALUD PÚBLICA Y BIENESTAR SOCIAL,16- FORTALECIMEINTO DE LA CAPACIDAD DE GESTION DE LOS RECURSOS HUMANOS EN EL CUMPLIMIENTO DE LAS FUNCIONES ESENCIALES DE SALUD PUBLICA.,35146519572
28-UNIVERSIDADES NACIONALES,06-UNIVERSIDAD NACIONAL DE VILLARRICA DEL ESPIRITU SANTO,5- *,35056845840
12-PODER EJECUTIVO,01-PRESIDENCIA DE LA REPÚBLICA,"12- DIRECTORIO GENERAL DE EMPRESAS INDUSTRIALES, COMERCIALES Y DE SERVICIO",33709974276
12-PODER EJECUTIVO,01-PRESIDENCIA DE LA REPÚBLICA,"17- NUMEROS DE DOCUMENTOS FORMALIZADOS, DEMANDA DE DATOS DOCUMENTADOS, OPTIMIZACION DEL SISTEMA ADMINISTRATIVO.",33709590612
12-PODER EJECUTIVO,07-MINISTERIO DE EDUCACIÓN Y CULTURA,13- *,32181181416
12-PODER EJECUTIVO,11-MINISTERIO DE INDUSTRIA Y COMERCIO,2- *,31951238868
15-DEFENSORÍA DEL PUEBLO,01-DEFENSORÍA DEL PUEBLO,2- *,31675392288
12-PODER EJECUTIVO,01-PRESIDENCIA DE LA REPÚBLICA,26- *,31600656492
13-PODER JUDICIAL,01-CORTE SUPREMA DE JUSTICIA,25- *,30992690592
12-PODER EJECUTIVO,07-MINISTERIO DE EDUCACIÓN Y CULTURA,"6- - REUNIONES Y SESIONES PERMANENTES.
- TIEMPO DE GESTIÓN ADMINISTRATIVA.
- ELABORACIÓN DE EJEMPLARES DE INFORME SOBRE LA SITUACIÓN DE LA EDUCACIÓN NACIONAL.
- ELABORACIÓN, IMPRESIÓN Y DIFUSIÓN DE EJEMPLARES SOBRE LA SITUACIÓN DE LA EDUCACIÓN UNIVERSITARI (...)",30546851808
12-PODER EJECUTIVO,10-MINISTERIO DE AGRICULTURA Y GANADERÍA,"2- - INSTRUMENTOS DE POLITICA AGRICOLA DIFERENCIADA APLICADOS EFICIENTEMENTE.
- FUNCIONARIOS ESPECIALIZADOS EN AREAS TECNICAS Y ADMINISTRATIVAS.
- ACTIVIDADES COMPATIBILIZADAS CON INSTITUCIONES DE SIMILAR AREA DE ACCION.

",29406362904
28-UNIVERSIDADES NACIONALES,06-UNIVERSIDAD NACIONAL DE VILLARRICA DEL ESPIRITU SANTO,7- *,28597032084
28-UNIVERSIDADES NACIONALES,06-UNIVERSIDAD NACIONAL DE VILLARRICA DEL ESPIRITU SANTO,4- SSSS,28465292328
28-UNIVERSIDADES NACIONALES,02-UNIVERSIDAD NACIONAL DEL ESTE,10- *,28410498324
12-PODER EJECUTIVO,10-MINISTERIO DE AGRICULTURA Y GANADERÍA,12- *,28211151384
12-PODER EJECUTIVO,06-MINISTERIO DE HACIENDA,18- *,28087702140
12-PODER EJECUTIVO,06-MINISTERIO DE HACIENDA,"12- -ESTUDIOS Y PROYECTOS ELABORADOS.
-ACTIVIDADES COORDINADAS Y REALIZADAS PARA LA DEFENZA AMBIENTAL.",28080000000
22-GOBIERNOS DEPARTAMENTALES,02-GOBIERNO DEPARTAMENTAL DE SAN PEDRO,"2- DICTAR ORDENANZAS, RESOLUCIONES Y PRESTAR ACUERDOS DEL DEPARTAMENTO.
",27319539600
25-EMPRESAS PÚBLICAS,05-DIRECCIÓN NACIONAL DE AERONAÚTICA CIVIL,"2- INSTRUMENTOS JURIDICOS INTERNACIONALES RELATIVOS AL TRANSPORTE AEREO RATIFICADO POR EL ESTADO PARAGUAYO.
INSTRUMENTOS DE RUTAS, DERECHOS DE TRAFICO Y FRECUENCIAS, PRODUCTOS DE NEGOCIACIONES EN LOS ACUERDOS BILATERALES Y PLURILATERALES DE TRANSPORTE AERE (...)",27050693856
14-CONTRALORÍA GENERAL DE LA REPÚBLICA,01-CONTRALORÍA GENERAL DE LA REPÚBLICA,2- *,26592600000
23-ENTES AUTÓNOMOS Y AUTÁRQUICOS,20-INSTITUTO FORESTAL NACIONAL,"4- CONSISTE EN LA INSTALACIÓN DE SISTEMAS ÁGILES Y TRANSPARENTES A NIVEL DEPARTAMENTAL A FIN DE CONTRIBUIR AL LOGRO DE UN DESARROLLO FORESTAL SOSTENIBLE, A TRAVÉS DE LA INSPECCIÓN FORESTAL, CONTROL DE TRANSPORTE DE PRODUCTOS Y SUBPRODUCTOS FORESTALES, FISC (...)",25931963868
28-UNIVERSIDADES NACIONALES,06-UNIVERSIDAD NACIONAL DE VILLARRICA DEL ESPIRITU SANTO,3- *,25255360956
28-UNIVERSIDADES NACIONALES,06-UNIVERSIDAD NACIONAL DE VILLARRICA DEL ESPIRITU SANTO,6- *,24839702076
12-PODER EJECUTIVO,06-MINISTERIO DE HACIENDA,14- *,24802450092
12-PODER EJECUTIVO,13-MINISTERIO DE OBRAS PÚBLICAS Y COMUNICACIONES,"4- - ARCHIVO Y BIBLIOTECA DE LA REPARTICIÓN SISTEMATIZADOS.
- SERVICIOS Y RELACIONES ENTRE LAS EMPRESAS NAVIERAS PRIVADAS Y LAS DEL ESTADO COORDINADAS.
- TASAS POR HABILITACIÓN, REGISTRACIÓN Y EMISIÓN DE CERTIFICADO PERCIBIDAS
- PREPARACIÓN DEL PERSONAL MA (...)",24771666420
11-PODER LEGISLATIVO,01-CONGRESO NACIONAL,1- *,24374547000
28-UNIVERSIDADES NACIONALES,01-UNIVERSIDAD NACIONAL DE ASUNCIÓN,20- *,24217920000
28-UNIVERSIDADES NACIONALES,08-UNIVERSIDAD NACIONAL DE CANINDEYÚ,3- *,24163718376
28-UNIVERSIDADES NACIONALES,06-UNIVERSIDAD NACIONAL DE VILLARRICA DEL ESPIRITU SANTO,8- *,22493850288
22-GOBIERNOS DEPARTAMENTALES,03-GOBIERNO DEPARTAMENTAL DE CORDILLERA,"3- DICTAR ORDENANZAS, RESOLUCIONES Y PRESTAR ACUERDOS DEL DEPARTAMENTO.",22385547024
12-PODER EJECUTIVO,07-MINISTERIO DE EDUCACIÓN Y CULTURA,"4- - INFORME DE EVALUACIÓN DE TALLERES Y CURSOS. 
- DISEÑO DE UN PLAN ESTRATEGICO DEPARTAMENTAL.  
- ORGANIZACIÓNES JUVENILES ASISTIDAS. 
- FOROS JUVENILES EN LOS DISTINTOS DEPARTAMENTOS.
- INFORMES SOBRE JORNADAS JUVENILES INTER-MINISTERIALES.
- PUBLICACI (...)",21835817700
28-UNIVERSIDADES NACIONALES,08-UNIVERSIDAD NACIONAL DE CANINDEYÚ,4- *,21615953952
28-UNIVERSIDADES NACIONALES,08-UNIVERSIDAD NACIONAL DE CANINDEYÚ,2- *,21307459260
28-UNIVERSIDADES NACIONALES,06-UNIVERSIDAD NACIONAL DE VILLARRICA DEL ESPIRITU SANTO,2- *,21166942848
22-GOBIERNOS DEPARTAMENTALES,13-GOBIERNO DEPARTAMENTAL DE AMAMBAY,"2- -REDUCCIÓN DEL TIEMPO DE GESTION Y TRAMITES ADMINISTRATIVOS ESPERADOS.
-MEJORA EN LA CALIDAD DE LAS DECISIONES A NIVEL GERENCIAL IMPARTIDAS.
-MAYOR CREDIBILIDAD Y CONFIANZA DE LOS PROVEEDORES EN LOS PROCESOS DE ADQUISICIONES REALIZADAS.
-MEJORA EN LA CA (...)",20961786480
22-GOBIERNOS DEPARTAMENTALES,01-GOBIERNO DEPARTAMENTAL DE CONCEPCION,"2- -PROYECTOS DE LEYES, ORDENANZAS Y RESOLUCIONES DICTADAS.
-ACUERDOS Y CONVENIOS APROBADOS.",20435145900
12-PODER EJECUTIVO,08-MINISTERIO DE SALUD PÚBLICA Y BIENESTAR SOCIAL,18- *,19792320564
15-DEFENSORÍA DEL PUEBLO,01-DEFENSORÍA DEL PUEBLO,3- *,19197298836
22-GOBIERNOS DEPARTAMENTALES,06-GOBIERNO DEPARTAMENTAL DE CAAZAPÁ,"3- - DAR CUMPLIMIENTO A LAS FUNCIONES ESTIPULADAS EN LA LEY 426/94
- APOYO LOGÍSTICO PARA EL FUNCIONAMIENTO DE LA JUNTA",19131550488
14-CONTRALORÍA GENERAL DE LA REPÚBLICA,01-CONTRALORÍA GENERAL DE LA REPÚBLICA,1- FORTALECIMIENTO INSTITUCIONAL DE LA CONTRALORÍA GENERAL DE LA REPÚBLICA.,18263549028
12-PODER EJECUTIVO,01-PRESIDENCIA DE LA REPÚBLICA,25- ENCARGADA DE COORDINAR LAS ACTIVIDADES DE LOS MINISTERIOS QUE SE OCUPAN DE LOS SECTORES SOCIALES,18192312324
23-ENTES AUTÓNOMOS Y AUTÁRQUICOS,20-INSTITUTO FORESTAL NACIONAL,"3- ESTABLECER PROGRAMAS DE CAPACITACIÓN, ASIMISMO TRANSFERIR CONOCIMIENTOS Y TECNOLOGÍAS FORESTALES A PRODUCTORES, TÉCNICOS Y OTROS ACTORES INVOLUCRADOS EN EL SECTOR FORESTAL A TRAVÉS DE LA PROMOCIÓN Y EXTENSIÓN FORESTAL A FIN DE SUSTENTAR LOS PROCESOS DE  (...)",17648538912
22-GOBIERNOS DEPARTAMENTALES,17-GOBIERNO DEPARTAMENTAL DE ALTO PARAGUAY,2- *,17568023460
11-PODER LEGISLATIVO,01-CONGRESO NACIONAL,13- *,17404515480
28-UNIVERSIDADES NACIONALES,03-UNIVERSIDAD NACIONAL DE PILAR,3- *,17355555840
12-PODER EJECUTIVO,10-MINISTERIO DE AGRICULTURA Y GANADERÍA,"2- *
",17082000000
22-GOBIERNOS DEPARTAMENTALES,16-GOBIERNO DEPARTAMENTAL DE BOQUERON,"2- -REDUCCIÓN DEL TIEMPO DE GESTION Y TRAMITES ADMINISTRATIVOS ESPERADOS.
-MEJORA EN LA CALIDAD DE LAS DECISIONES A NIVEL GERENCIAL IMPARTIDAS.
-MAYOR CREDIBILIDAD Y CONFIANZA DE LOS PROVEEDORES EN LOS PROCESOS DE ADQUISICIONES REALIZADAS.
-MEJORA EN LA CA (...)",17074096080
22-GOBIERNOS DEPARTAMENTALES,12-GOBIERNO DEPARTAMENTAL DE ÑEEMBUCÚ,"2- DICTAR ORDENANZAS, RESOLUCIONES Y PRESTAR ACUERDOS DEL DEPARTAMENTO.",16372051992
13-PODER JUDICIAL,04-CONSEJO DE LA MAGISTRATURA,"1- MEJORAR LOS NIVELES DE GESTIÓN, EFICIENCIA Y EFICACIA.",16329600000
12-PODER EJECUTIVO,06-MINISTERIO DE HACIENDA,5- *,15900400800
12-PODER EJECUTIVO,06-MINISTERIO DE HACIENDA,19- *,15883411368
28-UNIVERSIDADES NACIONALES,06-UNIVERSIDAD NACIONAL DE VILLARRICA DEL ESPIRITU SANTO,13- *,15184382604
22-GOBIERNOS DEPARTAMENTALES,17-GOBIERNO DEPARTAMENTAL DE ALTO PARAGUAY,"2- -REDUCCIÓN DEL TIEMPO DE GESTION Y TRAMITES ADMINISTRATIVOS ESPERADOS.
-MEJORA EN LA CALIDAD DE LAS DECISIONES A NIVEL GERENCIAL IMPARTIDAS.
-MAYOR CREDIBILIDAD Y CONFIANZA DE LOS PROVEEDORES EN LOS PROCESOS DE ADQUISICIONES REALIZADAS.
-MEJORA EN LA CA (...)",15083958480
23-ENTES AUTÓNOMOS Y AUTÁRQUICOS,21-SECRETARÍA DEL AMBIENTE,5- *,14558003280
12-PODER EJECUTIVO,01-PRESIDENCIA DE LA REPÚBLICA,11- ACTIVIDADES REALIZADAS PARA PROTEGER LA INTEGRIDAD TERRITORIAL.,13670652372
22-GOBIERNOS DEPARTAMENTALES,10-GOBIERNO DEPARTAMENTAL DE ALTO PARANÁ,"3- -REDUCCIÓN DEL TIEMPO DE GESTION Y TRAMITES ADMINISTRATIVOS ESPERADOS.
-MEJORA EN LA CALIDAD DE LAS DECISIONES A NIVEL GERENCIAL IMPARTIDAS.
-MAYOR CREDIBILIDAD Y CONFIANZA DE LOS PROVEEDORES EN LOS PROCESOS DE ADQUISICIONES REALIZADAS.
-MEJORA EN LA CA (...)",12666247608
11-PODER LEGISLATIVO,03-CÁMARA DE DIPUTADOS,2- **,12281796000
28-UNIVERSIDADES NACIONALES,08-UNIVERSIDAD NACIONAL DE CANINDEYÚ,6- *,12197737752
12-PODER EJECUTIVO,10-MINISTERIO DE AGRICULTURA Y GANADERÍA,10- *,11995420140
11-PODER LEGISLATIVO,01-CONGRESO NACIONAL,10- -SESIONES ORDINARIAS Y EXTRAORDINARIAS REALIZADAS,11973000000
12-PODER EJECUTIVO,01-PRESIDENCIA DE LA REPÚBLICA,"20- INCORPORACIÓN DE LOS PROGRAMAS Y PROYECTOS DE LUCHA CONTRA LA POBREZA AL FONDO DE EQUIDAD SOCIAL (FES): RED DE PROTECCIÓN SOCIAL, PROGRAMAS EDUCATIVOS, PROGRAMAS DE SALUD, PROGRAMAS DE EMPLEO, INFRAESTRUCTURA BÁSICA, ENTRE OTROS.
FONDO DE EQUIDAD SOCIA (...)",11847570144
12-PODER EJECUTIVO,01-PRESIDENCIA DE LA REPÚBLICA,11- INSTITUCIONES Y ENTIDADES BENEFICIADAS,11609715816
12-PODER EJECUTIVO,01-PRESIDENCIA DE LA REPÚBLICA,"18- ACTOS OFICIALES Y PROTOCOLARES ORGANIZADOS Y COORDINADOS.
PLANES DE ACCION DE CONFERENCIAS U SEMILARES COORDINADOS Y EJECUTADOS.
PARTICIPACIÓN DE PROPUESTAS, PROGRAMAS, PLANES Y PROYECTOS.",11425324908
12-PODER EJECUTIVO,07-MINISTERIO DE EDUCACIÓN Y CULTURA,14- *,10381630884
28-UNIVERSIDADES NACIONALES,06-UNIVERSIDAD NACIONAL DE VILLARRICA DEL ESPIRITU SANTO,15- *,9501456516
13-PODER JUDICIAL,03-MINISTERIO PÚBLICO,1- PAGO DE LA DEUDA DEL PROYECTO PAR 97/017,9360000000
22-GOBIERNOS DEPARTAMENTALES,08-GOBIERNO DEPARTAMENTAL DE MISIONES,"2- -REDUCCIÓN DEL TIEMPO DE GESTION Y TRAMITES ADMINISTRATIVOS ESPERADOS.
-MEJORA EN LA CALIDAD DE LAS DECISIONES A NIVEL GERENCIAL IMPARTIDAS.
-MAYOR CREDIBILIDAD Y CONFIANZA DE LOS PROVEEDORES EN LOS PROCESOS DE ADQUISICIONES REALIZADAS.
-MEJORA EN LA CA (...)",9337072092
21-BANCA CENTRAL DEL ESTADO,01-BANCO CENTRAL DEL PARAGUAY,4- -CUMPLIMIENTO DE LAS OBLIGACIONES FINANCIERAS ASUMIDAS EN TIEMPO Y FORMA.,9004259676
22-GOBIERNOS DEPARTAMENTALES,07-GOBIERNO DEPARTAMENTAL DE ITAPUA,"8- -REDUCCIÓN DEL TIEMPO DE GESTIÓN Y TRÁMITES ADMINISTRATIVOS ESPERADOS.
-MEJORA EN LA CALIDAD DE LAS DECISIONES A NIVEL GERENCIAL IMPARTIDAS.
-MAYOR CREDIBILIDAD Y CONFIANZA DE LOS PROVEEDORES EN LOS PROCESOS DE ADQUISICIONES REALIZADAS.
-MEJORA EN LA CA (...)",8974369500
28-UNIVERSIDADES NACIONALES,06-UNIVERSIDAD NACIONAL DE VILLARRICA DEL ESPIRITU SANTO,14- *,8924559336
28-UNIVERSIDADES NACIONALES,03-UNIVERSIDAD NACIONAL DE PILAR,7- -ESPECIALIZACION DE PROFESIONALES,8843833236
28-UNIVERSIDADES NACIONALES,08-UNIVERSIDAD NACIONAL DE CANINDEYÚ,5- *,8431574796
12-PODER EJECUTIVO,05-MINISTERIO DE DEFENSA NACIONAL,20- *,7463704836
12-PODER EJECUTIVO,06-MINISTERIO DE HACIENDA,15- *,7395773160
12-PODER EJECUTIVO,05-MINISTERIO DE DEFENSA NACIONAL,8- *,7350826560
12-PODER EJECUTIVO,07-MINISTERIO DE EDUCACIÓN Y CULTURA,"5- - RECONOCIMIENTO DE PERSONERIA JURIDICA DE ENTIDADES RELIGIOSAS. 
- INSCRIPCIÓN Y RENOVACIÓN DE CERTIFICADOS A ENTIDADES RELIGIOSAS. 
- EMISIÓN DE CARNETS A RELIGIOSOS.
- TRÁMITES LEGALES PARA RADICACIÓN DE PASTORES EXTRANJEROS.
- IMPRESIÓN DE ESTATUTOS (...)",7222612044
23-ENTES AUTÓNOMOS Y AUTÁRQUICOS,17-INSTITUTO PARAGUAYO DE ARTESANIA,"1- OBTENER LA EFECTIVIDAD PARA EL LOGRO DE UNA ADMINISTRACIÓN EFICIENTE DE LOS RECURSOS HUMANOS, MATERIALES Y FINANCIEROS DISPONIBLES, CON LA REDUCCIÓN EN EL TIEMPO DE GESTIÓN Y TRÁMITES ADMINISTRATIVOS PARA BRINDAR UNA MEJORA EN LA CALIDAD Y ATENCIÓN.",6817446024
12-PODER EJECUTIVO,05-MINISTERIO DE DEFENSA NACIONAL,17- *,6567341220
22-GOBIERNOS DEPARTAMENTALES,09-GOBIERNO DEPARTAMENTAL DE PARAGUARÍ,"2- MEDIANTE LA CREACIÓN DE ESTE PROGRAMA SE PODRA CUMPLIR UNA ACTIVIDAD PROPIA Y ESPECIFICA OBTENIENDO INDEPENDENCIA EN LA APLICACIÓN DE LOS RECURSOS.
LOGRAR MAYOR EFICIENCIA MEDIANTE UNA MEJOR OPERATIVIDAD EN LA DISTRIBUCIÓN DE LOS RECURSOS DISPONIBLES ES (...)",6457662000
23-ENTES AUTÓNOMOS Y AUTÁRQUICOS,20-INSTITUTO FORESTAL NACIONAL,"1- ADMINISTRAR, PROMOVER Y DESARROLLAR CRITERIOS E INDICADORES PARA UN MANEJO FORESTAL SOSTENIBLE, AMPLIACIÓN Y UTILIZACIÓN RACIONAL DE LOS RECURSOS FORESTALES DEL PAÍS",6234181560
22-GOBIERNOS DEPARTAMENTALES,04-GOBIERNO DEPARTAMENTAL DE GUAIRÁ,"3- DAR CUMPLIMIENTO A LAS FUNCIONES ESTIPULADAS EN LA LEY 426/94
APOYO LOGÍSTICO PARA EL FUNCIONAMIENTO DE LA JUNTA",5816984448
22-GOBIERNOS DEPARTAMENTALES,15-GOBIERNO DEPARTAMENTAL DE PRESIDENTE HAYES,"2- DICTAR ORDENANZAS, RESOLUCIONES Y PRESTAR ACUERDOS DEL DEPARTAMENTO.",5656547772
12-PODER EJECUTIVO,05-MINISTERIO DE DEFENSA NACIONAL,19- *,5636292084
28-UNIVERSIDADES NACIONALES,03-UNIVERSIDAD NACIONAL DE PILAR,2- *,5604255000
22-GOBIERNOS DEPARTAMENTALES,14-GOBIERNO DEPARTAMENTAL DE CANINDEYU,"2- -REDUCCIÓN DEL TIEMPO DE GESTION Y TRAMITES ADMINISTRATIVOS ESPERADOS.
-MEJORA EN LA CALIDAD DE LAS DECISIONES A NIVEL GERENCIAL IMPARTIDAS.
-MAYOR CREDIBILIDAD Y CONFIANZA DE LOS PROVEEDORES EN LOS PROCESOS DE ADQUISICIONES REALIZADAS.
-MEJORA EN LA CA (...)",5234389440
12-PODER EJECUTIVO,06-MINISTERIO DE HACIENDA,"2- PYTO 1:
- IMPLEMENTACION DE 5 PYTOS. PILOTO DEL SISTEMA.
- CAPACITACION DE FUNCIONARIOS
- AUDITORIA DEL CIERRE DEL PYTO.
PYTO 2:
- 3 TALLERES DE RECOPILACION DE REQUERIMIENTOS DEL SIST.
- AJUSTES SOBRE REQUERIMIENTOS DEL SIST.
- CONTRATACION DE CONSULTO (...)",4507489224
22-GOBIERNOS DEPARTAMENTALES,12-GOBIERNO DEPARTAMENTAL DE ÑEEMBUCÚ,3- *,4476933324
12-PODER EJECUTIVO,07-MINISTERIO DE EDUCACIÓN Y CULTURA,"7- - ESTUDIOS DE PROYECTOS PARA CREACION DE UNIVERSIDADES.
- HABILITACION DE NUEVAS CARRERAS UNIVERSITARIAS.
- APERTURA DE FILIALES DE LAS UNIVERSIDADES PRIVADAS Y PUBLICAS.
- EVALUACIÓN DE LAS ACTIVIDADES UNIVERSITARIAS A NIVEL NACIONAL. 
- APROBACIÓN DE  (...)",4218167232
22-GOBIERNOS DEPARTAMENTALES,05-GOBIERNO DEPARTAMENTAL DE CAAGUAZÚ,2- -REDUCCIÓN DEL TIEMPO DE GESTION Y TRAMITES ADMINISTRATIVOS ESPERADOS.,4066980000
12-PODER EJECUTIVO,05-MINISTERIO DE DEFENSA NACIONAL,5- - NUMERO DE VETERANOS ASISTIDOS,3062141268
24-ENTIDADES PÚBLICAS DE SEGURIDAD SOCIAL,02-CAJA DE SEGURIDAD SOCIAL DE EMPLEADOS Y OBREROS FERROVIARIOS,"1- -TIEMPO EMPLEADO EN LOS TRÁMITES ADMINISTRATIVOS.
-CALIDAD DE LAS DECISIONES TOMADAS A NIVEL GERENCIAL.
-CREDIBILIDAD Y CONFIANZA DE LOS PROVEEDORES EN LOS PROCESOS DE ADQUISICIONES REALIZADAS.
",2990808384
12-PODER EJECUTIVO,01-PRESIDENCIA DE LA REPÚBLICA,34- N/A,2892361824
28-UNIVERSIDADES NACIONALES,07-UNIVERSIDAD NACIONAL DE CAAGUAZU,9- *,2879683308
22-GOBIERNOS DEPARTAMENTALES,13-GOBIERNO DEPARTAMENTAL DE AMAMBAY,2- *,2540710116
12-PODER EJECUTIVO,05-MINISTERIO DE DEFENSA NACIONAL,18- *,2272319688
13-PODER JUDICIAL,04-CONSEJO DE LA MAGISTRATURA,1- *,1083300000
22-GOBIERNOS DEPARTAMENTALES,12-GOBIERNO DEPARTAMENTAL DE ÑEEMBUCÚ,2- *,962676192
28-UNIVERSIDADES NACIONALES,07-UNIVERSIDAD NACIONAL DE CAAGUAZU,10- *,945927840
12-PODER EJECUTIVO,10-MINISTERIO DE AGRICULTURA Y GANADERÍA,1- *,0
